-- --------------------------------------------------------
-- 主机:                           127.0.0.1
-- 服务器版本:                        8.4.4 - MySQL Community Server - GPL
-- 服务器操作系统:                      Win64
-- HeidiSQL 版本:                  12.10.0.7000
-- --------------------------------------------------------

/*!40101 SET @OLD_CHARACTER_SET_CLIENT=@@CHARACTER_SET_CLIENT */;
/*!40101 SET NAMES utf8 */;
/*!50503 SET NAMES utf8mb4 */;
/*!40103 SET @OLD_TIME_ZONE=@@TIME_ZONE */;
/*!40103 SET TIME_ZONE='+00:00' */;
/*!40014 SET @OLD_FOREIGN_KEY_CHECKS=@@FOREIGN_KEY_CHECKS, FOREIGN_KEY_CHECKS=0 */;
/*!40101 SET @OLD_SQL_MODE=@@SQL_MODE, SQL_MODE='NO_AUTO_VALUE_ON_ZERO' */;
/*!40111 SET @OLD_SQL_NOTES=@@SQL_NOTES, SQL_NOTES=0 */;

-- 正在导出表  student_score_admin.class_info 的数据：~3 rows (大约)
REPLACE INTO `class_info` (`id`, `class_code`, `class_name`, `major`, `grade`, `head_teacher_id`, `create_time`, `update_time`, `is_deleted`) VALUES
	(1, 'G3-01', '高三1班', '理科', '2026', 1, '2026-06-11 20:38:23', '2026-06-11 20:38:23', 0),
	(2, 'G3-02', '高三2班', '理科', '2026', 2, '2026-06-11 20:38:23', '2026-06-11 20:38:23', 0),
	(3, 'G3-03', '高三3班', '文科', '2026', 3, '2026-06-11 20:38:23', '2026-06-11 20:38:23', 0);

-- 正在导出表  student_score_admin.course 的数据：~9 rows (大约)
REPLACE INTO `course` (`id`, `course_code`, `course_name`, `credit`, `teacher_id`, `academic_year`, `semester`, `course_type`, `create_time`, `update_time`, `is_deleted`) VALUES
	(1, 'CHN101', '语文', 5.0, 1, '2025-2026', '第一学期', '必修', '2026-06-11 20:38:23', '2026-06-11 20:38:23', 0),
	(2, 'MATH101', '数学', 5.0, 2, '2025-2026', '第一学期', '必修', '2026-06-11 20:38:23', '2026-06-11 20:38:23', 0),
	(3, 'ENG101', '英语', 5.0, 3, '2025-2026', '第一学期', '必修', '2026-06-11 20:38:23', '2026-06-11 20:38:23', 0),
	(4, 'PHY101', '物理', 4.0, 4, '2025-2026', '第一学期', '选修', '2026-06-11 20:38:23', '2026-06-11 20:38:23', 0),
	(5, 'CHE101', '化学', 4.0, 5, '2025-2026', '第一学期', '选修', '2026-06-11 20:38:23', '2026-06-11 20:38:23', 0),
	(6, 'BIO101', '生物', 3.0, 6, '2025-2026', '第一学期', '选修', '2026-06-11 20:38:23', '2026-06-11 20:38:23', 0),
	(7, 'HIS101', '历史', 3.0, 7, '2025-2026', '第一学期', '选修', '2026-06-11 20:38:23', '2026-06-11 20:38:23', 0),
	(8, 'GEO101', '地理', 3.0, 8, '2025-2026', '第一学期', '选修', '2026-06-11 20:38:23', '2026-06-11 20:38:23', 0),
	(9, 'POL101', '政治', 3.0, 9, '2025-2026', '第一学期', '选修', '2026-06-11 20:38:23', '2026-06-11 20:38:23', 0),
	-- 2025-2026 第二学期
	(10, 'CHN25201', '语文', 5.0, 1, '2025-2026', '第二学期', '必修', '2026-06-11 20:38:23', '2026-06-11 20:38:23', 0),
	(11, 'MATH25201', '数学', 5.0, 2, '2025-2026', '第二学期', '必修', '2026-06-11 20:38:23', '2026-06-11 20:38:23', 0),
	(12, 'ENG25201', '英语', 5.0, 3, '2025-2026', '第二学期', '必修', '2026-06-11 20:38:23', '2026-06-11 20:38:23', 0),
	(13, 'PHY25201', '物理', 4.0, 4, '2025-2026', '第二学期', '选修', '2026-06-11 20:38:23', '2026-06-11 20:38:23', 0),
	(14, 'CHE25201', '化学', 4.0, 5, '2025-2026', '第二学期', '选修', '2026-06-11 20:38:23', '2026-06-11 20:38:23', 0),
	(15, 'BIO25201', '生物', 3.0, 6, '2025-2026', '第二学期', '选修', '2026-06-11 20:38:23', '2026-06-11 20:38:23', 0),
	(16, 'HIS25201', '历史', 3.0, 7, '2025-2026', '第二学期', '选修', '2026-06-11 20:38:23', '2026-06-11 20:38:23', 0),
	(17, 'GEO25201', '地理', 3.0, 8, '2025-2026', '第二学期', '选修', '2026-06-11 20:38:23', '2026-06-11 20:38:23', 0),
	(18, 'POL25201', '政治', 3.0, 9, '2025-2026', '第二学期', '选修', '2026-06-11 20:38:23', '2026-06-11 20:38:23', 0),
	-- 2024-2025 第一学期
	(19, 'CHN24101', '语文', 5.0, 1, '2024-2025', '第一学期', '必修', '2026-06-11 20:38:23', '2026-06-11 20:38:23', 0),
	(20, 'MATH24101', '数学', 5.0, 2, '2024-2025', '第一学期', '必修', '2026-06-11 20:38:23', '2026-06-11 20:38:23', 0),
	(21, 'ENG24101', '英语', 5.0, 3, '2024-2025', '第一学期', '必修', '2026-06-11 20:38:23', '2026-06-11 20:38:23', 0),
	(22, 'PHY24101', '物理', 4.0, 4, '2024-2025', '第一学期', '选修', '2026-06-11 20:38:23', '2026-06-11 20:38:23', 0),
	(23, 'CHE24101', '化学', 4.0, 5, '2024-2025', '第一学期', '选修', '2026-06-11 20:38:23', '2026-06-11 20:38:23', 0),
	(24, 'BIO24101', '生物', 3.0, 6, '2024-2025', '第一学期', '选修', '2026-06-11 20:38:23', '2026-06-11 20:38:23', 0),
	(25, 'HIS24101', '历史', 3.0, 7, '2024-2025', '第一学期', '选修', '2026-06-11 20:38:23', '2026-06-11 20:38:23', 0),
	(26, 'GEO24101', '地理', 3.0, 8, '2024-2025', '第一学期', '选修', '2026-06-11 20:38:23', '2026-06-11 20:38:23', 0),
	(27, 'POL24101', '政治', 3.0, 9, '2024-2025', '第一学期', '选修', '2026-06-11 20:38:23', '2026-06-11 20:38:23', 0),
	-- 2024-2025 第二学期
	(28, 'CHN24201', '语文', 5.0, 1, '2024-2025', '第二学期', '必修', '2026-06-11 20:38:23', '2026-06-11 20:38:23', 0),
	(29, 'MATH24201', '数学', 5.0, 2, '2024-2025', '第二学期', '必修', '2026-06-11 20:38:23', '2026-06-11 20:38:23', 0),
	(30, 'ENG24201', '英语', 5.0, 3, '2024-2025', '第二学期', '必修', '2026-06-11 20:38:23', '2026-06-11 20:38:23', 0),
	(31, 'PHY24201', '物理', 4.0, 4, '2024-2025', '第二学期', '选修', '2026-06-11 20:38:23', '2026-06-11 20:38:23', 0),
	(32, 'CHE24201', '化学', 4.0, 5, '2024-2025', '第二学期', '选修', '2026-06-11 20:38:23', '2026-06-11 20:38:23', 0),
	(33, 'BIO24201', '生物', 3.0, 6, '2024-2025', '第二学期', '选修', '2026-06-11 20:38:23', '2026-06-11 20:38:23', 0),
	(34, 'HIS24201', '历史', 3.0, 7, '2024-2025', '第二学期', '选修', '2026-06-11 20:38:23', '2026-06-11 20:38:23', 0),
	(35, 'GEO24201', '地理', 3.0, 8, '2024-2025', '第二学期', '选修', '2026-06-11 20:38:23', '2026-06-11 20:38:23', 0),
	(36, 'POL24201', '政治', 3.0, 9, '2024-2025', '第二学期', '选修', '2026-06-11 20:38:23', '2026-06-11 20:38:23', 0),
	-- 2023-2024 第一学期
	(37, 'CHN23101', '语文', 5.0, 1, '2023-2024', '第一学期', '必修', '2026-06-11 20:38:23', '2026-06-11 20:38:23', 0),
	(38, 'MATH23101', '数学', 5.0, 2, '2023-2024', '第一学期', '必修', '2026-06-11 20:38:23', '2026-06-11 20:38:23', 0),
	(39, 'ENG23101', '英语', 5.0, 3, '2023-2024', '第一学期', '必修', '2026-06-11 20:38:23', '2026-06-11 20:38:23', 0),
	(40, 'PHY23101', '物理', 4.0, 4, '2023-2024', '第一学期', '选修', '2026-06-11 20:38:23', '2026-06-11 20:38:23', 0),
	(41, 'CHE23101', '化学', 4.0, 5, '2023-2024', '第一学期', '选修', '2026-06-11 20:38:23', '2026-06-11 20:38:23', 0),
	(42, 'BIO23101', '生物', 3.0, 6, '2023-2024', '第一学期', '选修', '2026-06-11 20:38:23', '2026-06-11 20:38:23', 0),
	(43, 'HIS23101', '历史', 3.0, 7, '2023-2024', '第一学期', '选修', '2026-06-11 20:38:23', '2026-06-11 20:38:23', 0),
	(44, 'GEO23101', '地理', 3.0, 8, '2023-2024', '第一学期', '选修', '2026-06-11 20:38:23', '2026-06-11 20:38:23', 0),
	(45, 'POL23101', '政治', 3.0, 9, '2023-2024', '第一学期', '选修', '2026-06-11 20:38:23', '2026-06-11 20:38:23', 0),
	-- 2023-2024 第二学期
	(46, 'CHN23201', '语文', 5.0, 1, '2023-2024', '第二学期', '必修', '2026-06-11 20:38:23', '2026-06-11 20:38:23', 0),
	(47, 'MATH23201', '数学', 5.0, 2, '2023-2024', '第二学期', '必修', '2026-06-11 20:38:23', '2026-06-11 20:38:23', 0),
	(48, 'ENG23201', '英语', 5.0, 3, '2023-2024', '第二学期', '必修', '2026-06-11 20:38:23', '2026-06-11 20:38:23', 0),
	(49, 'PHY23201', '物理', 4.0, 4, '2023-2024', '第二学期', '选修', '2026-06-11 20:38:23', '2026-06-11 20:38:23', 0),
	(50, 'CHE23201', '化学', 4.0, 5, '2023-2024', '第二学期', '选修', '2026-06-11 20:38:23', '2026-06-11 20:38:23', 0),
	(51, 'BIO23201', '生物', 3.0, 6, '2023-2024', '第二学期', '选修', '2026-06-11 20:38:23', '2026-06-11 20:38:23', 0),
	(52, 'HIS23201', '历史', 3.0, 7, '2023-2024', '第二学期', '选修', '2026-06-11 20:38:23', '2026-06-11 20:38:23', 0),
	(53, 'GEO23201', '地理', 3.0, 8, '2023-2024', '第二学期', '选修', '2026-06-11 20:38:23', '2026-06-11 20:38:23', 0),
	(54, 'POL23201', '政治', 3.0, 9, '2023-2024', '第二学期', '选修', '2026-06-11 20:38:23', '2026-06-11 20:38:23', 0);

-- 正在导出表  student_score_admin.score_record 的数据：~320 rows (大约)
REPLACE INTO `score_record` (`id`, `student_id`, `course_id`, `score_value`, `exam_type`, `remark`, `create_time`, `update_time`, `is_deleted`) VALUES
	(2, 1, 4, 88.00, '期末', '正常成绩', '2026-06-11 20:38:23', '2026-06-11 20:38:23', 0),
	(3, 1, 2, 55.00, '期末', '正常成绩', '2026-06-11 20:38:23', '2026-06-14 16:42:09', 0),
	(4, 1, 3, 78.00, '期末', '正常成绩', '2026-06-11 20:38:23', '2026-06-11 20:38:23', 0),
	(5, 1, 1, 85.00, '期末', '正常成绩', '2026-06-11 20:38:23', '2026-06-11 20:38:23', 0),
	(6, 1, 5, 81.00, '期末', '正常成绩', '2026-06-11 20:38:23', '2026-06-11 20:38:23', 0),
	(7, 1, 6, 79.00, '期末', '正常成绩', '2026-06-11 20:38:23', '2026-06-11 20:38:23', 0),
	(9, 2, 4, 58.00, '期末', '正常成绩', '2026-06-11 20:38:23', '2026-06-14 16:42:09', 0),
	(10, 2, 2, 87.00, '期末', '正常成绩', '2026-06-11 20:38:23', '2026-06-11 20:38:23', 0),
	(11, 2, 3, 94.00, '期末', '正常成绩', '2026-06-11 20:38:23', '2026-06-11 20:38:23', 0),
	(12, 2, 1, 91.00, '期末', '正常成绩', '2026-06-11 20:38:23', '2026-06-11 20:38:23', 0),
	(13, 2, 5, 89.00, '期末', '正常成绩', '2026-06-11 20:38:23', '2026-06-11 20:38:23', 0),
	(14, 2, 6, 92.00, '期末', '正常成绩', '2026-06-11 20:38:23', '2026-06-11 20:38:23', 0),
	(16, 3, 4, 65.00, '期末', '正常成绩', '2026-06-11 20:38:23', '2026-06-14 16:42:09', 0),
	(17, 3, 2, 95.00, '期末', '正常成绩', '2026-06-11 20:38:23', '2026-06-11 20:38:23', 0),
	(18, 3, 3, 82.00, '期末', '正常成绩', '2026-06-11 20:38:23', '2026-06-11 20:38:23', 0),
	(19, 3, 1, 76.00, '期末', '正常成绩', '2026-06-11 20:38:23', '2026-06-11 20:38:23', 0),
	(20, 3, 5, 88.00, '期末', '正常成绩', '2026-06-11 20:38:23', '2026-06-11 20:38:23', 0),
	(21, 3, 6, 84.00, '期末', '正常成绩', '2026-06-11 20:38:23', '2026-06-11 20:38:23', 0),
	(23, 4, 4, 86.00, '期末', '正常成绩', '2026-06-11 20:38:23', '2026-06-11 20:38:23', 0),
	(24, 4, 2, 79.00, '期末', '正常成绩', '2026-06-11 20:38:23', '2026-06-11 20:38:23', 0),
	(25, 4, 3, 93.00, '期末', '正常成绩', '2026-06-11 20:38:23', '2026-06-11 20:38:23', 0),
	(26, 4, 1, 88.00, '期末', '正常成绩', '2026-06-11 20:38:23', '2026-06-11 20:38:23', 0),
	(27, 4, 5, 90.00, '期末', '正常成绩', '2026-06-11 20:38:23', '2026-06-11 20:38:23', 0),
	(28, 4, 6, 87.00, '期末', '正常成绩', '2026-06-11 20:38:23', '2026-06-11 20:38:23', 0),
	(30, 5, 4, 94.00, '期末', '正常成绩', '2026-06-11 20:38:23', '2026-06-11 20:38:23', 0),
	(31, 5, 2, 91.00, '期末', '正常成绩', '2026-06-11 20:38:23', '2026-06-11 20:38:23', 0),
	(32, 5, 3, 79.00, '期末', '正常成绩', '2026-06-11 20:38:23', '2026-06-11 20:38:23', 0),
	(33, 5, 1, 82.00, '期末', '正常成绩', '2026-06-11 20:38:23', '2026-06-11 20:38:23', 0),
	(34, 5, 5, 85.00, '期末', '正常成绩', '2026-06-11 20:38:23', '2026-06-11 20:38:23', 0),
	(35, 5, 6, 88.00, '期末', '正常成绩', '2026-06-11 20:38:23', '2026-06-11 20:38:23', 0),
	(37, 6, 4, 79.00, '期末', '正常成绩', '2026-06-11 20:38:23', '2026-06-11 20:38:23', 0),
	(38, 6, 2, 84.00, '期末', '正常成绩', '2026-06-11 20:38:23', '2026-06-11 20:38:23', 0),
	(39, 6, 3, 88.00, '期末', '正常成绩', '2026-06-11 20:38:23', '2026-06-11 20:38:23', 0),
	(40, 6, 1, 90.00, '期末', '正常成绩', '2026-06-11 20:38:23', '2026-06-11 20:38:23', 0),
	(41, 6, 5, 92.00, '期末', '正常成绩', '2026-06-11 20:38:23', '2026-06-11 20:38:23', 0),
	(42, 6, 6, 86.00, '期末', '正常成绩', '2026-06-11 20:38:23', '2026-06-11 20:38:23', 0),
	(44, 7, 4, 84.00, '期末', '正常成绩', '2026-06-11 20:38:23', '2026-06-11 20:38:23', 0),
	(45, 7, 2, 88.00, '期末', '正常成绩', '2026-06-11 20:38:23', '2026-06-11 20:38:23', 0),
	(46, 7, 3, 91.00, '期末', '正常成绩', '2026-06-11 20:38:23', '2026-06-11 20:38:23', 0),
	(47, 7, 1, 95.00, '期末', '正常成绩', '2026-06-11 20:38:23', '2026-06-11 20:38:23', 0),
	(48, 7, 5, 87.00, '期末', '正常成绩', '2026-06-11 20:38:23', '2026-06-11 20:38:23', 0),
	(49, 7, 6, 93.00, '期末', '正常成绩', '2026-06-11 20:38:23', '2026-06-11 20:38:23', 0),
	(51, 8, 4, 90.00, '期末', '正常成绩', '2026-06-11 20:38:23', '2026-06-11 20:38:23', 0),
	(52, 8, 2, 93.00, '期末', '正常成绩', '2026-06-11 20:38:23', '2026-06-11 20:38:23', 0),
	(53, 8, 3, 85.00, '期末', '正常成绩', '2026-06-11 20:38:23', '2026-06-11 20:38:23', 0),
	(54, 8, 1, 80.00, '期末', '正常成绩', '2026-06-11 20:38:23', '2026-06-11 20:38:23', 0),
	(55, 8, 5, 82.00, '期末', '正常成绩', '2026-06-11 20:38:23', '2026-06-11 20:38:23', 0),
	(56, 8, 6, 88.00, '期末', '正常成绩', '2026-06-11 20:38:23', '2026-06-11 20:38:23', 0),
	(58, 9, 4, 87.00, '期末', '正常成绩', '2026-06-11 20:38:23', '2026-06-11 20:38:23', 0),
	(59, 9, 2, 81.00, '期末', '正常成绩', '2026-06-11 20:38:23', '2026-06-11 20:38:23', 0),
	(60, 9, 3, 96.00, '期末', '正常成绩', '2026-06-11 20:38:23', '2026-06-11 20:38:23', 0),
	(61, 9, 1, 89.00, '期末', '正常成绩', '2026-06-11 20:38:23', '2026-06-11 20:38:23', 0),
	(62, 9, 5, 90.00, '期末', '正常成绩', '2026-06-11 20:38:23', '2026-06-11 20:38:23', 0),
	(63, 9, 6, 85.00, '期末', '正常成绩', '2026-06-11 20:38:23', '2026-06-11 20:38:23', 0),
	(65, 10, 4, 92.00, '期末', '正常成绩', '2026-06-11 20:38:23', '2026-06-11 20:38:23', 0),
	(66, 10, 2, 90.00, '期末', '正常成绩', '2026-06-11 20:38:23', '2026-06-11 20:38:23', 0),
	(67, 10, 3, 87.00, '期末', '正常成绩', '2026-06-11 20:38:23', '2026-06-11 20:38:23', 0),
	(68, 10, 1, 93.00, '期末', '正常成绩', '2026-06-11 20:38:23', '2026-06-11 20:38:23', 0),
	(69, 10, 5, 86.00, '期末', '正常成绩', '2026-06-11 20:38:23', '2026-06-11 20:38:23', 0),
	(70, 10, 6, 91.00, '期末', '正常成绩', '2026-06-11 20:38:23', '2026-06-11 20:38:23', 0),
	(72, 11, 4, 82.00, '期末', '正常成绩', '2026-06-11 20:38:23', '2026-06-11 20:38:23', 0),
	(73, 11, 2, 85.00, '期末', '正常成绩', '2026-06-11 20:38:23', '2026-06-11 20:38:23', 0),
	(74, 11, 3, 49.00, '期末', '正常成绩', '2026-06-11 20:38:23', '2026-06-14 16:42:09', 0),
	(75, 11, 1, 78.00, '期末', '正常成绩', '2026-06-11 20:38:23', '2026-06-11 20:38:23', 0),
	(76, 11, 5, 88.00, '期末', '正常成绩', '2026-06-11 20:38:23', '2026-06-11 20:38:23', 0),
	(77, 11, 6, 91.00, '期末', '正常成绩', '2026-06-11 20:38:23', '2026-06-11 20:38:23', 0),
	(79, 12, 4, 89.00, '期末', '正常成绩', '2026-06-11 20:38:23', '2026-06-11 20:38:23', 0),
	(80, 12, 2, 79.00, '期末', '正常成绩', '2026-06-11 20:38:23', '2026-06-11 20:38:23', 0),
	(81, 12, 3, 84.00, '期末', '正常成绩', '2026-06-11 20:38:23', '2026-06-11 20:38:23', 0),
	(82, 12, 1, 92.00, '期末', '正常成绩', '2026-06-11 20:38:23', '2026-06-11 20:38:23', 0),
	(83, 12, 5, 53.00, '期末', '正常成绩', '2026-06-11 20:38:23', '2026-06-14 16:42:09', 0),
	(84, 12, 6, 87.00, '期末', '正常成绩', '2026-06-11 20:38:23', '2026-06-11 20:38:23', 0),
	(86, 13, 4, 98.00, '期末', '正常成绩', '2026-06-11 20:38:23', '2026-06-14 16:42:09', 0),
	(87, 13, 2, 94.00, '期末', '正常成绩', '2026-06-11 20:38:23', '2026-06-11 20:38:23', 0),
	(88, 13, 3, 77.00, '期末', '正常成绩', '2026-06-11 20:38:23', '2026-06-11 20:38:23', 0),
	(89, 13, 1, 86.00, '期末', '正常成绩', '2026-06-11 20:38:23', '2026-06-11 20:38:23', 0),
	(90, 13, 5, 85.00, '期末', '正常成绩', '2026-06-11 20:38:23', '2026-06-11 20:38:23', 0),
	(91, 13, 6, 89.00, '期末', '正常成绩', '2026-06-11 20:38:23', '2026-06-11 20:38:23', 0),
	(93, 14, 4, 80.00, '期末', '正常成绩', '2026-06-11 20:38:23', '2026-06-11 20:38:23', 0),
	(94, 14, 2, 83.00, '期末', '正常成绩', '2026-06-11 20:38:23', '2026-06-11 20:38:23', 0),
	(95, 14, 3, 95.00, '期末', '正常成绩', '2026-06-11 20:38:23', '2026-06-11 20:38:23', 0),
	(96, 14, 1, 88.00, '期末', '正常成绩', '2026-06-11 20:38:23', '2026-06-11 20:38:23', 0),
	(97, 14, 5, 92.00, '期末', '正常成绩', '2026-06-11 20:38:23', '2026-06-11 20:38:23', 0),
	(98, 14, 6, 86.00, '期末', '正常成绩', '2026-06-11 20:38:23', '2026-06-11 20:38:23', 0),
	(100, 15, 4, 93.00, '期末', '正常成绩', '2026-06-11 20:38:23', '2026-06-11 20:38:23', 0),
	(101, 15, 2, 90.00, '期末', '正常成绩', '2026-06-11 20:38:23', '2026-06-11 20:38:23', 0),
	(102, 15, 3, 88.00, '期末', '正常成绩', '2026-06-11 20:38:23', '2026-06-11 20:38:23', 0),
	(103, 15, 1, 81.00, '期末', '正常成绩', '2026-06-11 20:38:23', '2026-06-11 20:38:23', 0),
	(104, 15, 5, 79.00, '期末', '正常成绩', '2026-06-11 20:38:23', '2026-06-11 20:38:23', 0),
	(105, 15, 6, 94.00, '期末', '正常成绩', '2026-06-11 20:38:23', '2026-06-11 20:38:23', 0),
	(107, 16, 4, 87.00, '期末', '正常成绩', '2026-06-11 20:38:23', '2026-06-11 20:38:23', 0),
	(108, 16, 2, 86.00, '期末', '正常成绩', '2026-06-11 20:38:23', '2026-06-11 20:38:23', 0),
	(109, 16, 3, 91.00, '期末', '正常成绩', '2026-06-11 20:38:23', '2026-06-11 20:38:23', 0),
	(110, 16, 1, 94.00, '期末', '正常成绩', '2026-06-11 20:38:23', '2026-06-11 20:38:23', 0),
	(111, 16, 5, 84.00, '期末', '正常成绩', '2026-06-11 20:38:23', '2026-06-11 20:38:23', 0),
	(112, 16, 6, 90.00, '期末', '正常成绩', '2026-06-11 20:38:23', '2026-06-11 20:38:23', 0),
	(114, 17, 4, 96.00, '期末', '正常成绩', '2026-06-11 20:38:23', '2026-06-11 20:38:23', 0),
	(115, 17, 2, 92.00, '期末', '正常成绩', '2026-06-11 20:38:23', '2026-06-11 20:38:23', 0),
	(116, 17, 3, 83.00, '期末', '正常成绩', '2026-06-11 20:38:23', '2026-06-11 20:38:23', 0),
	(117, 17, 1, 77.00, '期末', '正常成绩', '2026-06-11 20:38:23', '2026-06-11 20:38:23', 0),
	(118, 17, 5, 88.00, '期末', '正常成绩', '2026-06-11 20:38:23', '2026-06-11 20:38:23', 0),
	(119, 17, 6, 81.00, '期末', '正常成绩', '2026-06-11 20:38:23', '2026-06-11 20:38:23', 0),
	(121, 18, 4, 85.00, '期末', '正常成绩', '2026-06-11 20:38:23', '2026-06-11 20:38:23', 0),
	(122, 18, 2, 84.00, '期末', '正常成绩', '2026-06-11 20:38:23', '2026-06-11 20:38:23', 0),
	(123, 18, 3, 89.00, '期末', '正常成绩', '2026-06-11 20:38:23', '2026-06-11 20:38:23', 0),
	(124, 18, 1, 90.00, '期末', '正常成绩', '2026-06-11 20:38:23', '2026-06-11 20:38:23', 0),
	(125, 18, 5, 91.00, '期末', '正常成绩', '2026-06-11 20:38:23', '2026-06-11 20:38:23', 0),
	(126, 18, 6, 77.00, '期末', '正常成绩', '2026-06-11 20:38:23', '2026-06-11 20:38:23', 0),
	(128, 19, 4, 89.00, '期末', '正常成绩', '2026-06-11 20:38:23', '2026-06-11 20:38:23', 0),
	(129, 19, 2, 95.00, '期末', '正常成绩', '2026-06-11 20:38:23', '2026-06-11 20:38:23', 0),
	(130, 19, 3, 80.00, '期末', '正常成绩', '2026-06-11 20:38:23', '2026-06-11 20:38:23', 0),
	(131, 19, 1, 87.00, '期末', '正常成绩', '2026-06-11 20:38:23', '2026-06-11 20:38:23', 0),
	(132, 19, 5, 94.00, '期末', '正常成绩', '2026-06-11 20:38:23', '2026-06-11 20:38:23', 0),
	(133, 19, 6, 83.00, '期末', '正常成绩', '2026-06-11 20:38:23', '2026-06-11 20:38:23', 0),
	(135, 20, 4, 92.00, '期末', '正常成绩', '2026-06-11 20:38:23', '2026-06-11 20:38:23', 0),
	(136, 20, 2, 82.00, '期末', '正常成绩', '2026-06-11 20:38:23', '2026-06-11 20:38:23', 0),
	(137, 20, 3, 86.00, '期末', '正常成绩', '2026-06-11 20:38:23', '2026-06-11 20:38:23', 0),
	(138, 20, 1, 91.00, '期末', '正常成绩', '2026-06-11 20:38:23', '2026-06-11 20:38:23', 0),
	(139, 20, 5, 87.00, '期末', '正常成绩', '2026-06-11 20:38:23', '2026-06-11 20:38:23', 0),
	(140, 20, 6, 90.00, '期末', '正常成绩', '2026-06-11 20:38:23', '2026-06-11 20:38:23', 0),
	(141, 21, 9, 91.00, '期末', '正常成绩', '2026-06-11 20:38:23', '2026-06-11 20:38:23', 0),
	(143, 21, 2, 76.00, '期末', '正常成绩', '2026-06-11 20:38:23', '2026-06-11 20:38:23', 0),
	(144, 21, 3, 94.00, '期末', '正常成绩', '2026-06-11 20:38:23', '2026-06-11 20:38:23', 0),
	(145, 21, 1, 89.00, '期末', '正常成绩', '2026-06-11 20:38:23', '2026-06-11 20:38:23', 0),
	(148, 22, 9, 59.00, '期末', '正常成绩', '2026-06-11 20:38:23', '2026-06-14 16:42:09', 0),
	(150, 22, 2, 88.00, '期末', '正常成绩', '2026-06-11 20:38:23', '2026-06-11 20:38:23', 0),
	(151, 22, 3, 79.00, '期末', '正常成绩', '2026-06-11 20:38:23', '2026-06-11 20:38:23', 0),
	(152, 22, 1, 93.00, '期末', '正常成绩', '2026-06-11 20:38:23', '2026-06-11 20:38:23', 0),
	(155, 23, 9, 90.00, '期末', '正常成绩', '2026-06-11 20:38:23', '2026-06-11 20:38:23', 0),
	(157, 23, 2, 91.00, '期末', '正常成绩', '2026-06-11 20:38:23', '2026-06-11 20:38:23', 0),
	(158, 23, 3, 87.00, '期末', '正常成绩', '2026-06-11 20:38:23', '2026-06-11 20:38:23', 0),
	(159, 23, 1, 84.00, '期末', '正常成绩', '2026-06-11 20:38:23', '2026-06-11 20:38:23', 0),
	(162, 24, 9, 94.00, '期末', '正常成绩', '2026-06-11 20:38:23', '2026-06-11 20:38:23', 0),
	(164, 24, 2, 85.00, '期末', '正常成绩', '2026-06-11 20:38:23', '2026-06-11 20:38:23', 0),
	(165, 24, 3, 92.00, '期末', '正常成绩', '2026-06-11 20:38:23', '2026-06-11 20:38:23', 0),
	(166, 24, 1, 96.00, '期末', '正常成绩', '2026-06-11 20:38:23', '2026-06-11 20:38:23', 0),
	(169, 25, 9, 82.00, '期末', '正常成绩', '2026-06-11 20:38:23', '2026-06-11 20:38:23', 0),
	(171, 25, 2, 94.00, '期末', '正常成绩', '2026-06-11 20:38:23', '2026-06-11 20:38:23', 0),
	(172, 25, 3, 83.00, '期末', '正常成绩', '2026-06-11 20:38:23', '2026-06-11 20:38:23', 0),
	(173, 25, 1, 80.00, '期末', '正常成绩', '2026-06-11 20:38:23', '2026-06-11 20:38:23', 0),
	(176, 26, 9, 91.00, '期末', '正常成绩', '2026-06-11 20:38:23', '2026-06-11 20:38:23', 0),
	(178, 26, 2, 89.00, '期末', '正常成绩', '2026-06-11 20:38:23', '2026-06-11 20:38:23', 0),
	(179, 26, 3, 95.00, '期末', '正常成绩', '2026-06-11 20:38:23', '2026-06-11 20:38:23', 0),
	(180, 26, 1, 86.00, '期末', '正常成绩', '2026-06-11 20:38:23', '2026-06-11 20:38:23', 0),
	(183, 27, 9, 86.00, '期末', '正常成绩', '2026-06-11 20:38:23', '2026-06-11 20:38:23', 0),
	(185, 27, 2, 81.00, '期末', '正常成绩', '2026-06-11 20:38:23', '2026-06-11 20:38:23', 0),
	(186, 27, 3, 90.00, '期末', '正常成绩', '2026-06-11 20:38:23', '2026-06-11 20:38:23', 0),
	(187, 27, 1, 92.00, '期末', '正常成绩', '2026-06-11 20:38:23', '2026-06-11 20:38:23', 0),
	(190, 28, 9, 88.00, '期末', '正常成绩', '2026-06-11 20:38:23', '2026-06-11 20:38:23', 0),
	(192, 28, 2, 92.00, '期末', '正常成绩', '2026-06-11 20:38:23', '2026-06-11 20:38:23', 0),
	(193, 28, 3, 84.00, '期末', '正常成绩', '2026-06-11 20:38:23', '2026-06-11 20:38:23', 0),
	(194, 28, 1, 87.00, '期末', '正常成绩', '2026-06-11 20:38:23', '2026-06-11 20:38:23', 0),
	(197, 29, 9, 89.00, '期末', '正常成绩', '2026-06-11 20:38:23', '2026-06-11 20:38:23', 0),
	(199, 29, 2, 87.00, '期末', '正常成绩', '2026-06-11 20:38:23', '2026-06-11 20:38:23', 0),
	(200, 29, 3, 91.00, '期末', '正常成绩', '2026-06-11 20:38:23', '2026-06-11 20:38:23', 0),
	(201, 29, 1, 90.00, '期末', '正常成绩', '2026-06-11 20:38:23', '2026-06-11 20:38:23', 0),
	(204, 30, 9, 92.00, '期末', '正常成绩', '2026-06-11 20:38:23', '2026-06-11 20:38:23', 0),
	(206, 30, 2, 93.00, '期末', '正常成绩', '2026-06-11 20:38:23', '2026-06-11 20:38:23', 0),
	(207, 30, 3, 88.00, '期末', '正常成绩', '2026-06-11 20:38:23', '2026-06-11 20:38:23', 0),
	(208, 30, 1, 85.00, '期末', '正常成绩', '2026-06-11 20:38:23', '2026-06-11 20:38:23', 0),
	(211, 1, 1, 83.00, '期中', '正常成绩', '2026-06-14 16:41:54', '2026-06-14 16:42:09', 0),
	(212, 1, 2, 82.00, '期中', '正常成绩', '2026-06-14 16:41:54', '2026-06-14 16:42:09', 0),
	(213, 1, 3, 76.00, '期中', '正常成绩', '2026-06-14 16:41:54', '2026-06-14 16:42:09', 0),
	(214, 1, 4, 85.00, '期中', '正常成绩', '2026-06-14 16:41:54', '2026-06-14 16:42:09', 0),
	(215, 1, 5, 79.00, '期中', '正常成绩', '2026-06-14 16:41:54', '2026-06-14 16:42:09', 0),
	(216, 1, 6, 80.00, '期中', '正常成绩', '2026-06-14 16:41:54', '2026-06-14 16:42:09', 0),
	(218, 2, 1, 89.00, '期中', '正常成绩', '2026-06-14 16:41:54', '2026-06-14 16:42:09', 0),
	(219, 2, 2, 85.00, '期中', '正常成绩', '2026-06-14 16:41:54', '2026-06-14 16:42:09', 0),
	(220, 2, 3, 92.00, '期中', '正常成绩', '2026-06-14 16:41:54', '2026-06-14 16:42:09', 0),
	(221, 2, 4, 58.00, '期中', '正常成绩', '2026-06-14 16:41:54', '2026-06-14 16:42:09', 0),
	(222, 2, 5, 87.00, '期中', '正常成绩', '2026-06-14 16:41:54', '2026-06-14 16:42:09', 0),
	(223, 2, 6, 90.00, '期中', '正常成绩', '2026-06-14 16:41:54', '2026-06-14 16:42:09', 0),
	(225, 3, 1, 52.00, '期中', '正常成绩', '2026-06-14 16:41:54', '2026-06-14 16:42:09', 0),
	(226, 3, 2, 93.00, '期中', '正常成绩', '2026-06-14 16:41:54', '2026-06-14 16:42:09', 0),
	(227, 3, 3, 80.00, '期中', '正常成绩', '2026-06-14 16:41:54', '2026-06-14 16:42:09', 0),
	(228, 3, 4, 92.00, '期中', '正常成绩', '2026-06-14 16:41:54', '2026-06-14 16:42:09', 0),
	(229, 3, 5, 86.00, '期中', '正常成绩', '2026-06-14 16:41:54', '2026-06-14 16:42:09', 0),
	(230, 3, 6, 82.00, '期中', '正常成绩', '2026-06-14 16:41:54', '2026-06-14 16:42:09', 0),
	(232, 4, 1, 86.00, '期中', '正常成绩', '2026-06-14 16:41:54', '2026-06-14 16:42:09', 0),
	(233, 4, 2, 77.00, '期中', '正常成绩', '2026-06-14 16:41:54', '2026-06-14 16:42:09', 0),
	(234, 4, 3, 91.00, '期中', '正常成绩', '2026-06-14 16:41:54', '2026-06-14 16:42:09', 0),
	(235, 4, 4, 84.00, '期中', '正常成绩', '2026-06-14 16:41:54', '2026-06-14 16:42:09', 0),
	(236, 4, 5, 88.00, '期中', '正常成绩', '2026-06-14 16:41:54', '2026-06-14 16:42:09', 0),
	(237, 4, 6, 85.00, '期中', '正常成绩', '2026-06-14 16:41:54', '2026-06-14 16:42:09', 0),
	(239, 5, 1, 80.00, '期中', '正常成绩', '2026-06-14 16:41:54', '2026-06-14 16:42:09', 0),
	(240, 5, 2, 89.00, '期中', '正常成绩', '2026-06-14 16:41:54', '2026-06-14 16:42:09', 0),
	(241, 5, 3, 77.00, '期中', '正常成绩', '2026-06-14 16:41:54', '2026-06-14 16:42:09', 0),
	(242, 5, 4, 92.00, '期中', '正常成绩', '2026-06-14 16:41:54', '2026-06-14 16:42:09', 0),
	(243, 5, 5, 83.00, '期中', '正常成绩', '2026-06-14 16:41:54', '2026-06-14 16:42:09', 0),
	(244, 5, 6, 86.00, '期中', '正常成绩', '2026-06-14 16:41:54', '2026-06-14 16:42:09', 0),
	(246, 6, 1, 88.00, '期中', '正常成绩', '2026-06-14 16:41:54', '2026-06-14 16:42:09', 0),
	(247, 6, 2, 82.00, '期中', '正常成绩', '2026-06-14 16:41:54', '2026-06-14 16:42:09', 0),
	(248, 6, 3, 86.00, '期中', '正常成绩', '2026-06-14 16:41:54', '2026-06-14 16:42:09', 0),
	(249, 6, 4, 77.00, '期中', '正常成绩', '2026-06-14 16:41:54', '2026-06-14 16:42:09', 0),
	(250, 6, 5, 90.00, '期中', '正常成绩', '2026-06-14 16:41:54', '2026-06-14 16:42:09', 0),
	(251, 6, 6, 84.00, '期中', '正常成绩', '2026-06-14 16:41:54', '2026-06-14 16:42:09', 0),
	(253, 7, 1, 93.00, '期中', '正常成绩', '2026-06-14 16:41:54', '2026-06-14 16:42:09', 0),
	(254, 7, 2, 86.00, '期中', '正常成绩', '2026-06-14 16:41:54', '2026-06-14 16:42:09', 0),
	(255, 7, 3, 89.00, '期中', '正常成绩', '2026-06-14 16:41:54', '2026-06-14 16:42:09', 0),
	(256, 7, 4, 82.00, '期中', '正常成绩', '2026-06-14 16:41:54', '2026-06-14 16:42:09', 0),
	(257, 7, 5, 85.00, '期中', '正常成绩', '2026-06-14 16:41:54', '2026-06-14 16:42:09', 0),
	(258, 7, 6, 91.00, '期中', '正常成绩', '2026-06-14 16:41:54', '2026-06-14 16:42:09', 0),
	(260, 8, 1, 78.00, '期中', '正常成绩', '2026-06-14 16:41:54', '2026-06-14 16:42:09', 0),
	(261, 8, 2, 91.00, '期中', '正常成绩', '2026-06-14 16:41:54', '2026-06-14 16:42:09', 0),
	(262, 8, 3, 83.00, '期中', '正常成绩', '2026-06-14 16:41:54', '2026-06-14 16:42:09', 0),
	(263, 8, 4, 88.00, '期中', '正常成绩', '2026-06-14 16:41:54', '2026-06-14 16:42:09', 0),
	(264, 8, 5, 80.00, '期中', '正常成绩', '2026-06-14 16:41:54', '2026-06-14 16:42:09', 0),
	(265, 8, 6, 86.00, '期中', '正常成绩', '2026-06-14 16:41:54', '2026-06-14 16:42:09', 0),
	(267, 9, 1, 87.00, '期中', '正常成绩', '2026-06-14 16:41:54', '2026-06-14 16:42:09', 0),
	(268, 9, 2, 79.00, '期中', '正常成绩', '2026-06-14 16:41:54', '2026-06-14 16:42:09', 0),
	(269, 9, 3, 94.00, '期中', '正常成绩', '2026-06-14 16:41:54', '2026-06-14 16:42:09', 0),
	(270, 9, 4, 85.00, '期中', '正常成绩', '2026-06-14 16:41:54', '2026-06-14 16:42:09', 0),
	(271, 9, 5, 88.00, '期中', '正常成绩', '2026-06-14 16:41:54', '2026-06-14 16:42:09', 0),
	(272, 9, 6, 83.00, '期中', '正常成绩', '2026-06-14 16:41:54', '2026-06-14 16:42:09', 0),
	(274, 10, 1, 91.00, '期中', '正常成绩', '2026-06-14 16:41:54', '2026-06-14 16:42:09', 0),
	(275, 10, 2, 88.00, '期中', '正常成绩', '2026-06-14 16:41:54', '2026-06-14 16:42:09', 0),
	(276, 10, 3, 85.00, '期中', '正常成绩', '2026-06-14 16:41:54', '2026-06-14 16:42:09', 0),
	(277, 10, 4, 90.00, '期中', '正常成绩', '2026-06-14 16:41:54', '2026-06-14 16:42:09', 0),
	(278, 10, 5, 84.00, '期中', '正常成绩', '2026-06-14 16:41:54', '2026-06-14 16:42:09', 0),
	(279, 10, 6, 89.00, '期中', '正常成绩', '2026-06-14 16:41:54', '2026-06-14 16:42:09', 0),
	(281, 11, 1, 76.00, '期中', '正常成绩', '2026-06-14 16:41:54', '2026-06-14 16:42:09', 0),
	(282, 11, 2, 45.00, '期中', '正常成绩', '2026-06-14 16:41:54', '2026-06-14 16:42:09', 0),
	(283, 11, 3, 77.00, '期中', '正常成绩', '2026-06-14 16:41:54', '2026-06-14 16:42:09', 0),
	(284, 11, 4, 80.00, '期中', '正常成绩', '2026-06-14 16:41:54', '2026-06-14 16:42:09', 0),
	(285, 11, 5, 86.00, '期中', '正常成绩', '2026-06-14 16:41:54', '2026-06-14 16:42:09', 0),
	(286, 11, 6, 89.00, '期中', '正常成绩', '2026-06-14 16:41:54', '2026-06-14 16:42:09', 0),
	(288, 12, 1, 90.00, '期中', '正常成绩', '2026-06-14 16:41:54', '2026-06-14 16:42:09', 0),
	(289, 12, 2, 77.00, '期中', '正常成绩', '2026-06-14 16:41:54', '2026-06-14 16:42:09', 0),
	(290, 12, 3, 82.00, '期中', '正常成绩', '2026-06-14 16:41:54', '2026-06-14 16:42:09', 0),
	(291, 12, 4, 87.00, '期中', '正常成绩', '2026-06-14 16:41:54', '2026-06-14 16:42:09', 0),
	(292, 12, 5, 49.00, '期中', '正常成绩', '2026-06-14 16:41:54', '2026-06-14 16:42:09', 0),
	(293, 12, 6, 85.00, '期中', '正常成绩', '2026-06-14 16:41:54', '2026-06-14 16:42:09', 0),
	(295, 13, 1, 84.00, '期中', '正常成绩', '2026-06-14 16:41:54', '2026-06-14 16:42:09', 0),
	(296, 13, 2, 92.00, '期中', '正常成绩', '2026-06-14 16:41:54', '2026-06-14 16:42:09', 0),
	(297, 13, 3, 75.00, '期中', '正常成绩', '2026-06-14 16:41:54', '2026-06-14 16:42:09', 0),
	(298, 13, 4, 88.00, '期中', '正常成绩', '2026-06-14 16:41:54', '2026-06-14 16:42:09', 0),
	(299, 13, 5, 83.00, '期中', '正常成绩', '2026-06-14 16:41:54', '2026-06-14 16:42:09', 0),
	(300, 13, 6, 87.00, '期中', '正常成绩', '2026-06-14 16:41:54', '2026-06-14 16:42:09', 0),
	(302, 14, 1, 86.00, '期中', '正常成绩', '2026-06-14 16:41:54', '2026-06-14 16:42:09', 0),
	(303, 14, 2, 81.00, '期中', '正常成绩', '2026-06-14 16:41:54', '2026-06-14 16:42:09', 0),
	(304, 14, 3, 93.00, '期中', '正常成绩', '2026-06-14 16:41:54', '2026-06-14 16:42:09', 0),
	(305, 14, 4, 78.00, '期中', '正常成绩', '2026-06-14 16:41:54', '2026-06-14 16:42:09', 0),
	(306, 14, 5, 90.00, '期中', '正常成绩', '2026-06-14 16:41:54', '2026-06-14 16:42:09', 0),
	(307, 14, 6, 84.00, '期中', '正常成绩', '2026-06-14 16:41:54', '2026-06-14 16:42:09', 0),
	(309, 15, 1, 79.00, '期中', '正常成绩', '2026-06-14 16:41:54', '2026-06-14 16:42:09', 0),
	(310, 15, 2, 88.00, '期中', '正常成绩', '2026-06-14 16:41:54', '2026-06-14 16:42:09', 0),
	(311, 15, 3, 86.00, '期中', '正常成绩', '2026-06-14 16:41:54', '2026-06-14 16:42:09', 0),
	(312, 15, 4, 91.00, '期中', '正常成绩', '2026-06-14 16:41:54', '2026-06-14 16:42:09', 0),
	(313, 15, 5, 77.00, '期中', '正常成绩', '2026-06-14 16:41:54', '2026-06-14 16:42:09', 0),
	(314, 15, 6, 92.00, '期中', '正常成绩', '2026-06-14 16:41:54', '2026-06-14 16:42:09', 0),
	(316, 16, 1, 92.00, '期中', '正常成绩', '2026-06-14 16:41:54', '2026-06-14 16:42:09', 0),
	(317, 16, 2, 84.00, '期中', '正常成绩', '2026-06-14 16:41:54', '2026-06-14 16:42:09', 0),
	(318, 16, 3, 89.00, '期中', '正常成绩', '2026-06-14 16:41:54', '2026-06-14 16:42:09', 0),
	(319, 16, 4, 85.00, '期中', '正常成绩', '2026-06-14 16:41:54', '2026-06-14 16:42:09', 0),
	(320, 16, 5, 82.00, '期中', '正常成绩', '2026-06-14 16:41:54', '2026-06-14 16:42:09', 0),
	(321, 16, 6, 88.00, '期中', '正常成绩', '2026-06-14 16:41:54', '2026-06-14 16:42:09', 0),
	(323, 17, 1, 75.00, '期中', '正常成绩', '2026-06-14 16:41:54', '2026-06-14 16:42:09', 0),
	(324, 17, 2, 90.00, '期中', '正常成绩', '2026-06-14 16:41:54', '2026-06-14 16:42:09', 0),
	(325, 17, 3, 81.00, '期中', '正常成绩', '2026-06-14 16:41:54', '2026-06-14 16:42:09', 0),
	(326, 17, 4, 94.00, '期中', '正常成绩', '2026-06-14 16:41:54', '2026-06-14 16:42:09', 0),
	(327, 17, 5, 86.00, '期中', '正常成绩', '2026-06-14 16:41:54', '2026-06-14 16:42:09', 0),
	(328, 17, 6, 79.00, '期中', '正常成绩', '2026-06-14 16:41:54', '2026-06-14 16:42:09', 0),
	(330, 18, 1, 88.00, '期中', '正常成绩', '2026-06-14 16:41:54', '2026-06-14 16:42:09', 0),
	(331, 18, 2, 82.00, '期中', '正常成绩', '2026-06-14 16:41:54', '2026-06-14 16:42:09', 0),
	(332, 18, 3, 87.00, '期中', '正常成绩', '2026-06-14 16:41:54', '2026-06-14 16:42:09', 0),
	(333, 18, 4, 83.00, '期中', '正常成绩', '2026-06-14 16:41:54', '2026-06-14 16:42:09', 0),
	(334, 18, 5, 89.00, '期中', '正常成绩', '2026-06-14 16:41:54', '2026-06-14 16:42:09', 0),
	(335, 18, 6, 75.00, '期中', '正常成绩', '2026-06-14 16:41:54', '2026-06-14 16:42:09', 0),
	(337, 19, 1, 85.00, '期中', '正常成绩', '2026-06-14 16:41:54', '2026-06-14 16:42:09', 0),
	(338, 19, 2, 93.00, '期中', '正常成绩', '2026-06-14 16:41:54', '2026-06-14 16:42:09', 0),
	(339, 19, 3, 78.00, '期中', '正常成绩', '2026-06-14 16:41:54', '2026-06-14 16:42:09', 0),
	(340, 19, 4, 87.00, '期中', '正常成绩', '2026-06-14 16:41:54', '2026-06-14 16:42:09', 0),
	(341, 19, 5, 92.00, '期中', '正常成绩', '2026-06-14 16:41:54', '2026-06-14 16:42:09', 0),
	(342, 19, 6, 81.00, '期中', '正常成绩', '2026-06-14 16:41:54', '2026-06-14 16:42:09', 0),
	(344, 20, 1, 89.00, '期中', '正常成绩', '2026-06-14 16:41:54', '2026-06-14 16:42:09', 0),
	(345, 20, 2, 80.00, '期中', '正常成绩', '2026-06-14 16:41:54', '2026-06-14 16:42:09', 0),
	(346, 20, 3, 84.00, '期中', '正常成绩', '2026-06-14 16:41:54', '2026-06-14 16:42:09', 0),
	(347, 20, 4, 90.00, '期中', '正常成绩', '2026-06-14 16:41:54', '2026-06-14 16:42:09', 0),
	(348, 20, 5, 85.00, '期中', '正常成绩', '2026-06-14 16:41:54', '2026-06-14 16:42:09', 0),
	(349, 20, 6, 88.00, '期中', '正常成绩', '2026-06-14 16:41:54', '2026-06-14 16:42:09', 0),
	(351, 21, 1, 87.00, '期中', '正常成绩', '2026-06-14 16:41:54', '2026-06-14 16:42:09', 0),
	(352, 21, 2, 74.00, '期中', '正常成绩', '2026-06-14 16:41:54', '2026-06-14 16:42:09', 0),
	(353, 21, 3, 38.00, '期中', '正常成绩', '2026-06-14 16:41:54', '2026-06-14 16:42:09', 0),
	(357, 21, 9, 89.00, '期中', '正常成绩', '2026-06-14 16:41:54', '2026-06-14 16:42:09', 0),
	(358, 22, 1, 91.00, '期中', '正常成绩', '2026-06-14 16:41:54', '2026-06-14 16:42:09', 0),
	(359, 22, 2, 86.00, '期中', '正常成绩', '2026-06-14 16:41:54', '2026-06-14 16:42:09', 0),
	(360, 22, 3, 77.00, '期中', '正常成绩', '2026-06-14 16:41:54', '2026-06-14 16:42:09', 0),
	(364, 22, 9, 55.00, '期中', '正常成绩', '2026-06-14 16:41:54', '2026-06-14 16:42:09', 0),
	(365, 23, 1, 82.00, '期中', '正常成绩', '2026-06-14 16:41:54', '2026-06-14 16:42:09', 0),
	(366, 23, 2, 89.00, '期中', '正常成绩', '2026-06-14 16:41:54', '2026-06-14 16:42:09', 0),
	(367, 23, 3, 85.00, '期中', '正常成绩', '2026-06-14 16:41:54', '2026-06-14 16:42:09', 0),
	(371, 23, 9, 88.00, '期中', '正常成绩', '2026-06-14 16:41:54', '2026-06-14 16:42:09', 0),
	(372, 24, 1, 94.00, '期中', '正常成绩', '2026-06-14 16:41:54', '2026-06-14 16:42:09', 0),
	(373, 24, 2, 83.00, '期中', '正常成绩', '2026-06-14 16:41:54', '2026-06-14 16:42:09', 0),
	(374, 24, 3, 90.00, '期中', '正常成绩', '2026-06-14 16:41:54', '2026-06-14 16:42:09', 0),
	(378, 24, 9, 92.00, '期中', '正常成绩', '2026-06-14 16:41:54', '2026-06-14 16:42:09', 0),
	(379, 25, 1, 78.00, '期中', '正常成绩', '2026-06-14 16:41:54', '2026-06-14 16:42:09', 0),
	(380, 25, 2, 92.00, '期中', '正常成绩', '2026-06-14 16:41:54', '2026-06-14 16:42:09', 0),
	(381, 25, 3, 81.00, '期中', '正常成绩', '2026-06-14 16:41:54', '2026-06-14 16:42:09', 0),
	(385, 25, 9, 80.00, '期中', '正常成绩', '2026-06-14 16:41:54', '2026-06-14 16:42:09', 0),
	(386, 26, 1, 84.00, '期中', '正常成绩', '2026-06-14 16:41:54', '2026-06-14 16:42:09', 0),
	(387, 26, 2, 87.00, '期中', '正常成绩', '2026-06-14 16:41:54', '2026-06-14 16:42:09', 0),
	(388, 26, 3, 93.00, '期中', '正常成绩', '2026-06-14 16:41:54', '2026-06-14 16:42:09', 0),
	(392, 26, 9, 89.00, '期中', '正常成绩', '2026-06-14 16:41:54', '2026-06-14 16:42:09', 0),
	(393, 27, 1, 90.00, '期中', '正常成绩', '2026-06-14 16:41:54', '2026-06-14 16:42:09', 0),
	(394, 27, 2, 79.00, '期中', '正常成绩', '2026-06-14 16:41:54', '2026-06-14 16:42:09', 0),
	(395, 27, 3, 88.00, '期中', '正常成绩', '2026-06-14 16:41:54', '2026-06-14 16:42:09', 0),
	(399, 27, 9, 84.00, '期中', '正常成绩', '2026-06-14 16:41:54', '2026-06-14 16:42:09', 0),
	(400, 28, 1, 85.00, '期中', '正常成绩', '2026-06-14 16:41:54', '2026-06-14 16:42:09', 0),
	(401, 28, 2, 90.00, '期中', '正常成绩', '2026-06-14 16:41:54', '2026-06-14 16:42:09', 0),
	(402, 28, 3, 82.00, '期中', '正常成绩', '2026-06-14 16:41:54', '2026-06-14 16:42:09', 0),
	(406, 28, 9, 86.00, '期中', '正常成绩', '2026-06-14 16:41:54', '2026-06-14 16:42:09', 0),
	(407, 29, 1, 88.00, '期中', '正常成绩', '2026-06-14 16:41:54', '2026-06-14 16:42:09', 0),
	(408, 29, 2, 85.00, '期中', '正常成绩', '2026-06-14 16:41:54', '2026-06-14 16:42:09', 0),
	(409, 29, 3, 89.00, '期中', '正常成绩', '2026-06-14 16:41:54', '2026-06-14 16:42:09', 0),
	(413, 29, 9, 87.00, '期中', '正常成绩', '2026-06-14 16:41:54', '2026-06-14 16:42:09', 0),
	(414, 30, 1, 83.00, '期中', '正常成绩', '2026-06-14 16:41:54', '2026-06-14 16:42:09', 0),
	(415, 30, 2, 91.00, '期中', '正常成绩', '2026-06-14 16:41:54', '2026-06-14 16:42:09', 0),
	(416, 30, 3, 86.00, '期中', '正常成绩', '2026-06-14 16:41:54', '2026-06-14 16:42:09', 0),
	(420, 30, 9, 90.00, '期中', '正常成绩', '2026-06-14 16:41:54', '2026-06-14 16:42:09', 0),
	-- 班级3 历史期末
	(421, 21, 7, 72.00, '期末', '正常成绩', '2026-06-14 16:41:54', '2026-06-14 16:42:09', 0),
	(422, 22, 7, 58.00, '期末', '正常成绩', '2026-06-14 16:41:54', '2026-06-14 16:42:09', 0),
	(423, 23, 7, 95.00, '期末', '正常成绩', '2026-06-14 16:41:54', '2026-06-14 16:42:09', 0),
	(424, 24, 7, 88.00, '期末', '正常成绩', '2026-06-14 16:41:54', '2026-06-14 16:42:09', 0),
	(425, 25, 7, 45.00, '期末', '正常成绩', '2026-06-14 16:41:54', '2026-06-14 16:42:09', 0),
	(426, 26, 7, 78.00, '期末', '正常成绩', '2026-06-14 16:41:54', '2026-06-14 16:42:09', 0),
	(427, 27, 7, 62.00, '期末', '正常成绩', '2026-06-14 16:41:54', '2026-06-14 16:42:09', 0),
	(428, 28, 7, 83.00, '期末', '正常成绩', '2026-06-14 16:41:54', '2026-06-14 16:42:09', 0),
	(429, 29, 7, 91.00, '期末', '正常成绩', '2026-06-14 16:41:54', '2026-06-14 16:42:09', 0),
	(430, 30, 7, 68.00, '期末', '正常成绩', '2026-06-14 16:41:54', '2026-06-14 16:42:09', 0),
	-- 班级3 地理期末
	(431, 21, 8, 68.00, '期末', '正常成绩', '2026-06-14 16:41:54', '2026-06-14 16:42:09', 0),
	(432, 22, 8, 55.00, '期末', '正常成绩', '2026-06-14 16:41:54', '2026-06-14 16:42:09', 0),
	(433, 23, 8, 92.00, '期末', '正常成绩', '2026-06-14 16:41:54', '2026-06-14 16:42:09', 0),
	(434, 24, 8, 91.00, '期末', '正常成绩', '2026-06-14 16:41:54', '2026-06-14 16:42:09', 0),
	(435, 25, 8, 50.00, '期末', '正常成绩', '2026-06-14 16:41:54', '2026-06-14 16:42:09', 0),
	(436, 26, 8, 75.00, '期末', '正常成绩', '2026-06-14 16:41:54', '2026-06-14 16:42:09', 0),
	(437, 27, 8, 58.00, '期末', '正常成绩', '2026-06-14 16:41:54', '2026-06-14 16:42:09', 0),
	(438, 28, 8, 80.00, '期末', '正常成绩', '2026-06-14 16:41:54', '2026-06-14 16:42:09', 0),
	(439, 29, 8, 94.00, '期末', '正常成绩', '2026-06-14 16:41:54', '2026-06-14 16:42:09', 0),
	(440, 30, 8, 72.00, '期末', '正常成绩', '2026-06-14 16:41:54', '2026-06-14 16:42:09', 0),
	-- 班级3 历史期中
	(441, 21, 7, 65.00, '期中', '正常成绩', '2026-06-14 16:41:54', '2026-06-14 16:42:09', 0),
	(442, 22, 7, 52.00, '期中', '正常成绩', '2026-06-14 16:41:54', '2026-06-14 16:42:09', 0),
	(443, 23, 7, 90.00, '期中', '正常成绩', '2026-06-14 16:41:54', '2026-06-14 16:42:09', 0),
	(444, 24, 7, 85.00, '期中', '正常成绩', '2026-06-14 16:41:54', '2026-06-14 16:42:09', 0),
	(445, 25, 7, 42.00, '期中', '正常成绩', '2026-06-14 16:41:54', '2026-06-14 16:42:09', 0),
	(446, 26, 7, 72.00, '期中', '正常成绩', '2026-06-14 16:41:54', '2026-06-14 16:42:09', 0),
	(447, 27, 7, 55.00, '期中', '正常成绩', '2026-06-14 16:41:54', '2026-06-14 16:42:09', 0),
	(448, 28, 7, 78.00, '期中', '正常成绩', '2026-06-14 16:41:54', '2026-06-14 16:42:09', 0),
	(449, 29, 7, 88.00, '期中', '正常成绩', '2026-06-14 16:41:54', '2026-06-14 16:42:09', 0),
	(450, 30, 7, 65.00, '期中', '正常成绩', '2026-06-14 16:41:54', '2026-06-14 16:42:09', 0),
	-- 班级3 地理期中
	(451, 21, 8, 70.00, '期中', '正常成绩', '2026-06-14 16:41:54', '2026-06-14 16:42:09', 0),
	(452, 22, 8, 48.00, '期中', '正常成绩', '2026-06-14 16:41:54', '2026-06-14 16:42:09', 0),
	(453, 23, 8, 88.00, '期中', '正常成绩', '2026-06-14 16:41:54', '2026-06-14 16:42:09', 0),
	(454, 24, 8, 89.00, '期中', '正常成绩', '2026-06-14 16:41:54', '2026-06-14 16:42:09', 0),
	(455, 25, 8, 47.00, '期中', '正常成绩', '2026-06-14 16:41:54', '2026-06-14 16:42:09', 0),
	(456, 26, 8, 70.00, '期中', '正常成绩', '2026-06-14 16:41:54', '2026-06-14 16:42:09', 0),
	(457, 27, 8, 52.00, '期中', '正常成绩', '2026-06-14 16:41:54', '2026-06-14 16:42:09', 0),
	(458, 28, 8, 75.00, '期中', '正常成绩', '2026-06-14 16:41:54', '2026-06-14 16:42:09', 0),
	(459, 29, 8, 90.00, '期中', '正常成绩', '2026-06-14 16:41:54', '2026-06-14 16:42:09', 0),
	(460, 30, 8, 68.00, '期中', '正常成绩', '2026-06-14 16:41:54', '2026-06-14 16:42:09', 0),
	-- ========================================
	-- 2025-2026 第二学期 期末
	-- ========================================
	-- 班级1 理科 (student 1-10): 语10/数11/英12/物13/化14/生15
	(461, 1, 10, 82.00, '期末', '正常成绩', '2026-06-11 20:38:23', '2026-06-11 20:38:23', 0),
	(462, 1, 11, 78.00, '期末', '正常成绩', '2026-06-11 20:38:23', '2026-06-11 20:38:23', 0),
	(463, 1, 12, 85.00, '期末', '正常成绩', '2026-06-11 20:38:23', '2026-06-11 20:38:23', 0),
	(464, 1, 13, 72.00, '期末', '正常成绩', '2026-06-11 20:38:23', '2026-06-11 20:38:23', 0),
	(465, 1, 14, 88.00, '期末', '正常成绩', '2026-06-11 20:38:23', '2026-06-11 20:38:23', 0),
	(466, 1, 15, 76.00, '期末', '正常成绩', '2026-06-11 20:38:23', '2026-06-11 20:38:23', 0),
	(467, 2, 10, 91.00, '期末', '正常成绩', '2026-06-11 20:38:23', '2026-06-11 20:38:23', 0),
	(468, 2, 11, 88.00, '期末', '正常成绩', '2026-06-11 20:38:23', '2026-06-11 20:38:23', 0),
	(469, 2, 12, 79.00, '期末', '正常成绩', '2026-06-11 20:38:23', '2026-06-11 20:38:23', 0),
	(470, 2, 13, 85.00, '期末', '正常成绩', '2026-06-11 20:38:23', '2026-06-11 20:38:23', 0),
	(471, 2, 14, 92.00, '期末', '正常成绩', '2026-06-11 20:38:23', '2026-06-11 20:38:23', 0),
	(472, 2, 15, 87.00, '期末', '正常成绩', '2026-06-11 20:38:23', '2026-06-11 20:38:23', 0),
	(473, 3, 10, 75.00, '期末', '正常成绩', '2026-06-11 20:38:23', '2026-06-11 20:38:23', 0),
	(474, 3, 11, 92.00, '期末', '正常成绩', '2026-06-11 20:38:23', '2026-06-11 20:38:23', 0),
	(475, 3, 12, 83.00, '期末', '正常成绩', '2026-06-11 20:38:23', '2026-06-11 20:38:23', 0),
	(476, 3, 13, 78.00, '期末', '正常成绩', '2026-06-11 20:38:23', '2026-06-11 20:38:23', 0),
	(477, 3, 14, 86.00, '期末', '正常成绩', '2026-06-11 20:38:23', '2026-06-11 20:38:23', 0),
	(478, 3, 15, 80.00, '期末', '正常成绩', '2026-06-11 20:38:23', '2026-06-11 20:38:23', 0),
	(479, 4, 10, 88.00, '期末', '正常成绩', '2026-06-11 20:38:23', '2026-06-11 20:38:23', 0),
	(480, 4, 11, 85.00, '期末', '正常成绩', '2026-06-11 20:38:23', '2026-06-11 20:38:23', 0),
	(481, 4, 12, 91.00, '期末', '正常成绩', '2026-06-11 20:38:23', '2026-06-11 20:38:23', 0),
	(482, 4, 13, 82.00, '期末', '正常成绩', '2026-06-11 20:38:23', '2026-06-11 20:38:23', 0),
	(483, 4, 14, 79.00, '期末', '正常成绩', '2026-06-11 20:38:23', '2026-06-11 20:38:23', 0),
	(484, 4, 15, 86.00, '期末', '正常成绩', '2026-06-11 20:38:23', '2026-06-11 20:38:23', 0),
	(485, 5, 10, 79.00, '期末', '正常成绩', '2026-06-11 20:38:23', '2026-06-11 20:38:23', 0),
	(486, 5, 11, 94.00, '期末', '正常成绩', '2026-06-11 20:38:23', '2026-06-11 20:38:23', 0),
	(487, 5, 12, 86.00, '期末', '正常成绩', '2026-06-11 20:38:23', '2026-06-11 20:38:23', 0),
	(488, 5, 13, 91.00, '期末', '正常成绩', '2026-06-11 20:38:23', '2026-06-11 20:38:23', 0),
	(489, 5, 14, 88.00, '期末', '正常成绩', '2026-06-11 20:38:23', '2026-06-11 20:38:23', 0),
	(490, 5, 15, 82.00, '期末', '正常成绩', '2026-06-11 20:38:23', '2026-06-11 20:38:23', 0),
	(491, 6, 10, 86.00, '期末', '正常成绩', '2026-06-11 20:38:23', '2026-06-11 20:38:23', 0),
	(492, 6, 11, 82.00, '期末', '正常成绩', '2026-06-11 20:38:23', '2026-06-11 20:38:23', 0),
	(493, 6, 12, 78.00, '期末', '正常成绩', '2026-06-11 20:38:23', '2026-06-11 20:38:23', 0),
	(494, 6, 13, 85.00, '期末', '正常成绩', '2026-06-11 20:38:23', '2026-06-11 20:38:23', 0),
	(495, 6, 14, 90.00, '期末', '正常成绩', '2026-06-11 20:38:23', '2026-06-11 20:38:23', 0),
	(496, 6, 15, 79.00, '期末', '正常成绩', '2026-06-11 20:38:23', '2026-06-11 20:38:23', 0),
	(497, 7, 10, 92.00, '期末', '正常成绩', '2026-06-11 20:38:23', '2026-06-11 20:38:23', 0),
	(498, 7, 11, 78.00, '期末', '正常成绩', '2026-06-11 20:38:23', '2026-06-11 20:38:23', 0),
	(499, 7, 12, 85.00, '期末', '正常成绩', '2026-06-11 20:38:23', '2026-06-11 20:38:23', 0),
	(500, 7, 13, 80.00, '期末', '正常成绩', '2026-06-11 20:38:23', '2026-06-11 20:38:23', 0),
	(501, 7, 14, 86.00, '期末', '正常成绩', '2026-06-11 20:38:23', '2026-06-11 20:38:23', 0),
	(502, 7, 15, 91.00, '期末', '正常成绩', '2026-06-11 20:38:23', '2026-06-11 20:38:23', 0),
	(503, 8, 10, 84.00, '期末', '正常成绩', '2026-06-11 20:38:23', '2026-06-11 20:38:23', 0),
	(504, 8, 11, 89.00, '期末', '正常成绩', '2026-06-11 20:38:23', '2026-06-11 20:38:23', 0),
	(505, 8, 12, 92.00, '期末', '正常成绩', '2026-06-11 20:38:23', '2026-06-11 20:38:23', 0),
	(506, 8, 13, 78.00, '期末', '正常成绩', '2026-06-11 20:38:23', '2026-06-11 20:38:23', 0),
	(507, 8, 14, 85.00, '期末', '正常成绩', '2026-06-11 20:38:23', '2026-06-11 20:38:23', 0),
	(508, 8, 15, 88.00, '期末', '正常成绩', '2026-06-11 20:38:23', '2026-06-11 20:38:23', 0),
	(509, 9, 10, 78.00, '期末', '正常成绩', '2026-06-11 20:38:23', '2026-06-11 20:38:23', 0),
	(510, 9, 11, 86.00, '期末', '正常成绩', '2026-06-11 20:38:23', '2026-06-11 20:38:23', 0),
	(511, 9, 12, 80.00, '期末', '正常成绩', '2026-06-11 20:38:23', '2026-06-11 20:38:23', 0),
	(512, 9, 13, 92.00, '期末', '正常成绩', '2026-06-11 20:38:23', '2026-06-11 20:38:23', 0),
	(513, 9, 14, 88.00, '期末', '正常成绩', '2026-06-11 20:38:23', '2026-06-11 20:38:23', 0),
	(514, 9, 15, 85.00, '期末', '正常成绩', '2026-06-11 20:38:23', '2026-06-11 20:38:23', 0),
	(515, 10, 10, 90.00, '期末', '正常成绩', '2026-06-11 20:38:23', '2026-06-11 20:38:23', 0),
	(516, 10, 11, 82.00, '期末', '正常成绩', '2026-06-11 20:38:23', '2026-06-11 20:38:23', 0),
	(517, 10, 12, 88.00, '期末', '正常成绩', '2026-06-11 20:38:23', '2026-06-11 20:38:23', 0),
	(518, 10, 13, 85.00, '期末', '正常成绩', '2026-06-11 20:38:23', '2026-06-11 20:38:23', 0),
	(519, 10, 14, 79.00, '期末', '正常成绩', '2026-06-11 20:38:23', '2026-06-11 20:38:23', 0),
	(520, 10, 15, 86.00, '期末', '正常成绩', '2026-06-11 20:38:23', '2026-06-11 20:38:23', 0),
	-- 班级2 理科 (student 11-20): 语10/数11/英12/物13/化14/生15
	(521, 11, 10, 85.00, '期末', '正常成绩', '2026-06-11 20:38:23', '2026-06-11 20:38:23', 0),
	(522, 11, 11, 82.00, '期末', '正常成绩', '2026-06-11 20:38:23', '2026-06-11 20:38:23', 0),
	(523, 11, 12, 88.00, '期末', '正常成绩', '2026-06-11 20:38:23', '2026-06-11 20:38:23', 0),
	(524, 11, 13, 79.00, '期末', '正常成绩', '2026-06-11 20:38:23', '2026-06-11 20:38:23', 0),
	(525, 11, 14, 86.00, '期末', '正常成绩', '2026-06-11 20:38:23', '2026-06-11 20:38:23', 0),
	(526, 11, 15, 80.00, '期末', '正常成绩', '2026-06-11 20:38:23', '2026-06-11 20:38:23', 0),
	(527, 12, 10, 78.00, '期末', '正常成绩', '2026-06-11 20:38:23', '2026-06-11 20:38:23', 0),
	(528, 12, 11, 91.00, '期末', '正常成绩', '2026-06-11 20:38:23', '2026-06-11 20:38:23', 0),
	(529, 12, 12, 85.00, '期末', '正常成绩', '2026-06-11 20:38:23', '2026-06-11 20:38:23', 0),
	(530, 12, 13, 88.00, '期末', '正常成绩', '2026-06-11 20:38:23', '2026-06-11 20:38:23', 0),
	(531, 12, 14, 82.00, '期末', '正常成绩', '2026-06-11 20:38:23', '2026-06-11 20:38:23', 0),
	(532, 12, 15, 79.00, '期末', '正常成绩', '2026-06-11 20:38:23', '2026-06-11 20:38:23', 0),
	(533, 13, 10, 92.00, '期末', '正常成绩', '2026-06-11 20:38:23', '2026-06-11 20:38:23', 0),
	(534, 13, 11, 85.00, '期末', '正常成绩', '2026-06-11 20:38:23', '2026-06-11 20:38:23', 0),
	(535, 13, 12, 79.00, '期末', '正常成绩', '2026-06-11 20:38:23', '2026-06-11 20:38:23', 0),
	(536, 13, 13, 86.00, '期末', '正常成绩', '2026-06-11 20:38:23', '2026-06-11 20:38:23', 0),
	(537, 13, 14, 90.00, '期末', '正常成绩', '2026-06-11 20:38:23', '2026-06-11 20:38:23', 0),
	(538, 13, 15, 84.00, '期末', '正常成绩', '2026-06-11 20:38:23', '2026-06-11 20:38:23', 0),
	(539, 14, 10, 88.00, '期末', '正常成绩', '2026-06-11 20:38:23', '2026-06-11 20:38:23', 0),
	(540, 14, 11, 79.00, '期末', '正常成绩', '2026-06-11 20:38:23', '2026-06-11 20:38:23', 0),
	(541, 14, 12, 92.00, '期末', '正常成绩', '2026-06-11 20:38:23', '2026-06-11 20:38:23', 0),
	(542, 14, 13, 85.00, '期末', '正常成绩', '2026-06-11 20:38:23', '2026-06-11 20:38:23', 0),
	(543, 14, 14, 82.00, '期末', '正常成绩', '2026-06-11 20:38:23', '2026-06-11 20:38:23', 0),
	(544, 14, 15, 88.00, '期末', '正常成绩', '2026-06-11 20:38:23', '2026-06-11 20:38:23', 0),
	(545, 15, 10, 76.00, '期末', '正常成绩', '2026-06-11 20:38:23', '2026-06-11 20:38:23', 0),
	(546, 15, 11, 88.00, '期末', '正常成绩', '2026-06-11 20:38:23', '2026-06-11 20:38:23', 0),
	(547, 15, 12, 82.00, '期末', '正常成绩', '2026-06-11 20:38:23', '2026-06-11 20:38:23', 0),
	(548, 15, 13, 90.00, '期末', '正常成绩', '2026-06-11 20:38:23', '2026-06-11 20:38:23', 0),
	(549, 15, 14, 85.00, '期末', '正常成绩', '2026-06-11 20:38:23', '2026-06-11 20:38:23', 0),
	(550, 15, 15, 79.00, '期末', '正常成绩', '2026-06-11 20:38:23', '2026-06-11 20:38:23', 0),
	(551, 16, 10, 85.00, '期末', '正常成绩', '2026-06-11 20:38:23', '2026-06-11 20:38:23', 0),
	(552, 16, 11, 92.00, '期末', '正常成绩', '2026-06-11 20:38:23', '2026-06-11 20:38:23', 0),
	(553, 16, 12, 88.00, '期末', '正常成绩', '2026-06-11 20:38:23', '2026-06-11 20:38:23', 0),
	(554, 16, 13, 78.00, '期末', '正常成绩', '2026-06-11 20:38:23', '2026-06-11 20:38:23', 0),
	(555, 16, 14, 86.00, '期末', '正常成绩', '2026-06-11 20:38:23', '2026-06-11 20:38:23', 0),
	(556, 16, 15, 90.00, '期末', '正常成绩', '2026-06-11 20:38:23', '2026-06-11 20:38:23', 0),
	(557, 17, 10, 90.00, '期末', '正常成绩', '2026-06-11 20:38:23', '2026-06-11 20:38:23', 0),
	(558, 17, 11, 85.00, '期末', '正常成绩', '2026-06-11 20:38:23', '2026-06-11 20:38:23', 0),
	(559, 17, 12, 82.00, '期末', '正常成绩', '2026-06-11 20:38:23', '2026-06-11 20:38:23', 0),
	(560, 17, 13, 88.00, '期末', '正常成绩', '2026-06-11 20:38:23', '2026-06-11 20:38:23', 0),
	(561, 17, 14, 79.00, '期末', '正常成绩', '2026-06-11 20:38:23', '2026-06-11 20:38:23', 0),
	(562, 17, 15, 86.00, '期末', '正常成绩', '2026-06-11 20:38:23', '2026-06-11 20:38:23', 0),
	(563, 18, 10, 82.00, '期末', '正常成绩', '2026-06-11 20:38:23', '2026-06-11 20:38:23', 0),
	(564, 18, 11, 88.00, '期末', '正常成绩', '2026-06-11 20:38:23', '2026-06-11 20:38:23', 0),
	(565, 18, 12, 90.00, '期末', '正常成绩', '2026-06-11 20:38:23', '2026-06-11 20:38:23', 0),
	(566, 18, 13, 85.00, '期末', '正常成绩', '2026-06-11 20:38:23', '2026-06-11 20:38:23', 0),
	(567, 18, 14, 82.00, '期末', '正常成绩', '2026-06-11 20:38:23', '2026-06-11 20:38:23', 0),
	(568, 18, 15, 78.00, '期末', '正常成绩', '2026-06-11 20:38:23', '2026-06-11 20:38:23', 0),
	(569, 19, 10, 88.00, '期末', '正常成绩', '2026-06-11 20:38:23', '2026-06-11 20:38:23', 0),
	(570, 19, 11, 82.00, '期末', '正常成绩', '2026-06-11 20:38:23', '2026-06-11 20:38:23', 0),
	(571, 19, 12, 85.00, '期末', '正常成绩', '2026-06-11 20:38:23', '2026-06-11 20:38:23', 0),
	(572, 19, 13, 79.00, '期末', '正常成绩', '2026-06-11 20:38:23', '2026-06-11 20:38:23', 0),
	(573, 19, 14, 92.00, '期末', '正常成绩', '2026-06-11 20:38:23', '2026-06-11 20:38:23', 0),
	(574, 19, 15, 88.00, '期末', '正常成绩', '2026-06-11 20:38:23', '2026-06-11 20:38:23', 0),
	(575, 20, 10, 85.00, '期末', '正常成绩', '2026-06-11 20:38:23', '2026-06-11 20:38:23', 0),
	(576, 20, 11, 90.00, '期末', '正常成绩', '2026-06-11 20:38:23', '2026-06-11 20:38:23', 0),
	(577, 20, 12, 82.00, '期末', '正常成绩', '2026-06-11 20:38:23', '2026-06-11 20:38:23', 0),
	(578, 20, 13, 88.00, '期末', '正常成绩', '2026-06-11 20:38:23', '2026-06-11 20:38:23', 0),
	(579, 20, 14, 86.00, '期末', '正常成绩', '2026-06-11 20:38:23', '2026-06-11 20:38:23', 0),
	(580, 20, 15, 85.00, '期末', '正常成绩', '2026-06-11 20:38:23', '2026-06-11 20:38:23', 0),
	-- 班级3 文科 (student 21-30): 语10/数11/英12/历16/地17/政18
	(581, 21, 10, 82.00, '期末', '正常成绩', '2026-06-11 20:38:23', '2026-06-11 20:38:23', 0),
	(582, 21, 11, 78.00, '期末', '正常成绩', '2026-06-11 20:38:23', '2026-06-11 20:38:23', 0),
	(583, 21, 12, 85.00, '期末', '正常成绩', '2026-06-11 20:38:23', '2026-06-11 20:38:23', 0),
	(584, 21, 16, 88.00, '期末', '正常成绩', '2026-06-11 20:38:23', '2026-06-11 20:38:23', 0),
	(585, 21, 17, 82.00, '期末', '正常成绩', '2026-06-11 20:38:23', '2026-06-11 20:38:23', 0),
	(586, 21, 18, 86.00, '期末', '正常成绩', '2026-06-11 20:38:23', '2026-06-11 20:38:23', 0),
	(587, 22, 10, 75.00, '期末', '正常成绩', '2026-06-11 20:38:23', '2026-06-11 20:38:23', 0),
	(588, 22, 11, 82.00, '期末', '正常成绩', '2026-06-11 20:38:23', '2026-06-11 20:38:23', 0),
	(589, 22, 12, 78.00, '期末', '正常成绩', '2026-06-11 20:38:23', '2026-06-11 20:38:23', 0),
	(590, 22, 16, 80.00, '期末', '正常成绩', '2026-06-11 20:38:23', '2026-06-11 20:38:23', 0),
	(591, 22, 17, 76.00, '期末', '正常成绩', '2026-06-11 20:38:23', '2026-06-11 20:38:23', 0),
	(592, 22, 18, 82.00, '期末', '正常成绩', '2026-06-11 20:38:23', '2026-06-11 20:38:23', 0),
	(593, 23, 10, 92.00, '期末', '正常成绩', '2026-06-11 20:38:23', '2026-06-11 20:38:23', 0),
	(594, 23, 11, 88.00, '期末', '正常成绩', '2026-06-11 20:38:23', '2026-06-11 20:38:23', 0),
	(595, 23, 12, 85.00, '期末', '正常成绩', '2026-06-11 20:38:23', '2026-06-11 20:38:23', 0),
	(596, 23, 16, 90.00, '期末', '正常成绩', '2026-06-11 20:38:23', '2026-06-11 20:38:23', 0),
	(597, 23, 17, 88.00, '期末', '正常成绩', '2026-06-11 20:38:23', '2026-06-11 20:38:23', 0),
	(598, 23, 18, 92.00, '期末', '正常成绩', '2026-06-11 20:38:23', '2026-06-11 20:38:23', 0),
	(599, 24, 10, 88.00, '期末', '正常成绩', '2026-06-11 20:38:23', '2026-06-11 20:38:23', 0),
	(600, 24, 11, 85.00, '期末', '正常成绩', '2026-06-11 20:38:23', '2026-06-11 20:38:23', 0),
	(601, 24, 12, 92.00, '期末', '正常成绩', '2026-06-11 20:38:23', '2026-06-11 20:38:23', 0),
	(602, 24, 16, 86.00, '期末', '正常成绩', '2026-06-11 20:38:23', '2026-06-11 20:38:23', 0),
	(603, 24, 17, 90.00, '期末', '正常成绩', '2026-06-11 20:38:23', '2026-06-11 20:38:23', 0),
	(604, 24, 18, 88.00, '期末', '正常成绩', '2026-06-11 20:38:23', '2026-06-11 20:38:23', 0),
	(605, 25, 10, 68.00, '期末', '正常成绩', '2026-06-11 20:38:23', '2026-06-11 20:38:23', 0),
	(606, 25, 11, 72.00, '期末', '正常成绩', '2026-06-11 20:38:23', '2026-06-11 20:38:23', 0),
	(607, 25, 12, 65.00, '期末', '正常成绩', '2026-06-11 20:38:23', '2026-06-11 20:38:23', 0),
	(608, 25, 16, 70.00, '期末', '正常成绩', '2026-06-11 20:38:23', '2026-06-11 20:38:23', 0),
	(609, 25, 17, 68.00, '期末', '正常成绩', '2026-06-11 20:38:23', '2026-06-11 20:38:23', 0),
	(610, 25, 18, 72.00, '期末', '正常成绩', '2026-06-11 20:38:23', '2026-06-11 20:38:23', 0),
	(611, 26, 10, 82.00, '期末', '正常成绩', '2026-06-11 20:38:23', '2026-06-11 20:38:23', 0),
	(612, 26, 11, 78.00, '期末', '正常成绩', '2026-06-11 20:38:23', '2026-06-11 20:38:23', 0),
	(613, 26, 12, 85.00, '期末', '正常成绩', '2026-06-11 20:38:23', '2026-06-11 20:38:23', 0),
	(614, 26, 16, 80.00, '期末', '正常成绩', '2026-06-11 20:38:23', '2026-06-11 20:38:23', 0),
	(615, 26, 17, 82.00, '期末', '正常成绩', '2026-06-11 20:38:23', '2026-06-11 20:38:23', 0),
	(616, 26, 18, 78.00, '期末', '正常成绩', '2026-06-11 20:38:23', '2026-06-11 20:38:23', 0),
	(617, 27, 10, 75.00, '期末', '正常成绩', '2026-06-11 20:38:23', '2026-06-11 20:38:23', 0),
	(618, 27, 11, 80.00, '期末', '正常成绩', '2026-06-11 20:38:23', '2026-06-11 20:38:23', 0),
	(619, 27, 12, 78.00, '期末', '正常成绩', '2026-06-11 20:38:23', '2026-06-11 20:38:23', 0),
	(620, 27, 16, 72.00, '期末', '正常成绩', '2026-06-11 20:38:23', '2026-06-11 20:38:23', 0),
	(621, 27, 17, 75.00, '期末', '正常成绩', '2026-06-11 20:38:23', '2026-06-11 20:38:23', 0),
	(622, 27, 18, 80.00, '期末', '正常成绩', '2026-06-11 20:38:23', '2026-06-11 20:38:23', 0),
	(623, 28, 10, 86.00, '期末', '正常成绩', '2026-06-11 20:38:23', '2026-06-11 20:38:23', 0),
	(624, 28, 11, 82.00, '期末', '正常成绩', '2026-06-11 20:38:23', '2026-06-11 20:38:23', 0),
	(625, 28, 12, 88.00, '期末', '正常成绩', '2026-06-11 20:38:23', '2026-06-11 20:38:23', 0),
	(626, 28, 16, 85.00, '期末', '正常成绩', '2026-06-11 20:38:23', '2026-06-11 20:38:23', 0),
	(627, 28, 17, 80.00, '期末', '正常成绩', '2026-06-11 20:38:23', '2026-06-11 20:38:23', 0),
	(628, 28, 18, 86.00, '期末', '正常成绩', '2026-06-11 20:38:23', '2026-06-11 20:38:23', 0),
	(629, 29, 10, 90.00, '期末', '正常成绩', '2026-06-11 20:38:23', '2026-06-11 20:38:23', 0),
	(630, 29, 11, 88.00, '期末', '正常成绩', '2026-06-11 20:38:23', '2026-06-11 20:38:23', 0),
	(631, 29, 12, 85.00, '期末', '正常成绩', '2026-06-11 20:38:23', '2026-06-11 20:38:23', 0),
	(632, 29, 16, 92.00, '期末', '正常成绩', '2026-06-11 20:38:23', '2026-06-11 20:38:23', 0),
	(633, 29, 17, 90.00, '期末', '正常成绩', '2026-06-11 20:38:23', '2026-06-11 20:38:23', 0),
	(634, 29, 18, 88.00, '期末', '正常成绩', '2026-06-11 20:38:23', '2026-06-11 20:38:23', 0),
	(635, 30, 10, 78.00, '期末', '正常成绩', '2026-06-11 20:38:23', '2026-06-11 20:38:23', 0),
	(636, 30, 11, 82.00, '期末', '正常成绩', '2026-06-11 20:38:23', '2026-06-11 20:38:23', 0),
	(637, 30, 12, 80.00, '期末', '正常成绩', '2026-06-11 20:38:23', '2026-06-11 20:38:23', 0),
	(638, 30, 16, 75.00, '期末', '正常成绩', '2026-06-11 20:38:23', '2026-06-11 20:38:23', 0),
	(639, 30, 17, 72.00, '期末', '正常成绩', '2026-06-11 20:38:23', '2026-06-11 20:38:23', 0),
	(640, 30, 18, 78.00, '期末', '正常成绩', '2026-06-11 20:38:23', '2026-06-11 20:38:23', 0),
	-- 2025-2026 第二学期 期中
	-- 班级1
	(641, 1, 10, 80.00, '期中', '正常成绩', '2026-06-14 16:41:54', '2026-06-14 16:42:09', 0),
	(642, 1, 11, 75.00, '期中', '正常成绩', '2026-06-14 16:41:54', '2026-06-14 16:42:09', 0),
	(643, 1, 12, 82.00, '期中', '正常成绩', '2026-06-14 16:41:54', '2026-06-14 16:42:09', 0),
	(644, 1, 13, 70.00, '期中', '正常成绩', '2026-06-14 16:41:54', '2026-06-14 16:42:09', 0),
	(645, 1, 14, 85.00, '期中', '正常成绩', '2026-06-14 16:41:54', '2026-06-14 16:42:09', 0),
	(646, 1, 15, 73.00, '期中', '正常成绩', '2026-06-14 16:41:54', '2026-06-14 16:42:09', 0),
	(647, 2, 10, 88.00, '期中', '正常成绩', '2026-06-14 16:41:54', '2026-06-14 16:42:09', 0),
	(648, 2, 11, 85.00, '期中', '正常成绩', '2026-06-14 16:41:54', '2026-06-14 16:42:09', 0),
	(649, 2, 12, 76.00, '期中', '正常成绩', '2026-06-14 16:41:54', '2026-06-14 16:42:09', 0),
	(650, 2, 13, 82.00, '期中', '正常成绩', '2026-06-14 16:41:54', '2026-06-14 16:42:09', 0),
	(651, 2, 14, 90.00, '期中', '正常成绩', '2026-06-14 16:41:54', '2026-06-14 16:42:09', 0),
	(652, 2, 15, 84.00, '期中', '正常成绩', '2026-06-14 16:41:54', '2026-06-14 16:42:09', 0),
	(653, 3, 10, 72.00, '期中', '正常成绩', '2026-06-14 16:41:54', '2026-06-14 16:42:09', 0),
	(654, 3, 11, 90.00, '期中', '正常成绩', '2026-06-14 16:41:54', '2026-06-14 16:42:09', 0),
	(655, 3, 12, 80.00, '期中', '正常成绩', '2026-06-14 16:41:54', '2026-06-14 16:42:09', 0),
	(656, 3, 13, 75.00, '期中', '正常成绩', '2026-06-14 16:41:54', '2026-06-14 16:42:09', 0),
	(657, 3, 14, 83.00, '期中', '正常成绩', '2026-06-14 16:41:54', '2026-06-14 16:42:09', 0),
	(658, 3, 15, 77.00, '期中', '正常成绩', '2026-06-14 16:41:54', '2026-06-14 16:42:09', 0),
	(659, 4, 10, 85.00, '期中', '正常成绩', '2026-06-14 16:41:54', '2026-06-14 16:42:09', 0),
	(660, 4, 11, 82.00, '期中', '正常成绩', '2026-06-14 16:41:54', '2026-06-14 16:42:09', 0),
	(661, 4, 12, 88.00, '期中', '正常成绩', '2026-06-14 16:41:54', '2026-06-14 16:42:09', 0),
	(662, 4, 13, 79.00, '期中', '正常成绩', '2026-06-14 16:41:54', '2026-06-14 16:42:09', 0),
	(663, 4, 14, 76.00, '期中', '正常成绩', '2026-06-14 16:41:54', '2026-06-14 16:42:09', 0),
	(664, 4, 15, 83.00, '期中', '正常成绩', '2026-06-14 16:41:54', '2026-06-14 16:42:09', 0),
	(665, 5, 10, 76.00, '期中', '正常成绩', '2026-06-14 16:41:54', '2026-06-14 16:42:09', 0),
	(666, 5, 11, 91.00, '期中', '正常成绩', '2026-06-14 16:41:54', '2026-06-14 16:42:09', 0),
	(667, 5, 12, 83.00, '期中', '正常成绩', '2026-06-14 16:41:54', '2026-06-14 16:42:09', 0),
	(668, 5, 13, 88.00, '期中', '正常成绩', '2026-06-14 16:41:54', '2026-06-14 16:42:09', 0),
	(669, 5, 14, 85.00, '期中', '正常成绩', '2026-06-14 16:41:54', '2026-06-14 16:42:09', 0),
	(670, 5, 15, 79.00, '期中', '正常成绩', '2026-06-14 16:41:54', '2026-06-14 16:42:09', 0),
	(671, 6, 10, 83.00, '期中', '正常成绩', '2026-06-14 16:41:54', '2026-06-14 16:42:09', 0),
	(672, 6, 11, 79.00, '期中', '正常成绩', '2026-06-14 16:41:54', '2026-06-14 16:42:09', 0),
	(673, 6, 12, 75.00, '期中', '正常成绩', '2026-06-14 16:41:54', '2026-06-14 16:42:09', 0),
	(674, 6, 13, 82.00, '期中', '正常成绩', '2026-06-14 16:41:54', '2026-06-14 16:42:09', 0),
	(675, 6, 14, 87.00, '期中', '正常成绩', '2026-06-14 16:41:54', '2026-06-14 16:42:09', 0),
	(676, 6, 15, 76.00, '期中', '正常成绩', '2026-06-14 16:41:54', '2026-06-14 16:42:09', 0),
	(677, 7, 10, 89.00, '期中', '正常成绩', '2026-06-14 16:41:54', '2026-06-14 16:42:09', 0),
	(678, 7, 11, 75.00, '期中', '正常成绩', '2026-06-14 16:41:54', '2026-06-14 16:42:09', 0),
	(679, 7, 12, 82.00, '期中', '正常成绩', '2026-06-14 16:41:54', '2026-06-14 16:42:09', 0),
	(680, 7, 13, 77.00, '期中', '正常成绩', '2026-06-14 16:41:54', '2026-06-14 16:42:09', 0),
	(681, 7, 14, 83.00, '期中', '正常成绩', '2026-06-14 16:41:54', '2026-06-14 16:42:09', 0),
	(682, 7, 15, 88.00, '期中', '正常成绩', '2026-06-14 16:41:54', '2026-06-14 16:42:09', 0),
	(683, 8, 10, 81.00, '期中', '正常成绩', '2026-06-14 16:41:54', '2026-06-14 16:42:09', 0),
	(684, 8, 11, 86.00, '期中', '正常成绩', '2026-06-14 16:41:54', '2026-06-14 16:42:09', 0),
	(685, 8, 12, 89.00, '期中', '正常成绩', '2026-06-14 16:41:54', '2026-06-14 16:42:09', 0),
	(686, 8, 13, 75.00, '期中', '正常成绩', '2026-06-14 16:41:54', '2026-06-14 16:42:09', 0),
	(687, 8, 14, 82.00, '期中', '正常成绩', '2026-06-14 16:41:54', '2026-06-14 16:42:09', 0),
	(688, 8, 15, 85.00, '期中', '正常成绩', '2026-06-14 16:41:54', '2026-06-14 16:42:09', 0),
	(689, 9, 10, 75.00, '期中', '正常成绩', '2026-06-14 16:41:54', '2026-06-14 16:42:09', 0),
	(690, 9, 11, 83.00, '期中', '正常成绩', '2026-06-14 16:41:54', '2026-06-14 16:42:09', 0),
	(691, 9, 12, 77.00, '期中', '正常成绩', '2026-06-14 16:41:54', '2026-06-14 16:42:09', 0),
	(692, 9, 13, 89.00, '期中', '正常成绩', '2026-06-14 16:41:54', '2026-06-14 16:42:09', 0),
	(693, 9, 14, 85.00, '期中', '正常成绩', '2026-06-14 16:41:54', '2026-06-14 16:42:09', 0),
	(694, 9, 15, 82.00, '期中', '正常成绩', '2026-06-14 16:41:54', '2026-06-14 16:42:09', 0),
	(695, 10, 10, 87.00, '期中', '正常成绩', '2026-06-14 16:41:54', '2026-06-14 16:42:09', 0),
	(696, 10, 11, 79.00, '期中', '正常成绩', '2026-06-14 16:41:54', '2026-06-14 16:42:09', 0),
	(697, 10, 12, 85.00, '期中', '正常成绩', '2026-06-14 16:41:54', '2026-06-14 16:42:09', 0),
	(698, 10, 13, 82.00, '期中', '正常成绩', '2026-06-14 16:41:54', '2026-06-14 16:42:09', 0),
	(699, 10, 14, 76.00, '期中', '正常成绩', '2026-06-14 16:41:54', '2026-06-14 16:42:09', 0),
	(700, 10, 15, 83.00, '期中', '正常成绩', '2026-06-14 16:41:54', '2026-06-14 16:42:09', 0),
	-- 班级2
	(701, 11, 10, 82.00, '期中', '正常成绩', '2026-06-14 16:41:54', '2026-06-14 16:42:09', 0),
	(702, 11, 11, 79.00, '期中', '正常成绩', '2026-06-14 16:41:54', '2026-06-14 16:42:09', 0),
	(703, 11, 12, 85.00, '期中', '正常成绩', '2026-06-14 16:41:54', '2026-06-14 16:42:09', 0),
	(704, 11, 13, 76.00, '期中', '正常成绩', '2026-06-14 16:41:54', '2026-06-14 16:42:09', 0),
	(705, 11, 14, 83.00, '期中', '正常成绩', '2026-06-14 16:41:54', '2026-06-14 16:42:09', 0),
	(706, 11, 15, 77.00, '期中', '正常成绩', '2026-06-14 16:41:54', '2026-06-14 16:42:09', 0),
	(707, 12, 10, 75.00, '期中', '正常成绩', '2026-06-14 16:41:54', '2026-06-14 16:42:09', 0),
	(708, 12, 11, 88.00, '期中', '正常成绩', '2026-06-14 16:41:54', '2026-06-14 16:42:09', 0),
	(709, 12, 12, 82.00, '期中', '正常成绩', '2026-06-14 16:41:54', '2026-06-14 16:42:09', 0),
	(710, 12, 13, 85.00, '期中', '正常成绩', '2026-06-14 16:41:54', '2026-06-14 16:42:09', 0),
	(711, 12, 14, 79.00, '期中', '正常成绩', '2026-06-14 16:41:54', '2026-06-14 16:42:09', 0),
	(712, 12, 15, 76.00, '期中', '正常成绩', '2026-06-14 16:41:54', '2026-06-14 16:42:09', 0),
	(713, 13, 10, 89.00, '期中', '正常成绩', '2026-06-14 16:41:54', '2026-06-14 16:42:09', 0),
	(714, 13, 11, 82.00, '期中', '正常成绩', '2026-06-14 16:41:54', '2026-06-14 16:42:09', 0),
	(715, 13, 12, 76.00, '期中', '正常成绩', '2026-06-14 16:41:54', '2026-06-14 16:42:09', 0),
	(716, 13, 13, 83.00, '期中', '正常成绩', '2026-06-14 16:41:54', '2026-06-14 16:42:09', 0),
	(717, 13, 14, 87.00, '期中', '正常成绩', '2026-06-14 16:41:54', '2026-06-14 16:42:09', 0),
	(718, 13, 15, 81.00, '期中', '正常成绩', '2026-06-14 16:41:54', '2026-06-14 16:42:09', 0),
	(719, 14, 10, 85.00, '期中', '正常成绩', '2026-06-14 16:41:54', '2026-06-14 16:42:09', 0),
	(720, 14, 11, 76.00, '期中', '正常成绩', '2026-06-14 16:41:54', '2026-06-14 16:42:09', 0),
	(721, 14, 12, 89.00, '期中', '正常成绩', '2026-06-14 16:41:54', '2026-06-14 16:42:09', 0),
	(722, 14, 13, 82.00, '期中', '正常成绩', '2026-06-14 16:41:54', '2026-06-14 16:42:09', 0),
	(723, 14, 14, 79.00, '期中', '正常成绩', '2026-06-14 16:41:54', '2026-06-14 16:42:09', 0),
	(724, 14, 15, 85.00, '期中', '正常成绩', '2026-06-14 16:41:54', '2026-06-14 16:42:09', 0),
	(725, 15, 10, 73.00, '期中', '正常成绩', '2026-06-14 16:41:54', '2026-06-14 16:42:09', 0),
	(726, 15, 11, 85.00, '期中', '正常成绩', '2026-06-14 16:41:54', '2026-06-14 16:42:09', 0),
	(727, 15, 12, 79.00, '期中', '正常成绩', '2026-06-14 16:41:54', '2026-06-14 16:42:09', 0),
	(728, 15, 13, 87.00, '期中', '正常成绩', '2026-06-14 16:41:54', '2026-06-14 16:42:09', 0),
	(729, 15, 14, 82.00, '期中', '正常成绩', '2026-06-14 16:41:54', '2026-06-14 16:42:09', 0),
	(730, 15, 15, 76.00, '期中', '正常成绩', '2026-06-14 16:41:54', '2026-06-14 16:42:09', 0),
	(731, 16, 10, 82.00, '期中', '正常成绩', '2026-06-14 16:41:54', '2026-06-14 16:42:09', 0),
	(732, 16, 11, 89.00, '期中', '正常成绩', '2026-06-14 16:41:54', '2026-06-14 16:42:09', 0),
	(733, 16, 12, 85.00, '期中', '正常成绩', '2026-06-14 16:41:54', '2026-06-14 16:42:09', 0),
	(734, 16, 13, 75.00, '期中', '正常成绩', '2026-06-14 16:41:54', '2026-06-14 16:42:09', 0),
	(735, 16, 14, 83.00, '期中', '正常成绩', '2026-06-14 16:41:54', '2026-06-14 16:42:09', 0),
	(736, 16, 15, 87.00, '期中', '正常成绩', '2026-06-14 16:41:54', '2026-06-14 16:42:09', 0),
	(737, 17, 10, 87.00, '期中', '正常成绩', '2026-06-14 16:41:54', '2026-06-14 16:42:09', 0),
	(738, 17, 11, 82.00, '期中', '正常成绩', '2026-06-14 16:41:54', '2026-06-14 16:42:09', 0),
	(739, 17, 12, 79.00, '期中', '正常成绩', '2026-06-14 16:41:54', '2026-06-14 16:42:09', 0),
	(740, 17, 13, 85.00, '期中', '正常成绩', '2026-06-14 16:41:54', '2026-06-14 16:42:09', 0),
	(741, 17, 14, 76.00, '期中', '正常成绩', '2026-06-14 16:41:54', '2026-06-14 16:42:09', 0),
	(742, 17, 15, 83.00, '期中', '正常成绩', '2026-06-14 16:41:54', '2026-06-14 16:42:09', 0),
	(743, 18, 10, 79.00, '期中', '正常成绩', '2026-06-14 16:41:54', '2026-06-14 16:42:09', 0),
	(744, 18, 11, 85.00, '期中', '正常成绩', '2026-06-14 16:41:54', '2026-06-14 16:42:09', 0),
	(745, 18, 12, 87.00, '期中', '正常成绩', '2026-06-14 16:41:54', '2026-06-14 16:42:09', 0),
	(746, 18, 13, 82.00, '期中', '正常成绩', '2026-06-14 16:41:54', '2026-06-14 16:42:09', 0),
	(747, 18, 14, 79.00, '期中', '正常成绩', '2026-06-14 16:41:54', '2026-06-14 16:42:09', 0),
	(748, 18, 15, 75.00, '期中', '正常成绩', '2026-06-14 16:41:54', '2026-06-14 16:42:09', 0),
	(749, 19, 10, 85.00, '期中', '正常成绩', '2026-06-14 16:41:54', '2026-06-14 16:42:09', 0),
	(750, 19, 11, 79.00, '期中', '正常成绩', '2026-06-14 16:41:54', '2026-06-14 16:42:09', 0),
	(751, 19, 12, 82.00, '期中', '正常成绩', '2026-06-14 16:41:54', '2026-06-14 16:42:09', 0),
	(752, 19, 13, 76.00, '期中', '正常成绩', '2026-06-14 16:41:54', '2026-06-14 16:42:09', 0),
	(753, 19, 14, 89.00, '期中', '正常成绩', '2026-06-14 16:41:54', '2026-06-14 16:42:09', 0),
	(754, 19, 15, 85.00, '期中', '正常成绩', '2026-06-14 16:41:54', '2026-06-14 16:42:09', 0),
	(755, 20, 10, 82.00, '期中', '正常成绩', '2026-06-14 16:41:54', '2026-06-14 16:42:09', 0),
	(756, 20, 11, 87.00, '期中', '正常成绩', '2026-06-14 16:41:54', '2026-06-14 16:42:09', 0),
	(757, 20, 12, 79.00, '期中', '正常成绩', '2026-06-14 16:41:54', '2026-06-14 16:42:09', 0),
	(758, 20, 13, 85.00, '期中', '正常成绩', '2026-06-14 16:41:54', '2026-06-14 16:42:09', 0),
	(759, 20, 14, 83.00, '期中', '正常成绩', '2026-06-14 16:41:54', '2026-06-14 16:42:09', 0),
	(760, 20, 15, 82.00, '期中', '正常成绩', '2026-06-14 16:41:54', '2026-06-14 16:42:09', 0),
	-- 班级3
	(761, 21, 10, 79.00, '期中', '正常成绩', '2026-06-14 16:41:54', '2026-06-14 16:42:09', 0),
	(762, 21, 11, 75.00, '期中', '正常成绩', '2026-06-14 16:41:54', '2026-06-14 16:42:09', 0),
	(763, 21, 12, 82.00, '期中', '正常成绩', '2026-06-14 16:41:54', '2026-06-14 16:42:09', 0),
	(764, 21, 16, 85.00, '期中', '正常成绩', '2026-06-14 16:41:54', '2026-06-14 16:42:09', 0),
	(765, 21, 17, 79.00, '期中', '正常成绩', '2026-06-14 16:41:54', '2026-06-14 16:42:09', 0),
	(766, 21, 18, 83.00, '期中', '正常成绩', '2026-06-14 16:41:54', '2026-06-14 16:42:09', 0),
	(767, 22, 10, 72.00, '期中', '正常成绩', '2026-06-14 16:41:54', '2026-06-14 16:42:09', 0),
	(768, 22, 11, 79.00, '期中', '正常成绩', '2026-06-14 16:41:54', '2026-06-14 16:42:09', 0),
	(769, 22, 12, 75.00, '期中', '正常成绩', '2026-06-14 16:41:54', '2026-06-14 16:42:09', 0),
	(770, 22, 16, 77.00, '期中', '正常成绩', '2026-06-14 16:41:54', '2026-06-14 16:42:09', 0),
	(771, 22, 17, 73.00, '期中', '正常成绩', '2026-06-14 16:41:54', '2026-06-14 16:42:09', 0),
	(772, 22, 18, 79.00, '期中', '正常成绩', '2026-06-14 16:41:54', '2026-06-14 16:42:09', 0),
	(773, 23, 10, 89.00, '期中', '正常成绩', '2026-06-14 16:41:54', '2026-06-14 16:42:09', 0),
	(774, 23, 11, 85.00, '期中', '正常成绩', '2026-06-14 16:41:54', '2026-06-14 16:42:09', 0),
	(775, 23, 12, 82.00, '期中', '正常成绩', '2026-06-14 16:41:54', '2026-06-14 16:42:09', 0),
	(776, 23, 16, 87.00, '期中', '正常成绩', '2026-06-14 16:41:54', '2026-06-14 16:42:09', 0),
	(777, 23, 17, 85.00, '期中', '正常成绩', '2026-06-14 16:41:54', '2026-06-14 16:42:09', 0),
	(778, 23, 18, 89.00, '期中', '正常成绩', '2026-06-14 16:41:54', '2026-06-14 16:42:09', 0),
	(779, 24, 10, 85.00, '期中', '正常成绩', '2026-06-14 16:41:54', '2026-06-14 16:42:09', 0),
	(780, 24, 11, 82.00, '期中', '正常成绩', '2026-06-14 16:41:54', '2026-06-14 16:42:09', 0),
	(781, 24, 12, 89.00, '期中', '正常成绩', '2026-06-14 16:41:54', '2026-06-14 16:42:09', 0),
	(782, 24, 16, 83.00, '期中', '正常成绩', '2026-06-14 16:41:54', '2026-06-14 16:42:09', 0),
	(783, 24, 17, 87.00, '期中', '正常成绩', '2026-06-14 16:41:54', '2026-06-14 16:42:09', 0),
	(784, 24, 18, 85.00, '期中', '正常成绩', '2026-06-14 16:41:54', '2026-06-14 16:42:09', 0),
	(785, 25, 10, 65.00, '期中', '正常成绩', '2026-06-14 16:41:54', '2026-06-14 16:42:09', 0),
	(786, 25, 11, 69.00, '期中', '正常成绩', '2026-06-14 16:41:54', '2026-06-14 16:42:09', 0),
	(787, 25, 12, 62.00, '期中', '正常成绩', '2026-06-14 16:41:54', '2026-06-14 16:42:09', 0),
	(788, 25, 16, 67.00, '期中', '正常成绩', '2026-06-14 16:41:54', '2026-06-14 16:42:09', 0),
	(789, 25, 17, 65.00, '期中', '正常成绩', '2026-06-14 16:41:54', '2026-06-14 16:42:09', 0),
	(790, 25, 18, 69.00, '期中', '正常成绩', '2026-06-14 16:41:54', '2026-06-14 16:42:09', 0),
	(791, 26, 10, 79.00, '期中', '正常成绩', '2026-06-14 16:41:54', '2026-06-14 16:42:09', 0),
	(792, 26, 11, 75.00, '期中', '正常成绩', '2026-06-14 16:41:54', '2026-06-14 16:42:09', 0),
	(793, 26, 12, 82.00, '期中', '正常成绩', '2026-06-14 16:41:54', '2026-06-14 16:42:09', 0),
	(794, 26, 16, 77.00, '期中', '正常成绩', '2026-06-14 16:41:54', '2026-06-14 16:42:09', 0),
	(795, 26, 17, 79.00, '期中', '正常成绩', '2026-06-14 16:41:54', '2026-06-14 16:42:09', 0),
	(796, 26, 18, 75.00, '期中', '正常成绩', '2026-06-14 16:41:54', '2026-06-14 16:42:09', 0),
	(797, 27, 10, 72.00, '期中', '正常成绩', '2026-06-14 16:41:54', '2026-06-14 16:42:09', 0),
	(798, 27, 11, 77.00, '期中', '正常成绩', '2026-06-14 16:41:54', '2026-06-14 16:42:09', 0),
	(799, 27, 12, 75.00, '期中', '正常成绩', '2026-06-14 16:41:54', '2026-06-14 16:42:09', 0),
	(800, 27, 16, 69.00, '期中', '正常成绩', '2026-06-14 16:41:54', '2026-06-14 16:42:09', 0),
	(801, 27, 17, 72.00, '期中', '正常成绩', '2026-06-14 16:41:54', '2026-06-14 16:42:09', 0),
	(802, 27, 18, 77.00, '期中', '正常成绩', '2026-06-14 16:41:54', '2026-06-14 16:42:09', 0),
	(803, 28, 10, 83.00, '期中', '正常成绩', '2026-06-14 16:41:54', '2026-06-14 16:42:09', 0),
	(804, 28, 11, 79.00, '期中', '正常成绩', '2026-06-14 16:41:54', '2026-06-14 16:42:09', 0),
	(805, 28, 12, 85.00, '期中', '正常成绩', '2026-06-14 16:41:54', '2026-06-14 16:42:09', 0),
	(806, 28, 16, 82.00, '期中', '正常成绩', '2026-06-14 16:41:54', '2026-06-14 16:42:09', 0),
	(807, 28, 17, 77.00, '期中', '正常成绩', '2026-06-14 16:41:54', '2026-06-14 16:42:09', 0),
	(808, 28, 18, 83.00, '期中', '正常成绩', '2026-06-14 16:41:54', '2026-06-14 16:42:09', 0),
	(809, 29, 10, 87.00, '期中', '正常成绩', '2026-06-14 16:41:54', '2026-06-14 16:42:09', 0),
	(810, 29, 11, 85.00, '期中', '正常成绩', '2026-06-14 16:41:54', '2026-06-14 16:42:09', 0),
	(811, 29, 12, 82.00, '期中', '正常成绩', '2026-06-14 16:41:54', '2026-06-14 16:42:09', 0),
	(812, 29, 16, 89.00, '期中', '正常成绩', '2026-06-14 16:41:54', '2026-06-14 16:42:09', 0),
	(813, 29, 17, 87.00, '期中', '正常成绩', '2026-06-14 16:41:54', '2026-06-14 16:42:09', 0),
	(814, 29, 18, 85.00, '期中', '正常成绩', '2026-06-14 16:41:54', '2026-06-14 16:42:09', 0),
	(815, 30, 10, 75.00, '期中', '正常成绩', '2026-06-14 16:41:54', '2026-06-14 16:42:09', 0),
	(816, 30, 11, 79.00, '期中', '正常成绩', '2026-06-14 16:41:54', '2026-06-14 16:42:09', 0),
	(817, 30, 12, 77.00, '期中', '正常成绩', '2026-06-14 16:41:54', '2026-06-14 16:42:09', 0),
	(818, 30, 16, 72.00, '期中', '正常成绩', '2026-06-14 16:41:54', '2026-06-14 16:42:09', 0),
	(819, 30, 17, 69.00, '期中', '正常成绩', '2026-06-14 16:41:54', '2026-06-14 16:42:09', 0),
	(820, 30, 18, 75.00, '期中', '正常成绩', '2026-06-14 16:41:54', '2026-06-14 16:42:09', 0),
	-- ========================================
	-- 2024-2025 第一学期 期末
	-- ========================================
	-- 班级1 理科: 语19/数20/英21/物22/化23/生24
	(821, 1, 19, 80.00, '期末', '正常成绩', '2026-06-11 20:38:23', '2026-06-11 20:38:23', 0),
	(822, 1, 20, 75.00, '期末', '正常成绩', '2026-06-11 20:38:23', '2026-06-11 20:38:23', 0),
	(823, 1, 21, 83.00, '期末', '正常成绩', '2026-06-11 20:38:23', '2026-06-11 20:38:23', 0),
	(824, 1, 22, 70.00, '期末', '正常成绩', '2026-06-11 20:38:23', '2026-06-11 20:38:23', 0),
	(825, 1, 23, 86.00, '期末', '正常成绩', '2026-06-11 20:38:23', '2026-06-11 20:38:23', 0),
	(826, 1, 24, 74.00, '期末', '正常成绩', '2026-06-11 20:38:23', '2026-06-11 20:38:23', 0),
	(827, 2, 19, 89.00, '期末', '正常成绩', '2026-06-11 20:38:23', '2026-06-11 20:38:23', 0),
	(828, 2, 20, 86.00, '期末', '正常成绩', '2026-06-11 20:38:23', '2026-06-11 20:38:23', 0),
	(829, 2, 21, 77.00, '期末', '正常成绩', '2026-06-11 20:38:23', '2026-06-11 20:38:23', 0),
	(830, 2, 22, 83.00, '期末', '正常成绩', '2026-06-11 20:38:23', '2026-06-11 20:38:23', 0),
	(831, 2, 23, 90.00, '期末', '正常成绩', '2026-06-11 20:38:23', '2026-06-11 20:38:23', 0),
	(832, 2, 24, 85.00, '期末', '正常成绩', '2026-06-11 20:38:23', '2026-06-11 20:38:23', 0),
	(833, 3, 19, 73.00, '期末', '正常成绩', '2026-06-11 20:38:23', '2026-06-11 20:38:23', 0),
	(834, 3, 20, 90.00, '期末', '正常成绩', '2026-06-11 20:38:23', '2026-06-11 20:38:23', 0),
	(835, 3, 21, 81.00, '期末', '正常成绩', '2026-06-11 20:38:23', '2026-06-11 20:38:23', 0),
	(836, 3, 22, 76.00, '期末', '正常成绩', '2026-06-11 20:38:23', '2026-06-11 20:38:23', 0),
	(837, 3, 23, 84.00, '期末', '正常成绩', '2026-06-11 20:38:23', '2026-06-11 20:38:23', 0),
	(838, 3, 24, 78.00, '期末', '正常成绩', '2026-06-11 20:38:23', '2026-06-11 20:38:23', 0),
	(839, 4, 19, 86.00, '期末', '正常成绩', '2026-06-11 20:38:23', '2026-06-11 20:38:23', 0),
	(840, 4, 20, 83.00, '期末', '正常成绩', '2026-06-11 20:38:23', '2026-06-11 20:38:23', 0),
	(841, 4, 21, 89.00, '期末', '正常成绩', '2026-06-11 20:38:23', '2026-06-11 20:38:23', 0),
	(842, 4, 22, 80.00, '期末', '正常成绩', '2026-06-11 20:38:23', '2026-06-11 20:38:23', 0),
	(843, 4, 23, 77.00, '期末', '正常成绩', '2026-06-11 20:38:23', '2026-06-11 20:38:23', 0),
	(844, 4, 24, 84.00, '期末', '正常成绩', '2026-06-11 20:38:23', '2026-06-11 20:38:23', 0),
	(845, 5, 19, 77.00, '期末', '正常成绩', '2026-06-11 20:38:23', '2026-06-11 20:38:23', 0),
	(846, 5, 20, 92.00, '期末', '正常成绩', '2026-06-11 20:38:23', '2026-06-11 20:38:23', 0),
	(847, 5, 21, 84.00, '期末', '正常成绩', '2026-06-11 20:38:23', '2026-06-11 20:38:23', 0),
	(848, 5, 22, 89.00, '期末', '正常成绩', '2026-06-11 20:38:23', '2026-06-11 20:38:23', 0),
	(849, 5, 23, 86.00, '期末', '正常成绩', '2026-06-11 20:38:23', '2026-06-11 20:38:23', 0),
	(850, 5, 24, 80.00, '期末', '正常成绩', '2026-06-11 20:38:23', '2026-06-11 20:38:23', 0),
	(851, 6, 19, 84.00, '期末', '正常成绩', '2026-06-11 20:38:23', '2026-06-11 20:38:23', 0),
	(852, 6, 20, 80.00, '期末', '正常成绩', '2026-06-11 20:38:23', '2026-06-11 20:38:23', 0),
	(853, 6, 21, 76.00, '期末', '正常成绩', '2026-06-11 20:38:23', '2026-06-11 20:38:23', 0),
	(854, 6, 22, 83.00, '期末', '正常成绩', '2026-06-11 20:38:23', '2026-06-11 20:38:23', 0),
	(855, 6, 23, 88.00, '期末', '正常成绩', '2026-06-11 20:38:23', '2026-06-11 20:38:23', 0),
	(856, 6, 24, 77.00, '期末', '正常成绩', '2026-06-11 20:38:23', '2026-06-11 20:38:23', 0),
	(857, 7, 19, 90.00, '期末', '正常成绩', '2026-06-11 20:38:23', '2026-06-11 20:38:23', 0),
	(858, 7, 20, 76.00, '期末', '正常成绩', '2026-06-11 20:38:23', '2026-06-11 20:38:23', 0),
	(859, 7, 21, 83.00, '期末', '正常成绩', '2026-06-11 20:38:23', '2026-06-11 20:38:23', 0),
	(860, 7, 22, 78.00, '期末', '正常成绩', '2026-06-11 20:38:23', '2026-06-11 20:38:23', 0),
	(861, 7, 23, 84.00, '期末', '正常成绩', '2026-06-11 20:38:23', '2026-06-11 20:38:23', 0),
	(862, 7, 24, 89.00, '期末', '正常成绩', '2026-06-11 20:38:23', '2026-06-11 20:38:23', 0),
	(863, 8, 19, 82.00, '期末', '正常成绩', '2026-06-11 20:38:23', '2026-06-11 20:38:23', 0),
	(864, 8, 20, 87.00, '期末', '正常成绩', '2026-06-11 20:38:23', '2026-06-11 20:38:23', 0),
	(865, 8, 21, 90.00, '期末', '正常成绩', '2026-06-11 20:38:23', '2026-06-11 20:38:23', 0),
	(866, 8, 22, 76.00, '期末', '正常成绩', '2026-06-11 20:38:23', '2026-06-11 20:38:23', 0),
	(867, 8, 23, 83.00, '期末', '正常成绩', '2026-06-11 20:38:23', '2026-06-11 20:38:23', 0),
	(868, 8, 24, 86.00, '期末', '正常成绩', '2026-06-11 20:38:23', '2026-06-11 20:38:23', 0),
	(869, 9, 19, 76.00, '期末', '正常成绩', '2026-06-11 20:38:23', '2026-06-11 20:38:23', 0),
	(870, 9, 20, 84.00, '期末', '正常成绩', '2026-06-11 20:38:23', '2026-06-11 20:38:23', 0),
	(871, 9, 21, 78.00, '期末', '正常成绩', '2026-06-11 20:38:23', '2026-06-11 20:38:23', 0),
	(872, 9, 22, 90.00, '期末', '正常成绩', '2026-06-11 20:38:23', '2026-06-11 20:38:23', 0),
	(873, 9, 23, 86.00, '期末', '正常成绩', '2026-06-11 20:38:23', '2026-06-11 20:38:23', 0),
	(874, 9, 24, 83.00, '期末', '正常成绩', '2026-06-11 20:38:23', '2026-06-11 20:38:23', 0),
	(875, 10, 19, 88.00, '期末', '正常成绩', '2026-06-11 20:38:23', '2026-06-11 20:38:23', 0),
	(876, 10, 20, 80.00, '期末', '正常成绩', '2026-06-11 20:38:23', '2026-06-11 20:38:23', 0),
	(877, 10, 21, 86.00, '期末', '正常成绩', '2026-06-11 20:38:23', '2026-06-11 20:38:23', 0),
	(878, 10, 22, 83.00, '期末', '正常成绩', '2026-06-11 20:38:23', '2026-06-11 20:38:23', 0),
	(879, 10, 23, 77.00, '期末', '正常成绩', '2026-06-11 20:38:23', '2026-06-11 20:38:23', 0),
	(880, 10, 24, 84.00, '期末', '正常成绩', '2026-06-11 20:38:23', '2026-06-11 20:38:23', 0),
	-- 班级2 理科
	(881, 11, 19, 83.00, '期末', '正常成绩', '2026-06-11 20:38:23', '2026-06-11 20:38:23', 0),
	(882, 11, 20, 80.00, '期末', '正常成绩', '2026-06-11 20:38:23', '2026-06-11 20:38:23', 0),
	(883, 11, 21, 86.00, '期末', '正常成绩', '2026-06-11 20:38:23', '2026-06-11 20:38:23', 0),
	(884, 11, 22, 77.00, '期末', '正常成绩', '2026-06-11 20:38:23', '2026-06-11 20:38:23', 0),
	(885, 11, 23, 84.00, '期末', '正常成绩', '2026-06-11 20:38:23', '2026-06-11 20:38:23', 0),
	(886, 11, 24, 78.00, '期末', '正常成绩', '2026-06-11 20:38:23', '2026-06-11 20:38:23', 0),
	(887, 12, 19, 76.00, '期末', '正常成绩', '2026-06-11 20:38:23', '2026-06-11 20:38:23', 0),
	(888, 12, 20, 89.00, '期末', '正常成绩', '2026-06-11 20:38:23', '2026-06-11 20:38:23', 0),
	(889, 12, 21, 83.00, '期末', '正常成绩', '2026-06-11 20:38:23', '2026-06-11 20:38:23', 0),
	(890, 12, 22, 86.00, '期末', '正常成绩', '2026-06-11 20:38:23', '2026-06-11 20:38:23', 0),
	(891, 12, 23, 80.00, '期末', '正常成绩', '2026-06-11 20:38:23', '2026-06-11 20:38:23', 0),
	(892, 12, 24, 77.00, '期末', '正常成绩', '2026-06-11 20:38:23', '2026-06-11 20:38:23', 0),
	(893, 13, 19, 90.00, '期末', '正常成绩', '2026-06-11 20:38:23', '2026-06-11 20:38:23', 0),
	(894, 13, 20, 83.00, '期末', '正常成绩', '2026-06-11 20:38:23', '2026-06-11 20:38:23', 0),
	(895, 13, 21, 77.00, '期末', '正常成绩', '2026-06-11 20:38:23', '2026-06-11 20:38:23', 0),
	(896, 13, 22, 84.00, '期末', '正常成绩', '2026-06-11 20:38:23', '2026-06-11 20:38:23', 0),
	(897, 13, 23, 88.00, '期末', '正常成绩', '2026-06-11 20:38:23', '2026-06-11 20:38:23', 0),
	(898, 13, 24, 82.00, '期末', '正常成绩', '2026-06-11 20:38:23', '2026-06-11 20:38:23', 0),
	(899, 14, 19, 86.00, '期末', '正常成绩', '2026-06-11 20:38:23', '2026-06-11 20:38:23', 0),
	(900, 14, 20, 77.00, '期末', '正常成绩', '2026-06-11 20:38:23', '2026-06-11 20:38:23', 0),
	(901, 14, 21, 90.00, '期末', '正常成绩', '2026-06-11 20:38:23', '2026-06-11 20:38:23', 0),
	(902, 14, 22, 83.00, '期末', '正常成绩', '2026-06-11 20:38:23', '2026-06-11 20:38:23', 0),
	(903, 14, 23, 80.00, '期末', '正常成绩', '2026-06-11 20:38:23', '2026-06-11 20:38:23', 0),
	(904, 14, 24, 86.00, '期末', '正常成绩', '2026-06-11 20:38:23', '2026-06-11 20:38:23', 0),
	(905, 15, 19, 74.00, '期末', '正常成绩', '2026-06-11 20:38:23', '2026-06-11 20:38:23', 0),
	(906, 15, 20, 86.00, '期末', '正常成绩', '2026-06-11 20:38:23', '2026-06-11 20:38:23', 0),
	(907, 15, 21, 80.00, '期末', '正常成绩', '2026-06-11 20:38:23', '2026-06-11 20:38:23', 0),
	(908, 15, 22, 88.00, '期末', '正常成绩', '2026-06-11 20:38:23', '2026-06-11 20:38:23', 0),
	(909, 15, 23, 83.00, '期末', '正常成绩', '2026-06-11 20:38:23', '2026-06-11 20:38:23', 0),
	(910, 15, 24, 77.00, '期末', '正常成绩', '2026-06-11 20:38:23', '2026-06-11 20:38:23', 0),
	(911, 16, 19, 83.00, '期末', '正常成绩', '2026-06-11 20:38:23', '2026-06-11 20:38:23', 0),
	(912, 16, 20, 90.00, '期末', '正常成绩', '2026-06-11 20:38:23', '2026-06-11 20:38:23', 0),
	(913, 16, 21, 86.00, '期末', '正常成绩', '2026-06-11 20:38:23', '2026-06-11 20:38:23', 0),
	(914, 16, 22, 76.00, '期末', '正常成绩', '2026-06-11 20:38:23', '2026-06-11 20:38:23', 0),
	(915, 16, 23, 84.00, '期末', '正常成绩', '2026-06-11 20:38:23', '2026-06-11 20:38:23', 0),
	(916, 16, 24, 88.00, '期末', '正常成绩', '2026-06-11 20:38:23', '2026-06-11 20:38:23', 0),
	(917, 17, 19, 88.00, '期末', '正常成绩', '2026-06-11 20:38:23', '2026-06-11 20:38:23', 0),
	(918, 17, 20, 83.00, '期末', '正常成绩', '2026-06-11 20:38:23', '2026-06-11 20:38:23', 0),
	(919, 17, 21, 80.00, '期末', '正常成绩', '2026-06-11 20:38:23', '2026-06-11 20:38:23', 0),
	(920, 17, 22, 86.00, '期末', '正常成绩', '2026-06-11 20:38:23', '2026-06-11 20:38:23', 0),
	(921, 17, 23, 77.00, '期末', '正常成绩', '2026-06-11 20:38:23', '2026-06-11 20:38:23', 0),
	(922, 17, 24, 84.00, '期末', '正常成绩', '2026-06-11 20:38:23', '2026-06-11 20:38:23', 0),
	(923, 18, 19, 80.00, '期末', '正常成绩', '2026-06-11 20:38:23', '2026-06-11 20:38:23', 0),
	(924, 18, 20, 86.00, '期末', '正常成绩', '2026-06-11 20:38:23', '2026-06-11 20:38:23', 0),
	(925, 18, 21, 88.00, '期末', '正常成绩', '2026-06-11 20:38:23', '2026-06-11 20:38:23', 0),
	(926, 18, 22, 83.00, '期末', '正常成绩', '2026-06-11 20:38:23', '2026-06-11 20:38:23', 0),
	(927, 18, 23, 80.00, '期末', '正常成绩', '2026-06-11 20:38:23', '2026-06-11 20:38:23', 0),
	(928, 18, 24, 76.00, '期末', '正常成绩', '2026-06-11 20:38:23', '2026-06-11 20:38:23', 0),
	(929, 19, 19, 86.00, '期末', '正常成绩', '2026-06-11 20:38:23', '2026-06-11 20:38:23', 0),
	(930, 19, 20, 80.00, '期末', '正常成绩', '2026-06-11 20:38:23', '2026-06-11 20:38:23', 0),
	(931, 19, 21, 83.00, '期末', '正常成绩', '2026-06-11 20:38:23', '2026-06-11 20:38:23', 0),
	(932, 19, 22, 77.00, '期末', '正常成绩', '2026-06-11 20:38:23', '2026-06-11 20:38:23', 0),
	(933, 19, 23, 90.00, '期末', '正常成绩', '2026-06-11 20:38:23', '2026-06-11 20:38:23', 0),
	(934, 19, 24, 86.00, '期末', '正常成绩', '2026-06-11 20:38:23', '2026-06-11 20:38:23', 0),
	(935, 20, 19, 83.00, '期末', '正常成绩', '2026-06-11 20:38:23', '2026-06-11 20:38:23', 0),
	(936, 20, 20, 88.00, '期末', '正常成绩', '2026-06-11 20:38:23', '2026-06-11 20:38:23', 0),
	(937, 20, 21, 80.00, '期末', '正常成绩', '2026-06-11 20:38:23', '2026-06-11 20:38:23', 0),
	(938, 20, 22, 86.00, '期末', '正常成绩', '2026-06-11 20:38:23', '2026-06-11 20:38:23', 0),
	(939, 20, 23, 84.00, '期末', '正常成绩', '2026-06-11 20:38:23', '2026-06-11 20:38:23', 0),
	(940, 20, 24, 83.00, '期末', '正常成绩', '2026-06-11 20:38:23', '2026-06-11 20:38:23', 0),
	-- 班级3 文科: 语19/数20/英21/历25/地26/政27
	(941, 21, 19, 80.00, '期末', '正常成绩', '2026-06-11 20:38:23', '2026-06-11 20:38:23', 0),
	(942, 21, 20, 76.00, '期末', '正常成绩', '2026-06-11 20:38:23', '2026-06-11 20:38:23', 0),
	(943, 21, 21, 83.00, '期末', '正常成绩', '2026-06-11 20:38:23', '2026-06-11 20:38:23', 0),
	(944, 21, 25, 86.00, '期末', '正常成绩', '2026-06-11 20:38:23', '2026-06-11 20:38:23', 0),
	(945, 21, 26, 80.00, '期末', '正常成绩', '2026-06-11 20:38:23', '2026-06-11 20:38:23', 0),
	(946, 21, 27, 84.00, '期末', '正常成绩', '2026-06-11 20:38:23', '2026-06-11 20:38:23', 0),
	(947, 22, 19, 73.00, '期末', '正常成绩', '2026-06-11 20:38:23', '2026-06-11 20:38:23', 0),
	(948, 22, 20, 80.00, '期末', '正常成绩', '2026-06-11 20:38:23', '2026-06-11 20:38:23', 0),
	(949, 22, 21, 76.00, '期末', '正常成绩', '2026-06-11 20:38:23', '2026-06-11 20:38:23', 0),
	(950, 22, 25, 78.00, '期末', '正常成绩', '2026-06-11 20:38:23', '2026-06-11 20:38:23', 0),
	(951, 22, 26, 74.00, '期末', '正常成绩', '2026-06-11 20:38:23', '2026-06-11 20:38:23', 0),
	(952, 22, 27, 80.00, '期末', '正常成绩', '2026-06-11 20:38:23', '2026-06-11 20:38:23', 0),
	(953, 23, 19, 90.00, '期末', '正常成绩', '2026-06-11 20:38:23', '2026-06-11 20:38:23', 0),
	(954, 23, 20, 86.00, '期末', '正常成绩', '2026-06-11 20:38:23', '2026-06-11 20:38:23', 0),
	(955, 23, 21, 83.00, '期末', '正常成绩', '2026-06-11 20:38:23', '2026-06-11 20:38:23', 0),
	(956, 23, 25, 88.00, '期末', '正常成绩', '2026-06-11 20:38:23', '2026-06-11 20:38:23', 0),
	(957, 23, 26, 86.00, '期末', '正常成绩', '2026-06-11 20:38:23', '2026-06-11 20:38:23', 0),
	(958, 23, 27, 90.00, '期末', '正常成绩', '2026-06-11 20:38:23', '2026-06-11 20:38:23', 0),
	(959, 24, 19, 86.00, '期末', '正常成绩', '2026-06-11 20:38:23', '2026-06-11 20:38:23', 0),
	(960, 24, 20, 83.00, '期末', '正常成绩', '2026-06-11 20:38:23', '2026-06-11 20:38:23', 0),
	(961, 24, 21, 90.00, '期末', '正常成绩', '2026-06-11 20:38:23', '2026-06-11 20:38:23', 0),
	(962, 24, 25, 84.00, '期末', '正常成绩', '2026-06-11 20:38:23', '2026-06-11 20:38:23', 0),
	(963, 24, 26, 88.00, '期末', '正常成绩', '2026-06-11 20:38:23', '2026-06-11 20:38:23', 0),
	(964, 24, 27, 86.00, '期末', '正常成绩', '2026-06-11 20:38:23', '2026-06-11 20:38:23', 0),
	(965, 25, 19, 66.00, '期末', '正常成绩', '2026-06-11 20:38:23', '2026-06-11 20:38:23', 0),
	(966, 25, 20, 70.00, '期末', '正常成绩', '2026-06-11 20:38:23', '2026-06-11 20:38:23', 0),
	(967, 25, 21, 63.00, '期末', '正常成绩', '2026-06-11 20:38:23', '2026-06-11 20:38:23', 0),
	(968, 25, 25, 68.00, '期末', '正常成绩', '2026-06-11 20:38:23', '2026-06-11 20:38:23', 0),
	(969, 25, 26, 66.00, '期末', '正常成绩', '2026-06-11 20:38:23', '2026-06-11 20:38:23', 0),
	(970, 25, 27, 70.00, '期末', '正常成绩', '2026-06-11 20:38:23', '2026-06-11 20:38:23', 0),
	(971, 26, 19, 80.00, '期末', '正常成绩', '2026-06-11 20:38:23', '2026-06-11 20:38:23', 0),
	(972, 26, 20, 76.00, '期末', '正常成绩', '2026-06-11 20:38:23', '2026-06-11 20:38:23', 0),
	(973, 26, 21, 83.00, '期末', '正常成绩', '2026-06-11 20:38:23', '2026-06-11 20:38:23', 0),
	(974, 26, 25, 78.00, '期末', '正常成绩', '2026-06-11 20:38:23', '2026-06-11 20:38:23', 0),
	(975, 26, 26, 80.00, '期末', '正常成绩', '2026-06-11 20:38:23', '2026-06-11 20:38:23', 0),
	(976, 26, 27, 76.00, '期末', '正常成绩', '2026-06-11 20:38:23', '2026-06-11 20:38:23', 0),
	(977, 27, 19, 73.00, '期末', '正常成绩', '2026-06-11 20:38:23', '2026-06-11 20:38:23', 0),
	(978, 27, 20, 78.00, '期末', '正常成绩', '2026-06-11 20:38:23', '2026-06-11 20:38:23', 0),
	(979, 27, 21, 76.00, '期末', '正常成绩', '2026-06-11 20:38:23', '2026-06-11 20:38:23', 0),
	(980, 27, 25, 70.00, '期末', '正常成绩', '2026-06-11 20:38:23', '2026-06-11 20:38:23', 0),
	(981, 27, 26, 73.00, '期末', '正常成绩', '2026-06-11 20:38:23', '2026-06-11 20:38:23', 0),
	(982, 27, 27, 78.00, '期末', '正常成绩', '2026-06-11 20:38:23', '2026-06-11 20:38:23', 0),
	(983, 28, 19, 84.00, '期末', '正常成绩', '2026-06-11 20:38:23', '2026-06-11 20:38:23', 0),
	(984, 28, 20, 80.00, '期末', '正常成绩', '2026-06-11 20:38:23', '2026-06-11 20:38:23', 0),
	(985, 28, 21, 86.00, '期末', '正常成绩', '2026-06-11 20:38:23', '2026-06-11 20:38:23', 0),
	(986, 28, 25, 83.00, '期末', '正常成绩', '2026-06-11 20:38:23', '2026-06-11 20:38:23', 0),
	(987, 28, 26, 78.00, '期末', '正常成绩', '2026-06-11 20:38:23', '2026-06-11 20:38:23', 0),
	(988, 28, 27, 84.00, '期末', '正常成绩', '2026-06-11 20:38:23', '2026-06-11 20:38:23', 0),
	(989, 29, 19, 88.00, '期末', '正常成绩', '2026-06-11 20:38:23', '2026-06-11 20:38:23', 0),
	(990, 29, 20, 86.00, '期末', '正常成绩', '2026-06-11 20:38:23', '2026-06-11 20:38:23', 0),
	(991, 29, 21, 83.00, '期末', '正常成绩', '2026-06-11 20:38:23', '2026-06-11 20:38:23', 0),
	(992, 29, 25, 90.00, '期末', '正常成绩', '2026-06-11 20:38:23', '2026-06-11 20:38:23', 0),
	(993, 29, 26, 88.00, '期末', '正常成绩', '2026-06-11 20:38:23', '2026-06-11 20:38:23', 0),
	(994, 29, 27, 86.00, '期末', '正常成绩', '2026-06-11 20:38:23', '2026-06-11 20:38:23', 0),
	(995, 30, 19, 76.00, '期末', '正常成绩', '2026-06-11 20:38:23', '2026-06-11 20:38:23', 0),
	(996, 30, 20, 80.00, '期末', '正常成绩', '2026-06-11 20:38:23', '2026-06-11 20:38:23', 0),
	(997, 30, 21, 78.00, '期末', '正常成绩', '2026-06-11 20:38:23', '2026-06-11 20:38:23', 0),
	(998, 30, 25, 73.00, '期末', '正常成绩', '2026-06-11 20:38:23', '2026-06-11 20:38:23', 0),
	(999, 30, 26, 70.00, '期末', '正常成绩', '2026-06-11 20:38:23', '2026-06-11 20:38:23', 0),
	(1000, 30, 27, 76.00, '期末', '正常成绩', '2026-06-11 20:38:23', '2026-06-11 20:38:23', 0),
	-- 2024-2025 第一学期 期中
	-- 班级1
	(1001, 1, 19, 77.00, '期中', '正常成绩', '2026-06-14 16:41:54', '2026-06-14 16:42:09', 0),
	(1002, 1, 20, 72.00, '期中', '正常成绩', '2026-06-14 16:41:54', '2026-06-14 16:42:09', 0),
	(1003, 1, 21, 80.00, '期中', '正常成绩', '2026-06-14 16:41:54', '2026-06-14 16:42:09', 0),
	(1004, 1, 22, 67.00, '期中', '正常成绩', '2026-06-14 16:41:54', '2026-06-14 16:42:09', 0),
	(1005, 1, 23, 83.00, '期中', '正常成绩', '2026-06-14 16:41:54', '2026-06-14 16:42:09', 0),
	(1006, 1, 24, 71.00, '期中', '正常成绩', '2026-06-14 16:41:54', '2026-06-14 16:42:09', 0),
	(1007, 2, 19, 86.00, '期中', '正常成绩', '2026-06-14 16:41:54', '2026-06-14 16:42:09', 0),
	(1008, 2, 20, 83.00, '期中', '正常成绩', '2026-06-14 16:41:54', '2026-06-14 16:42:09', 0),
	(1009, 2, 21, 74.00, '期中', '正常成绩', '2026-06-14 16:41:54', '2026-06-14 16:42:09', 0),
	(1010, 2, 22, 80.00, '期中', '正常成绩', '2026-06-14 16:41:54', '2026-06-14 16:42:09', 0),
	(1011, 2, 23, 87.00, '期中', '正常成绩', '2026-06-14 16:41:54', '2026-06-14 16:42:09', 0),
	(1012, 2, 24, 82.00, '期中', '正常成绩', '2026-06-14 16:41:54', '2026-06-14 16:42:09', 0),
	(1013, 3, 19, 70.00, '期中', '正常成绩', '2026-06-14 16:41:54', '2026-06-14 16:42:09', 0),
	(1014, 3, 20, 87.00, '期中', '正常成绩', '2026-06-14 16:41:54', '2026-06-14 16:42:09', 0),
	(1015, 3, 21, 78.00, '期中', '正常成绩', '2026-06-14 16:41:54', '2026-06-14 16:42:09', 0),
	(1016, 3, 22, 73.00, '期中', '正常成绩', '2026-06-14 16:41:54', '2026-06-14 16:42:09', 0),
	(1017, 3, 23, 81.00, '期中', '正常成绩', '2026-06-14 16:41:54', '2026-06-14 16:42:09', 0),
	(1018, 3, 24, 75.00, '期中', '正常成绩', '2026-06-14 16:41:54', '2026-06-14 16:42:09', 0),
	(1019, 4, 19, 83.00, '期中', '正常成绩', '2026-06-14 16:41:54', '2026-06-14 16:42:09', 0),
	(1020, 4, 20, 80.00, '期中', '正常成绩', '2026-06-14 16:41:54', '2026-06-14 16:42:09', 0),
	(1021, 4, 21, 86.00, '期中', '正常成绩', '2026-06-14 16:41:54', '2026-06-14 16:42:09', 0),
	(1022, 4, 22, 77.00, '期中', '正常成绩', '2026-06-14 16:41:54', '2026-06-14 16:42:09', 0),
	(1023, 4, 23, 74.00, '期中', '正常成绩', '2026-06-14 16:41:54', '2026-06-14 16:42:09', 0),
	(1024, 4, 24, 81.00, '期中', '正常成绩', '2026-06-14 16:41:54', '2026-06-14 16:42:09', 0),
	(1025, 5, 19, 74.00, '期中', '正常成绩', '2026-06-14 16:41:54', '2026-06-14 16:42:09', 0),
	(1026, 5, 20, 89.00, '期中', '正常成绩', '2026-06-14 16:41:54', '2026-06-14 16:42:09', 0),
	(1027, 5, 21, 81.00, '期中', '正常成绩', '2026-06-14 16:41:54', '2026-06-14 16:42:09', 0),
	(1028, 5, 22, 86.00, '期中', '正常成绩', '2026-06-14 16:41:54', '2026-06-14 16:42:09', 0),
	(1029, 5, 23, 83.00, '期中', '正常成绩', '2026-06-14 16:41:54', '2026-06-14 16:42:09', 0),
	(1030, 5, 24, 77.00, '期中', '正常成绩', '2026-06-14 16:41:54', '2026-06-14 16:42:09', 0),
	(1031, 6, 19, 81.00, '期中', '正常成绩', '2026-06-14 16:41:54', '2026-06-14 16:42:09', 0),
	(1032, 6, 20, 77.00, '期中', '正常成绩', '2026-06-14 16:41:54', '2026-06-14 16:42:09', 0),
	(1033, 6, 21, 73.00, '期中', '正常成绩', '2026-06-14 16:41:54', '2026-06-14 16:42:09', 0),
	(1034, 6, 22, 80.00, '期中', '正常成绩', '2026-06-14 16:41:54', '2026-06-14 16:42:09', 0),
	(1035, 6, 23, 85.00, '期中', '正常成绩', '2026-06-14 16:41:54', '2026-06-14 16:42:09', 0),
	(1036, 6, 24, 74.00, '期中', '正常成绩', '2026-06-14 16:41:54', '2026-06-14 16:42:09', 0),
	(1037, 7, 19, 87.00, '期中', '正常成绩', '2026-06-14 16:41:54', '2026-06-14 16:42:09', 0),
	(1038, 7, 20, 73.00, '期中', '正常成绩', '2026-06-14 16:41:54', '2026-06-14 16:42:09', 0),
	(1039, 7, 21, 80.00, '期中', '正常成绩', '2026-06-14 16:41:54', '2026-06-14 16:42:09', 0),
	(1040, 7, 22, 75.00, '期中', '正常成绩', '2026-06-14 16:41:54', '2026-06-14 16:42:09', 0),
	(1041, 7, 23, 81.00, '期中', '正常成绩', '2026-06-14 16:41:54', '2026-06-14 16:42:09', 0),
	(1042, 7, 24, 86.00, '期中', '正常成绩', '2026-06-14 16:41:54', '2026-06-14 16:42:09', 0),
	(1043, 8, 19, 79.00, '期中', '正常成绩', '2026-06-14 16:41:54', '2026-06-14 16:42:09', 0),
	(1044, 8, 20, 84.00, '期中', '正常成绩', '2026-06-14 16:41:54', '2026-06-14 16:42:09', 0),
	(1045, 8, 21, 87.00, '期中', '正常成绩', '2026-06-14 16:41:54', '2026-06-14 16:42:09', 0),
	(1046, 8, 22, 73.00, '期中', '正常成绩', '2026-06-14 16:41:54', '2026-06-14 16:42:09', 0),
	(1047, 8, 23, 80.00, '期中', '正常成绩', '2026-06-14 16:41:54', '2026-06-14 16:42:09', 0),
	(1048, 8, 24, 83.00, '期中', '正常成绩', '2026-06-14 16:41:54', '2026-06-14 16:42:09', 0),
	(1049, 9, 19, 73.00, '期中', '正常成绩', '2026-06-14 16:41:54', '2026-06-14 16:42:09', 0),
	(1050, 9, 20, 81.00, '期中', '正常成绩', '2026-06-14 16:41:54', '2026-06-14 16:42:09', 0),
	(1051, 9, 21, 75.00, '期中', '正常成绩', '2026-06-14 16:41:54', '2026-06-14 16:42:09', 0),
	(1052, 9, 22, 87.00, '期中', '正常成绩', '2026-06-14 16:41:54', '2026-06-14 16:42:09', 0),
	(1053, 9, 23, 83.00, '期中', '正常成绩', '2026-06-14 16:41:54', '2026-06-14 16:42:09', 0),
	(1054, 9, 24, 80.00, '期中', '正常成绩', '2026-06-14 16:41:54', '2026-06-14 16:42:09', 0),
	(1055, 10, 19, 85.00, '期中', '正常成绩', '2026-06-14 16:41:54', '2026-06-14 16:42:09', 0),
	(1056, 10, 20, 77.00, '期中', '正常成绩', '2026-06-14 16:41:54', '2026-06-14 16:42:09', 0),
	(1057, 10, 21, 83.00, '期中', '正常成绩', '2026-06-14 16:41:54', '2026-06-14 16:42:09', 0),
	(1058, 10, 22, 80.00, '期中', '正常成绩', '2026-06-14 16:41:54', '2026-06-14 16:42:09', 0),
	(1059, 10, 23, 74.00, '期中', '正常成绩', '2026-06-14 16:41:54', '2026-06-14 16:42:09', 0),
	(1060, 10, 24, 81.00, '期中', '正常成绩', '2026-06-14 16:41:54', '2026-06-14 16:42:09', 0),
	-- 班级2
	(1061, 11, 19, 80.00, '期中', '正常成绩', '2026-06-14 16:41:54', '2026-06-14 16:42:09', 0),
	(1062, 11, 20, 77.00, '期中', '正常成绩', '2026-06-14 16:41:54', '2026-06-14 16:42:09', 0),
	(1063, 11, 21, 83.00, '期中', '正常成绩', '2026-06-14 16:41:54', '2026-06-14 16:42:09', 0),
	(1064, 11, 22, 74.00, '期中', '正常成绩', '2026-06-14 16:41:54', '2026-06-14 16:42:09', 0),
	(1065, 11, 23, 81.00, '期中', '正常成绩', '2026-06-14 16:41:54', '2026-06-14 16:42:09', 0),
	(1066, 11, 24, 75.00, '期中', '正常成绩', '2026-06-14 16:41:54', '2026-06-14 16:42:09', 0),
	(1067, 12, 19, 73.00, '期中', '正常成绩', '2026-06-14 16:41:54', '2026-06-14 16:42:09', 0),
	(1068, 12, 20, 86.00, '期中', '正常成绩', '2026-06-14 16:41:54', '2026-06-14 16:42:09', 0),
	(1069, 12, 21, 80.00, '期中', '正常成绩', '2026-06-14 16:41:54', '2026-06-14 16:42:09', 0),
	(1070, 12, 22, 83.00, '期中', '正常成绩', '2026-06-14 16:41:54', '2026-06-14 16:42:09', 0),
	(1071, 12, 23, 77.00, '期中', '正常成绩', '2026-06-14 16:41:54', '2026-06-14 16:42:09', 0),
	(1072, 12, 24, 73.00, '期中', '正常成绩', '2026-06-14 16:41:54', '2026-06-14 16:42:09', 0),
	(1073, 13, 19, 87.00, '期中', '正常成绩', '2026-06-14 16:41:54', '2026-06-14 16:42:09', 0),
	(1074, 13, 20, 80.00, '期中', '正常成绩', '2026-06-14 16:41:54', '2026-06-14 16:42:09', 0),
	(1075, 13, 21, 73.00, '期中', '正常成绩', '2026-06-14 16:41:54', '2026-06-14 16:42:09', 0),
	(1076, 13, 22, 81.00, '期中', '正常成绩', '2026-06-14 16:41:54', '2026-06-14 16:42:09', 0),
	(1077, 13, 23, 85.00, '期中', '正常成绩', '2026-06-14 16:41:54', '2026-06-14 16:42:09', 0),
	(1078, 13, 24, 79.00, '期中', '正常成绩', '2026-06-14 16:41:54', '2026-06-14 16:42:09', 0),
	(1079, 14, 19, 83.00, '期中', '正常成绩', '2026-06-14 16:41:54', '2026-06-14 16:42:09', 0),
	(1080, 14, 20, 74.00, '期中', '正常成绩', '2026-06-14 16:41:54', '2026-06-14 16:42:09', 0),
	(1081, 14, 21, 87.00, '期中', '正常成绩', '2026-06-14 16:41:54', '2026-06-14 16:42:09', 0),
	(1082, 14, 22, 80.00, '期中', '正常成绩', '2026-06-14 16:41:54', '2026-06-14 16:42:09', 0),
	(1083, 14, 23, 77.00, '期中', '正常成绩', '2026-06-14 16:41:54', '2026-06-14 16:42:09', 0),
	(1084, 14, 24, 83.00, '期中', '正常成绩', '2026-06-14 16:41:54', '2026-06-14 16:42:09', 0),
	(1085, 15, 19, 71.00, '期中', '正常成绩', '2026-06-14 16:41:54', '2026-06-14 16:42:09', 0),
	(1086, 15, 20, 83.00, '期中', '正常成绩', '2026-06-14 16:41:54', '2026-06-14 16:42:09', 0),
	(1087, 15, 21, 77.00, '期中', '正常成绩', '2026-06-14 16:41:54', '2026-06-14 16:42:09', 0),
	(1088, 15, 22, 85.00, '期中', '正常成绩', '2026-06-14 16:41:54', '2026-06-14 16:42:09', 0),
	(1089, 15, 23, 80.00, '期中', '正常成绩', '2026-06-14 16:41:54', '2026-06-14 16:42:09', 0),
	(1090, 15, 24, 74.00, '期中', '正常成绩', '2026-06-14 16:41:54', '2026-06-14 16:42:09', 0),
	(1091, 16, 19, 80.00, '期中', '正常成绩', '2026-06-14 16:41:54', '2026-06-14 16:42:09', 0),
	(1092, 16, 20, 87.00, '期中', '正常成绩', '2026-06-14 16:41:54', '2026-06-14 16:42:09', 0),
	(1093, 16, 21, 83.00, '期中', '正常成绩', '2026-06-14 16:41:54', '2026-06-14 16:42:09', 0),
	(1094, 16, 22, 73.00, '期中', '正常成绩', '2026-06-14 16:41:54', '2026-06-14 16:42:09', 0),
	(1095, 16, 23, 81.00, '期中', '正常成绩', '2026-06-14 16:41:54', '2026-06-14 16:42:09', 0),
	(1096, 16, 24, 85.00, '期中', '正常成绩', '2026-06-14 16:41:54', '2026-06-14 16:42:09', 0),
	(1097, 17, 19, 85.00, '期中', '正常成绩', '2026-06-14 16:41:54', '2026-06-14 16:42:09', 0),
	(1098, 17, 20, 80.00, '期中', '正常成绩', '2026-06-14 16:41:54', '2026-06-14 16:42:09', 0),
	(1099, 17, 21, 77.00, '期中', '正常成绩', '2026-06-14 16:41:54', '2026-06-14 16:42:09', 0),
	(1100, 17, 22, 83.00, '期中', '正常成绩', '2026-06-14 16:41:54', '2026-06-14 16:42:09', 0),
	(1101, 17, 23, 74.00, '期中', '正常成绩', '2026-06-14 16:41:54', '2026-06-14 16:42:09', 0),
	(1102, 17, 24, 81.00, '期中', '正常成绩', '2026-06-14 16:41:54', '2026-06-14 16:42:09', 0),
	(1103, 18, 19, 77.00, '期中', '正常成绩', '2026-06-14 16:41:54', '2026-06-14 16:42:09', 0),
	(1104, 18, 20, 83.00, '期中', '正常成绩', '2026-06-14 16:41:54', '2026-06-14 16:42:09', 0),
	(1105, 18, 21, 85.00, '期中', '正常成绩', '2026-06-14 16:41:54', '2026-06-14 16:42:09', 0),
	(1106, 18, 22, 80.00, '期中', '正常成绩', '2026-06-14 16:41:54', '2026-06-14 16:42:09', 0),
	(1107, 18, 23, 77.00, '期中', '正常成绩', '2026-06-14 16:41:54', '2026-06-14 16:42:09', 0),
	(1108, 18, 24, 73.00, '期中', '正常成绩', '2026-06-14 16:41:54', '2026-06-14 16:42:09', 0),
	(1109, 19, 19, 83.00, '期中', '正常成绩', '2026-06-14 16:41:54', '2026-06-14 16:42:09', 0),
	(1110, 19, 20, 77.00, '期中', '正常成绩', '2026-06-14 16:41:54', '2026-06-14 16:42:09', 0),
	(1111, 19, 21, 80.00, '期中', '正常成绩', '2026-06-14 16:41:54', '2026-06-14 16:42:09', 0),
	(1112, 19, 22, 74.00, '期中', '正常成绩', '2026-06-14 16:41:54', '2026-06-14 16:42:09', 0),
	(1113, 19, 23, 87.00, '期中', '正常成绩', '2026-06-14 16:41:54', '2026-06-14 16:42:09', 0),
	(1114, 19, 24, 83.00, '期中', '正常成绩', '2026-06-14 16:41:54', '2026-06-14 16:42:09', 0),
	(1115, 20, 19, 80.00, '期中', '正常成绩', '2026-06-14 16:41:54', '2026-06-14 16:42:09', 0),
	(1116, 20, 20, 85.00, '期中', '正常成绩', '2026-06-14 16:41:54', '2026-06-14 16:42:09', 0),
	(1117, 20, 21, 77.00, '期中', '正常成绩', '2026-06-14 16:41:54', '2026-06-14 16:42:09', 0),
	(1118, 20, 22, 83.00, '期中', '正常成绩', '2026-06-14 16:41:54', '2026-06-14 16:42:09', 0),
	(1119, 20, 23, 81.00, '期中', '正常成绩', '2026-06-14 16:41:54', '2026-06-14 16:42:09', 0),
	(1120, 20, 24, 80.00, '期中', '正常成绩', '2026-06-14 16:41:54', '2026-06-14 16:42:09', 0),
	-- 班级3
	(1121, 21, 19, 77.00, '期中', '正常成绩', '2026-06-14 16:41:54', '2026-06-14 16:42:09', 0),
	(1122, 21, 20, 73.00, '期中', '正常成绩', '2026-06-14 16:41:54', '2026-06-14 16:42:09', 0),
	(1123, 21, 21, 80.00, '期中', '正常成绩', '2026-06-14 16:41:54', '2026-06-14 16:42:09', 0),
	(1124, 21, 25, 83.00, '期中', '正常成绩', '2026-06-14 16:41:54', '2026-06-14 16:42:09', 0),
	(1125, 21, 26, 77.00, '期中', '正常成绩', '2026-06-14 16:41:54', '2026-06-14 16:42:09', 0),
	(1126, 21, 27, 81.00, '期中', '正常成绩', '2026-06-14 16:41:54', '2026-06-14 16:42:09', 0),
	(1127, 22, 19, 70.00, '期中', '正常成绩', '2026-06-14 16:41:54', '2026-06-14 16:42:09', 0),
	(1128, 22, 20, 77.00, '期中', '正常成绩', '2026-06-14 16:41:54', '2026-06-14 16:42:09', 0),
	(1129, 22, 21, 73.00, '期中', '正常成绩', '2026-06-14 16:41:54', '2026-06-14 16:42:09', 0),
	(1130, 22, 25, 75.00, '期中', '正常成绩', '2026-06-14 16:41:54', '2026-06-14 16:42:09', 0),
	(1131, 22, 26, 71.00, '期中', '正常成绩', '2026-06-14 16:41:54', '2026-06-14 16:42:09', 0),
	(1132, 22, 27, 77.00, '期中', '正常成绩', '2026-06-14 16:41:54', '2026-06-14 16:42:09', 0),
	(1133, 23, 19, 87.00, '期中', '正常成绩', '2026-06-14 16:41:54', '2026-06-14 16:42:09', 0),
	(1134, 23, 20, 83.00, '期中', '正常成绩', '2026-06-14 16:41:54', '2026-06-14 16:42:09', 0),
	(1135, 23, 21, 80.00, '期中', '正常成绩', '2026-06-14 16:41:54', '2026-06-14 16:42:09', 0),
	(1136, 23, 25, 85.00, '期中', '正常成绩', '2026-06-14 16:41:54', '2026-06-14 16:42:09', 0),
	(1137, 23, 26, 83.00, '期中', '正常成绩', '2026-06-14 16:41:54', '2026-06-14 16:42:09', 0),
	(1138, 23, 27, 87.00, '期中', '正常成绩', '2026-06-14 16:41:54', '2026-06-14 16:42:09', 0),
	(1139, 24, 19, 83.00, '期中', '正常成绩', '2026-06-14 16:41:54', '2026-06-14 16:42:09', 0),
	(1140, 24, 20, 80.00, '期中', '正常成绩', '2026-06-14 16:41:54', '2026-06-14 16:42:09', 0),
	(1141, 24, 21, 87.00, '期中', '正常成绩', '2026-06-14 16:41:54', '2026-06-14 16:42:09', 0),
	(1142, 24, 25, 81.00, '期中', '正常成绩', '2026-06-14 16:41:54', '2026-06-14 16:42:09', 0),
	(1143, 24, 26, 85.00, '期中', '正常成绩', '2026-06-14 16:41:54', '2026-06-14 16:42:09', 0),
	(1144, 24, 27, 83.00, '期中', '正常成绩', '2026-06-14 16:41:54', '2026-06-14 16:42:09', 0),
	(1145, 25, 19, 63.00, '期中', '正常成绩', '2026-06-14 16:41:54', '2026-06-14 16:42:09', 0),
	(1146, 25, 20, 67.00, '期中', '正常成绩', '2026-06-14 16:41:54', '2026-06-14 16:42:09', 0),
	(1147, 25, 21, 60.00, '期中', '正常成绩', '2026-06-14 16:41:54', '2026-06-14 16:42:09', 0),
	(1148, 25, 25, 65.00, '期中', '正常成绩', '2026-06-14 16:41:54', '2026-06-14 16:42:09', 0),
	(1149, 25, 26, 63.00, '期中', '正常成绩', '2026-06-14 16:41:54', '2026-06-14 16:42:09', 0),
	(1150, 25, 27, 67.00, '期中', '正常成绩', '2026-06-14 16:41:54', '2026-06-14 16:42:09', 0),
	(1151, 26, 19, 77.00, '期中', '正常成绩', '2026-06-14 16:41:54', '2026-06-14 16:42:09', 0),
	(1152, 26, 20, 73.00, '期中', '正常成绩', '2026-06-14 16:41:54', '2026-06-14 16:42:09', 0),
	(1153, 26, 21, 80.00, '期中', '正常成绩', '2026-06-14 16:41:54', '2026-06-14 16:42:09', 0),
	(1154, 26, 25, 75.00, '期中', '正常成绩', '2026-06-14 16:41:54', '2026-06-14 16:42:09', 0),
	(1155, 26, 26, 77.00, '期中', '正常成绩', '2026-06-14 16:41:54', '2026-06-14 16:42:09', 0),
	(1156, 26, 27, 73.00, '期中', '正常成绩', '2026-06-14 16:41:54', '2026-06-14 16:42:09', 0),
	(1157, 27, 19, 70.00, '期中', '正常成绩', '2026-06-14 16:41:54', '2026-06-14 16:42:09', 0),
	(1158, 27, 20, 75.00, '期中', '正常成绩', '2026-06-14 16:41:54', '2026-06-14 16:42:09', 0),
	(1159, 27, 21, 73.00, '期中', '正常成绩', '2026-06-14 16:41:54', '2026-06-14 16:42:09', 0),
	(1160, 27, 25, 67.00, '期中', '正常成绩', '2026-06-14 16:41:54', '2026-06-14 16:42:09', 0),
	(1161, 27, 26, 70.00, '期中', '正常成绩', '2026-06-14 16:41:54', '2026-06-14 16:42:09', 0),
	(1162, 27, 27, 75.00, '期中', '正常成绩', '2026-06-14 16:41:54', '2026-06-14 16:42:09', 0),
	(1163, 28, 19, 81.00, '期中', '正常成绩', '2026-06-14 16:41:54', '2026-06-14 16:42:09', 0),
	(1164, 28, 20, 77.00, '期中', '正常成绩', '2026-06-14 16:41:54', '2026-06-14 16:42:09', 0),
	(1165, 28, 21, 83.00, '期中', '正常成绩', '2026-06-14 16:41:54', '2026-06-14 16:42:09', 0),
	(1166, 28, 25, 80.00, '期中', '正常成绩', '2026-06-14 16:41:54', '2026-06-14 16:42:09', 0),
	(1167, 28, 26, 75.00, '期中', '正常成绩', '2026-06-14 16:41:54', '2026-06-14 16:42:09', 0),
	(1168, 28, 27, 81.00, '期中', '正常成绩', '2026-06-14 16:41:54', '2026-06-14 16:42:09', 0),
	(1169, 29, 19, 85.00, '期中', '正常成绩', '2026-06-14 16:41:54', '2026-06-14 16:42:09', 0),
	(1170, 29, 20, 83.00, '期中', '正常成绩', '2026-06-14 16:41:54', '2026-06-14 16:42:09', 0),
	(1171, 29, 21, 80.00, '期中', '正常成绩', '2026-06-14 16:41:54', '2026-06-14 16:42:09', 0),
	(1172, 29, 25, 87.00, '期中', '正常成绩', '2026-06-14 16:41:54', '2026-06-14 16:42:09', 0),
	(1173, 29, 26, 85.00, '期中', '正常成绩', '2026-06-14 16:41:54', '2026-06-14 16:42:09', 0),
	(1174, 29, 27, 83.00, '期中', '正常成绩', '2026-06-14 16:41:54', '2026-06-14 16:42:09', 0),
	(1175, 30, 19, 73.00, '期中', '正常成绩', '2026-06-14 16:41:54', '2026-06-14 16:42:09', 0),
	(1176, 30, 20, 77.00, '期中', '正常成绩', '2026-06-14 16:41:54', '2026-06-14 16:42:09', 0),
	(1177, 30, 21, 75.00, '期中', '正常成绩', '2026-06-14 16:41:54', '2026-06-14 16:42:09', 0),
	(1178, 30, 25, 70.00, '期中', '正常成绩', '2026-06-14 16:41:54', '2026-06-14 16:42:09', 0),
	(1179, 30, 26, 67.00, '期中', '正常成绩', '2026-06-14 16:41:54', '2026-06-14 16:42:09', 0),
	(1180, 30, 27, 73.00, '期中', '正常成绩', '2026-06-14 16:41:54', '2026-06-14 16:42:09', 0),
	-- ========================================
	-- 2024-2025 第二学期 期末
	-- ========================================
	-- 班级1 理科: 语28/数29/英30/物31/化32/生33
	(1181, 1, 28, 81.00, '期末', '正常成绩', '2026-06-11 20:38:23', '2026-06-11 20:38:23', 0),
	(1182, 1, 29, 76.00, '期末', '正常成绩', '2026-06-11 20:38:23', '2026-06-11 20:38:23', 0),
	(1183, 1, 30, 84.00, '期末', '正常成绩', '2026-06-11 20:38:23', '2026-06-11 20:38:23', 0),
	(1184, 1, 31, 71.00, '期末', '正常成绩', '2026-06-11 20:38:23', '2026-06-11 20:38:23', 0),
	(1185, 1, 32, 87.00, '期末', '正常成绩', '2026-06-11 20:38:23', '2026-06-11 20:38:23', 0),
	(1186, 1, 33, 75.00, '期末', '正常成绩', '2026-06-11 20:38:23', '2026-06-11 20:38:23', 0),
	(1187, 2, 28, 90.00, '期末', '正常成绩', '2026-06-11 20:38:23', '2026-06-11 20:38:23', 0),
	(1188, 2, 29, 87.00, '期末', '正常成绩', '2026-06-11 20:38:23', '2026-06-11 20:38:23', 0),
	(1189, 2, 30, 78.00, '期末', '正常成绩', '2026-06-11 20:38:23', '2026-06-11 20:38:23', 0),
	(1190, 2, 31, 84.00, '期末', '正常成绩', '2026-06-11 20:38:23', '2026-06-11 20:38:23', 0),
	(1191, 2, 32, 91.00, '期末', '正常成绩', '2026-06-11 20:38:23', '2026-06-11 20:38:23', 0),
	(1192, 2, 33, 86.00, '期末', '正常成绩', '2026-06-11 20:38:23', '2026-06-11 20:38:23', 0),
	(1193, 3, 28, 74.00, '期末', '正常成绩', '2026-06-11 20:38:23', '2026-06-11 20:38:23', 0),
	(1194, 3, 29, 91.00, '期末', '正常成绩', '2026-06-11 20:38:23', '2026-06-11 20:38:23', 0),
	(1195, 3, 30, 82.00, '期末', '正常成绩', '2026-06-11 20:38:23', '2026-06-11 20:38:23', 0),
	(1196, 3, 31, 77.00, '期末', '正常成绩', '2026-06-11 20:38:23', '2026-06-11 20:38:23', 0),
	(1197, 3, 32, 85.00, '期末', '正常成绩', '2026-06-11 20:38:23', '2026-06-11 20:38:23', 0),
	(1198, 3, 33, 79.00, '期末', '正常成绩', '2026-06-11 20:38:23', '2026-06-11 20:38:23', 0),
	(1199, 4, 28, 87.00, '期末', '正常成绩', '2026-06-11 20:38:23', '2026-06-11 20:38:23', 0),
	(1200, 4, 29, 84.00, '期末', '正常成绩', '2026-06-11 20:38:23', '2026-06-11 20:38:23', 0),
	(1201, 4, 30, 90.00, '期末', '正常成绩', '2026-06-11 20:38:23', '2026-06-11 20:38:23', 0),
	(1202, 4, 31, 81.00, '期末', '正常成绩', '2026-06-11 20:38:23', '2026-06-11 20:38:23', 0),
	(1203, 4, 32, 78.00, '期末', '正常成绩', '2026-06-11 20:38:23', '2026-06-11 20:38:23', 0),
	(1204, 4, 33, 85.00, '期末', '正常成绩', '2026-06-11 20:38:23', '2026-06-11 20:38:23', 0),
	(1205, 5, 28, 78.00, '期末', '正常成绩', '2026-06-11 20:38:23', '2026-06-11 20:38:23', 0),
	(1206, 5, 29, 93.00, '期末', '正常成绩', '2026-06-11 20:38:23', '2026-06-11 20:38:23', 0),
	(1207, 5, 30, 85.00, '期末', '正常成绩', '2026-06-11 20:38:23', '2026-06-11 20:38:23', 0),
	(1208, 5, 31, 90.00, '期末', '正常成绩', '2026-06-11 20:38:23', '2026-06-11 20:38:23', 0),
	(1209, 5, 32, 87.00, '期末', '正常成绩', '2026-06-11 20:38:23', '2026-06-11 20:38:23', 0),
	(1210, 5, 33, 81.00, '期末', '正常成绩', '2026-06-11 20:38:23', '2026-06-11 20:38:23', 0),
	(1211, 6, 28, 85.00, '期末', '正常成绩', '2026-06-11 20:38:23', '2026-06-11 20:38:23', 0),
	(1212, 6, 29, 81.00, '期末', '正常成绩', '2026-06-11 20:38:23', '2026-06-11 20:38:23', 0),
	(1213, 6, 30, 77.00, '期末', '正常成绩', '2026-06-11 20:38:23', '2026-06-11 20:38:23', 0),
	(1214, 6, 31, 84.00, '期末', '正常成绩', '2026-06-11 20:38:23', '2026-06-11 20:38:23', 0),
	(1215, 6, 32, 89.00, '期末', '正常成绩', '2026-06-11 20:38:23', '2026-06-11 20:38:23', 0),
	(1216, 6, 33, 78.00, '期末', '正常成绩', '2026-06-11 20:38:23', '2026-06-11 20:38:23', 0),
	(1217, 7, 28, 91.00, '期末', '正常成绩', '2026-06-11 20:38:23', '2026-06-11 20:38:23', 0),
	(1218, 7, 29, 77.00, '期末', '正常成绩', '2026-06-11 20:38:23', '2026-06-11 20:38:23', 0),
	(1219, 7, 30, 84.00, '期末', '正常成绩', '2026-06-11 20:38:23', '2026-06-11 20:38:23', 0),
	(1220, 7, 31, 79.00, '期末', '正常成绩', '2026-06-11 20:38:23', '2026-06-11 20:38:23', 0),
	(1221, 7, 32, 85.00, '期末', '正常成绩', '2026-06-11 20:38:23', '2026-06-11 20:38:23', 0),
	(1222, 7, 33, 90.00, '期末', '正常成绩', '2026-06-11 20:38:23', '2026-06-11 20:38:23', 0),
	(1223, 8, 28, 83.00, '期末', '正常成绩', '2026-06-11 20:38:23', '2026-06-11 20:38:23', 0),
	(1224, 8, 29, 88.00, '期末', '正常成绩', '2026-06-11 20:38:23', '2026-06-11 20:38:23', 0),
	(1225, 8, 30, 91.00, '期末', '正常成绩', '2026-06-11 20:38:23', '2026-06-11 20:38:23', 0),
	(1226, 8, 31, 77.00, '期末', '正常成绩', '2026-06-11 20:38:23', '2026-06-11 20:38:23', 0),
	(1227, 8, 32, 84.00, '期末', '正常成绩', '2026-06-11 20:38:23', '2026-06-11 20:38:23', 0),
	(1228, 8, 33, 87.00, '期末', '正常成绩', '2026-06-11 20:38:23', '2026-06-11 20:38:23', 0),
	(1229, 9, 28, 77.00, '期末', '正常成绩', '2026-06-11 20:38:23', '2026-06-11 20:38:23', 0),
	(1230, 9, 29, 85.00, '期末', '正常成绩', '2026-06-11 20:38:23', '2026-06-11 20:38:23', 0),
	(1231, 9, 30, 79.00, '期末', '正常成绩', '2026-06-11 20:38:23', '2026-06-11 20:38:23', 0),
	(1232, 9, 31, 91.00, '期末', '正常成绩', '2026-06-11 20:38:23', '2026-06-11 20:38:23', 0),
	(1233, 9, 32, 87.00, '期末', '正常成绩', '2026-06-11 20:38:23', '2026-06-11 20:38:23', 0),
	(1234, 9, 33, 84.00, '期末', '正常成绩', '2026-06-11 20:38:23', '2026-06-11 20:38:23', 0),
	(1235, 10, 28, 89.00, '期末', '正常成绩', '2026-06-11 20:38:23', '2026-06-11 20:38:23', 0),
	(1236, 10, 29, 81.00, '期末', '正常成绩', '2026-06-11 20:38:23', '2026-06-11 20:38:23', 0),
	(1237, 10, 30, 87.00, '期末', '正常成绩', '2026-06-11 20:38:23', '2026-06-11 20:38:23', 0),
	(1238, 10, 31, 84.00, '期末', '正常成绩', '2026-06-11 20:38:23', '2026-06-11 20:38:23', 0),
	(1239, 10, 32, 78.00, '期末', '正常成绩', '2026-06-11 20:38:23', '2026-06-11 20:38:23', 0),
	(1240, 10, 33, 85.00, '期末', '正常成绩', '2026-06-11 20:38:23', '2026-06-11 20:38:23', 0),
	-- 班级2 理科
	(1241, 11, 28, 84.00, '期末', '正常成绩', '2026-06-11 20:38:23', '2026-06-11 20:38:23', 0),
	(1242, 11, 29, 81.00, '期末', '正常成绩', '2026-06-11 20:38:23', '2026-06-11 20:38:23', 0),
	(1243, 11, 30, 87.00, '期末', '正常成绩', '2026-06-11 20:38:23', '2026-06-11 20:38:23', 0),
	(1244, 11, 31, 78.00, '期末', '正常成绩', '2026-06-11 20:38:23', '2026-06-11 20:38:23', 0),
	(1245, 11, 32, 85.00, '期末', '正常成绩', '2026-06-11 20:38:23', '2026-06-11 20:38:23', 0),
	(1246, 11, 33, 79.00, '期末', '正常成绩', '2026-06-11 20:38:23', '2026-06-11 20:38:23', 0),
	(1247, 12, 28, 77.00, '期末', '正常成绩', '2026-06-11 20:38:23', '2026-06-11 20:38:23', 0),
	(1248, 12, 29, 90.00, '期末', '正常成绩', '2026-06-11 20:38:23', '2026-06-11 20:38:23', 0),
	(1249, 12, 30, 84.00, '期末', '正常成绩', '2026-06-11 20:38:23', '2026-06-11 20:38:23', 0),
	(1250, 12, 31, 87.00, '期末', '正常成绩', '2026-06-11 20:38:23', '2026-06-11 20:38:23', 0),
	(1251, 12, 32, 81.00, '期末', '正常成绩', '2026-06-11 20:38:23', '2026-06-11 20:38:23', 0),
	(1252, 12, 33, 78.00, '期末', '正常成绩', '2026-06-11 20:38:23', '2026-06-11 20:38:23', 0),
	(1253, 13, 28, 91.00, '期末', '正常成绩', '2026-06-11 20:38:23', '2026-06-11 20:38:23', 0),
	(1254, 13, 29, 84.00, '期末', '正常成绩', '2026-06-11 20:38:23', '2026-06-11 20:38:23', 0),
	(1255, 13, 30, 78.00, '期末', '正常成绩', '2026-06-11 20:38:23', '2026-06-11 20:38:23', 0),
	(1256, 13, 31, 85.00, '期末', '正常成绩', '2026-06-11 20:38:23', '2026-06-11 20:38:23', 0),
	(1257, 13, 32, 89.00, '期末', '正常成绩', '2026-06-11 20:38:23', '2026-06-11 20:38:23', 0),
	(1258, 13, 33, 83.00, '期末', '正常成绩', '2026-06-11 20:38:23', '2026-06-11 20:38:23', 0),
	(1259, 14, 28, 87.00, '期末', '正常成绩', '2026-06-11 20:38:23', '2026-06-11 20:38:23', 0),
	(1260, 14, 29, 78.00, '期末', '正常成绩', '2026-06-11 20:38:23', '2026-06-11 20:38:23', 0),
	(1261, 14, 30, 91.00, '期末', '正常成绩', '2026-06-11 20:38:23', '2026-06-11 20:38:23', 0),
	(1262, 14, 31, 84.00, '期末', '正常成绩', '2026-06-11 20:38:23', '2026-06-11 20:38:23', 0),
	(1263, 14, 32, 81.00, '期末', '正常成绩', '2026-06-11 20:38:23', '2026-06-11 20:38:23', 0),
	(1264, 14, 33, 87.00, '期末', '正常成绩', '2026-06-11 20:38:23', '2026-06-11 20:38:23', 0),
	(1265, 15, 28, 75.00, '期末', '正常成绩', '2026-06-11 20:38:23', '2026-06-11 20:38:23', 0),
	(1266, 15, 29, 87.00, '期末', '正常成绩', '2026-06-11 20:38:23', '2026-06-11 20:38:23', 0),
	(1267, 15, 30, 81.00, '期末', '正常成绩', '2026-06-11 20:38:23', '2026-06-11 20:38:23', 0),
	(1268, 15, 31, 89.00, '期末', '正常成绩', '2026-06-11 20:38:23', '2026-06-11 20:38:23', 0),
	(1269, 15, 32, 84.00, '期末', '正常成绩', '2026-06-11 20:38:23', '2026-06-11 20:38:23', 0),
	(1270, 15, 33, 78.00, '期末', '正常成绩', '2026-06-11 20:38:23', '2026-06-11 20:38:23', 0),
	(1271, 16, 28, 84.00, '期末', '正常成绩', '2026-06-11 20:38:23', '2026-06-11 20:38:23', 0),
	(1272, 16, 29, 91.00, '期末', '正常成绩', '2026-06-11 20:38:23', '2026-06-11 20:38:23', 0),
	(1273, 16, 30, 87.00, '期末', '正常成绩', '2026-06-11 20:38:23', '2026-06-11 20:38:23', 0),
	(1274, 16, 31, 77.00, '期末', '正常成绩', '2026-06-11 20:38:23', '2026-06-11 20:38:23', 0),
	(1275, 16, 32, 85.00, '期末', '正常成绩', '2026-06-11 20:38:23', '2026-06-11 20:38:23', 0),
	(1276, 16, 33, 89.00, '期末', '正常成绩', '2026-06-11 20:38:23', '2026-06-11 20:38:23', 0),
	(1277, 17, 28, 89.00, '期末', '正常成绩', '2026-06-11 20:38:23', '2026-06-11 20:38:23', 0),
	(1278, 17, 29, 84.00, '期末', '正常成绩', '2026-06-11 20:38:23', '2026-06-11 20:38:23', 0),
	(1279, 17, 30, 81.00, '期末', '正常成绩', '2026-06-11 20:38:23', '2026-06-11 20:38:23', 0),
	(1280, 17, 31, 87.00, '期末', '正常成绩', '2026-06-11 20:38:23', '2026-06-11 20:38:23', 0),
	(1281, 17, 32, 78.00, '期末', '正常成绩', '2026-06-11 20:38:23', '2026-06-11 20:38:23', 0),
	(1282, 17, 33, 85.00, '期末', '正常成绩', '2026-06-11 20:38:23', '2026-06-11 20:38:23', 0),
	(1283, 18, 28, 81.00, '期末', '正常成绩', '2026-06-11 20:38:23', '2026-06-11 20:38:23', 0),
	(1284, 18, 29, 87.00, '期末', '正常成绩', '2026-06-11 20:38:23', '2026-06-11 20:38:23', 0),
	(1285, 18, 30, 89.00, '期末', '正常成绩', '2026-06-11 20:38:23', '2026-06-11 20:38:23', 0),
	(1286, 18, 31, 84.00, '期末', '正常成绩', '2026-06-11 20:38:23', '2026-06-11 20:38:23', 0),
	(1287, 18, 32, 81.00, '期末', '正常成绩', '2026-06-11 20:38:23', '2026-06-11 20:38:23', 0),
	(1288, 18, 33, 77.00, '期末', '正常成绩', '2026-06-11 20:38:23', '2026-06-11 20:38:23', 0),
	(1289, 19, 28, 87.00, '期末', '正常成绩', '2026-06-11 20:38:23', '2026-06-11 20:38:23', 0),
	(1290, 19, 29, 81.00, '期末', '正常成绩', '2026-06-11 20:38:23', '2026-06-11 20:38:23', 0),
	(1291, 19, 30, 84.00, '期末', '正常成绩', '2026-06-11 20:38:23', '2026-06-11 20:38:23', 0),
	(1292, 19, 31, 78.00, '期末', '正常成绩', '2026-06-11 20:38:23', '2026-06-11 20:38:23', 0),
	(1293, 19, 32, 91.00, '期末', '正常成绩', '2026-06-11 20:38:23', '2026-06-11 20:38:23', 0),
	(1294, 19, 33, 87.00, '期末', '正常成绩', '2026-06-11 20:38:23', '2026-06-11 20:38:23', 0),
	(1295, 20, 28, 84.00, '期末', '正常成绩', '2026-06-11 20:38:23', '2026-06-11 20:38:23', 0),
	(1296, 20, 29, 89.00, '期末', '正常成绩', '2026-06-11 20:38:23', '2026-06-11 20:38:23', 0),
	(1297, 20, 30, 81.00, '期末', '正常成绩', '2026-06-11 20:38:23', '2026-06-11 20:38:23', 0),
	(1298, 20, 31, 87.00, '期末', '正常成绩', '2026-06-11 20:38:23', '2026-06-11 20:38:23', 0),
	(1299, 20, 32, 85.00, '期末', '正常成绩', '2026-06-11 20:38:23', '2026-06-11 20:38:23', 0),
	(1300, 20, 33, 84.00, '期末', '正常成绩', '2026-06-11 20:38:23', '2026-06-11 20:38:23', 0),
	-- 班级3 文科: 语28/数29/英30/历34/地35/政36
	(1301, 21, 28, 81.00, '期末', '正常成绩', '2026-06-11 20:38:23', '2026-06-11 20:38:23', 0),
	(1302, 21, 29, 77.00, '期末', '正常成绩', '2026-06-11 20:38:23', '2026-06-11 20:38:23', 0),
	(1303, 21, 30, 84.00, '期末', '正常成绩', '2026-06-11 20:38:23', '2026-06-11 20:38:23', 0),
	(1304, 21, 34, 87.00, '期末', '正常成绩', '2026-06-11 20:38:23', '2026-06-11 20:38:23', 0),
	(1305, 21, 35, 81.00, '期末', '正常成绩', '2026-06-11 20:38:23', '2026-06-11 20:38:23', 0),
	(1306, 21, 36, 85.00, '期末', '正常成绩', '2026-06-11 20:38:23', '2026-06-11 20:38:23', 0),
	(1307, 22, 28, 74.00, '期末', '正常成绩', '2026-06-11 20:38:23', '2026-06-11 20:38:23', 0),
	(1308, 22, 29, 81.00, '期末', '正常成绩', '2026-06-11 20:38:23', '2026-06-11 20:38:23', 0),
	(1309, 22, 30, 77.00, '期末', '正常成绩', '2026-06-11 20:38:23', '2026-06-11 20:38:23', 0),
	(1310, 22, 34, 79.00, '期末', '正常成绩', '2026-06-11 20:38:23', '2026-06-11 20:38:23', 0),
	(1311, 22, 35, 75.00, '期末', '正常成绩', '2026-06-11 20:38:23', '2026-06-11 20:38:23', 0),
	(1312, 22, 36, 81.00, '期末', '正常成绩', '2026-06-11 20:38:23', '2026-06-11 20:38:23', 0),
	(1313, 23, 28, 91.00, '期末', '正常成绩', '2026-06-11 20:38:23', '2026-06-11 20:38:23', 0),
	(1314, 23, 29, 87.00, '期末', '正常成绩', '2026-06-11 20:38:23', '2026-06-11 20:38:23', 0),
	(1315, 23, 30, 84.00, '期末', '正常成绩', '2026-06-11 20:38:23', '2026-06-11 20:38:23', 0),
	(1316, 23, 34, 89.00, '期末', '正常成绩', '2026-06-11 20:38:23', '2026-06-11 20:38:23', 0),
	(1317, 23, 35, 87.00, '期末', '正常成绩', '2026-06-11 20:38:23', '2026-06-11 20:38:23', 0),
	(1318, 23, 36, 91.00, '期末', '正常成绩', '2026-06-11 20:38:23', '2026-06-11 20:38:23', 0),
	(1319, 24, 28, 87.00, '期末', '正常成绩', '2026-06-11 20:38:23', '2026-06-11 20:38:23', 0),
	(1320, 24, 29, 84.00, '期末', '正常成绩', '2026-06-11 20:38:23', '2026-06-11 20:38:23', 0),
	(1321, 24, 30, 91.00, '期末', '正常成绩', '2026-06-11 20:38:23', '2026-06-11 20:38:23', 0),
	(1322, 24, 34, 85.00, '期末', '正常成绩', '2026-06-11 20:38:23', '2026-06-11 20:38:23', 0),
	(1323, 24, 35, 89.00, '期末', '正常成绩', '2026-06-11 20:38:23', '2026-06-11 20:38:23', 0),
	(1324, 24, 36, 87.00, '期末', '正常成绩', '2026-06-11 20:38:23', '2026-06-11 20:38:23', 0),
	(1325, 25, 28, 67.00, '期末', '正常成绩', '2026-06-11 20:38:23', '2026-06-11 20:38:23', 0),
	(1326, 25, 29, 71.00, '期末', '正常成绩', '2026-06-11 20:38:23', '2026-06-11 20:38:23', 0),
	(1327, 25, 30, 64.00, '期末', '正常成绩', '2026-06-11 20:38:23', '2026-06-11 20:38:23', 0),
	(1328, 25, 34, 69.00, '期末', '正常成绩', '2026-06-11 20:38:23', '2026-06-11 20:38:23', 0),
	(1329, 25, 35, 67.00, '期末', '正常成绩', '2026-06-11 20:38:23', '2026-06-11 20:38:23', 0),
	(1330, 25, 36, 71.00, '期末', '正常成绩', '2026-06-11 20:38:23', '2026-06-11 20:38:23', 0),
	(1331, 26, 28, 81.00, '期末', '正常成绩', '2026-06-11 20:38:23', '2026-06-11 20:38:23', 0),
	(1332, 26, 29, 77.00, '期末', '正常成绩', '2026-06-11 20:38:23', '2026-06-11 20:38:23', 0),
	(1333, 26, 30, 84.00, '期末', '正常成绩', '2026-06-11 20:38:23', '2026-06-11 20:38:23', 0),
	(1334, 26, 34, 79.00, '期末', '正常成绩', '2026-06-11 20:38:23', '2026-06-11 20:38:23', 0),
	(1335, 26, 35, 81.00, '期末', '正常成绩', '2026-06-11 20:38:23', '2026-06-11 20:38:23', 0),
	(1336, 26, 36, 77.00, '期末', '正常成绩', '2026-06-11 20:38:23', '2026-06-11 20:38:23', 0),
	(1337, 27, 28, 74.00, '期末', '正常成绩', '2026-06-11 20:38:23', '2026-06-11 20:38:23', 0),
	(1338, 27, 29, 79.00, '期末', '正常成绩', '2026-06-11 20:38:23', '2026-06-11 20:38:23', 0),
	(1339, 27, 30, 77.00, '期末', '正常成绩', '2026-06-11 20:38:23', '2026-06-11 20:38:23', 0),
	(1340, 27, 34, 71.00, '期末', '正常成绩', '2026-06-11 20:38:23', '2026-06-11 20:38:23', 0),
	(1341, 27, 35, 74.00, '期末', '正常成绩', '2026-06-11 20:38:23', '2026-06-11 20:38:23', 0),
	(1342, 27, 36, 79.00, '期末', '正常成绩', '2026-06-11 20:38:23', '2026-06-11 20:38:23', 0),
	(1343, 28, 28, 85.00, '期末', '正常成绩', '2026-06-11 20:38:23', '2026-06-11 20:38:23', 0),
	(1344, 28, 29, 81.00, '期末', '正常成绩', '2026-06-11 20:38:23', '2026-06-11 20:38:23', 0),
	(1345, 28, 30, 87.00, '期末', '正常成绩', '2026-06-11 20:38:23', '2026-06-11 20:38:23', 0),
	(1346, 28, 34, 84.00, '期末', '正常成绩', '2026-06-11 20:38:23', '2026-06-11 20:38:23', 0),
	(1347, 28, 35, 79.00, '期末', '正常成绩', '2026-06-11 20:38:23', '2026-06-11 20:38:23', 0),
	(1348, 28, 36, 85.00, '期末', '正常成绩', '2026-06-11 20:38:23', '2026-06-11 20:38:23', 0),
	(1349, 29, 28, 89.00, '期末', '正常成绩', '2026-06-11 20:38:23', '2026-06-11 20:38:23', 0),
	(1350, 29, 29, 87.00, '期末', '正常成绩', '2026-06-11 20:38:23', '2026-06-11 20:38:23', 0),
	(1351, 29, 30, 84.00, '期末', '正常成绩', '2026-06-11 20:38:23', '2026-06-11 20:38:23', 0),
	(1352, 29, 34, 91.00, '期末', '正常成绩', '2026-06-11 20:38:23', '2026-06-11 20:38:23', 0),
	(1353, 29, 35, 89.00, '期末', '正常成绩', '2026-06-11 20:38:23', '2026-06-11 20:38:23', 0),
	(1354, 29, 36, 87.00, '期末', '正常成绩', '2026-06-11 20:38:23', '2026-06-11 20:38:23', 0),
	(1355, 30, 28, 77.00, '期末', '正常成绩', '2026-06-11 20:38:23', '2026-06-11 20:38:23', 0),
	(1356, 30, 29, 81.00, '期末', '正常成绩', '2026-06-11 20:38:23', '2026-06-11 20:38:23', 0),
	(1357, 30, 30, 79.00, '期末', '正常成绩', '2026-06-11 20:38:23', '2026-06-11 20:38:23', 0),
	(1358, 30, 34, 74.00, '期末', '正常成绩', '2026-06-11 20:38:23', '2026-06-11 20:38:23', 0),
	(1359, 30, 35, 71.00, '期末', '正常成绩', '2026-06-11 20:38:23', '2026-06-11 20:38:23', 0),
	(1360, 30, 36, 77.00, '期末', '正常成绩', '2026-06-11 20:38:23', '2026-06-11 20:38:23', 0),
	-- 2024-2025 第二学期 期中
	-- 班级1
	(1361, 1, 28, 78.00, '期中', '正常成绩', '2026-06-14 16:41:54', '2026-06-14 16:42:09', 0),
	(1362, 1, 29, 73.00, '期中', '正常成绩', '2026-06-14 16:41:54', '2026-06-14 16:42:09', 0),
	(1363, 1, 30, 81.00, '期中', '正常成绩', '2026-06-14 16:41:54', '2026-06-14 16:42:09', 0),
	(1364, 1, 31, 68.00, '期中', '正常成绩', '2026-06-14 16:41:54', '2026-06-14 16:42:09', 0),
	(1365, 1, 32, 84.00, '期中', '正常成绩', '2026-06-14 16:41:54', '2026-06-14 16:42:09', 0),
	(1366, 1, 33, 72.00, '期中', '正常成绩', '2026-06-14 16:41:54', '2026-06-14 16:42:09', 0),
	(1367, 2, 28, 87.00, '期中', '正常成绩', '2026-06-14 16:41:54', '2026-06-14 16:42:09', 0),
	(1368, 2, 29, 84.00, '期中', '正常成绩', '2026-06-14 16:41:54', '2026-06-14 16:42:09', 0),
	(1369, 2, 30, 75.00, '期中', '正常成绩', '2026-06-14 16:41:54', '2026-06-14 16:42:09', 0),
	(1370, 2, 31, 81.00, '期中', '正常成绩', '2026-06-14 16:41:54', '2026-06-14 16:42:09', 0),
	(1371, 2, 32, 88.00, '期中', '正常成绩', '2026-06-14 16:41:54', '2026-06-14 16:42:09', 0),
	(1372, 2, 33, 83.00, '期中', '正常成绩', '2026-06-14 16:41:54', '2026-06-14 16:42:09', 0),
	(1373, 3, 28, 71.00, '期中', '正常成绩', '2026-06-14 16:41:54', '2026-06-14 16:42:09', 0),
	(1374, 3, 29, 88.00, '期中', '正常成绩', '2026-06-14 16:41:54', '2026-06-14 16:42:09', 0),
	(1375, 3, 30, 79.00, '期中', '正常成绩', '2026-06-14 16:41:54', '2026-06-14 16:42:09', 0),
	(1376, 3, 31, 74.00, '期中', '正常成绩', '2026-06-14 16:41:54', '2026-06-14 16:42:09', 0),
	(1377, 3, 32, 82.00, '期中', '正常成绩', '2026-06-14 16:41:54', '2026-06-14 16:42:09', 0),
	(1378, 3, 33, 76.00, '期中', '正常成绩', '2026-06-14 16:41:54', '2026-06-14 16:42:09', 0),
	(1379, 4, 28, 84.00, '期中', '正常成绩', '2026-06-14 16:41:54', '2026-06-14 16:42:09', 0),
	(1380, 4, 29, 81.00, '期中', '正常成绩', '2026-06-14 16:41:54', '2026-06-14 16:42:09', 0),
	(1381, 4, 30, 87.00, '期中', '正常成绩', '2026-06-14 16:41:54', '2026-06-14 16:42:09', 0),
	(1382, 4, 31, 78.00, '期中', '正常成绩', '2026-06-14 16:41:54', '2026-06-14 16:42:09', 0),
	(1383, 4, 32, 75.00, '期中', '正常成绩', '2026-06-14 16:41:54', '2026-06-14 16:42:09', 0),
	(1384, 4, 33, 82.00, '期中', '正常成绩', '2026-06-14 16:41:54', '2026-06-14 16:42:09', 0),
	(1385, 5, 28, 75.00, '期中', '正常成绩', '2026-06-14 16:41:54', '2026-06-14 16:42:09', 0),
	(1386, 5, 29, 90.00, '期中', '正常成绩', '2026-06-14 16:41:54', '2026-06-14 16:42:09', 0),
	(1387, 5, 30, 82.00, '期中', '正常成绩', '2026-06-14 16:41:54', '2026-06-14 16:42:09', 0),
	(1388, 5, 31, 87.00, '期中', '正常成绩', '2026-06-14 16:41:54', '2026-06-14 16:42:09', 0),
	(1389, 5, 32, 84.00, '期中', '正常成绩', '2026-06-14 16:41:54', '2026-06-14 16:42:09', 0),
	(1390, 5, 33, 78.00, '期中', '正常成绩', '2026-06-14 16:41:54', '2026-06-14 16:42:09', 0),
	(1391, 6, 28, 82.00, '期中', '正常成绩', '2026-06-14 16:41:54', '2026-06-14 16:42:09', 0),
	(1392, 6, 29, 78.00, '期中', '正常成绩', '2026-06-14 16:41:54', '2026-06-14 16:42:09', 0),
	(1393, 6, 30, 74.00, '期中', '正常成绩', '2026-06-14 16:41:54', '2026-06-14 16:42:09', 0),
	(1394, 6, 31, 81.00, '期中', '正常成绩', '2026-06-14 16:41:54', '2026-06-14 16:42:09', 0),
	(1395, 6, 32, 86.00, '期中', '正常成绩', '2026-06-14 16:41:54', '2026-06-14 16:42:09', 0),
	(1396, 6, 33, 75.00, '期中', '正常成绩', '2026-06-14 16:41:54', '2026-06-14 16:42:09', 0),
	(1397, 7, 28, 88.00, '期中', '正常成绩', '2026-06-14 16:41:54', '2026-06-14 16:42:09', 0),
	(1398, 7, 29, 74.00, '期中', '正常成绩', '2026-06-14 16:41:54', '2026-06-14 16:42:09', 0),
	(1399, 7, 30, 81.00, '期中', '正常成绩', '2026-06-14 16:41:54', '2026-06-14 16:42:09', 0),
	(1400, 7, 31, 76.00, '期中', '正常成绩', '2026-06-14 16:41:54', '2026-06-14 16:42:09', 0),
	(1401, 7, 32, 82.00, '期中', '正常成绩', '2026-06-14 16:41:54', '2026-06-14 16:42:09', 0),
	(1402, 7, 33, 87.00, '期中', '正常成绩', '2026-06-14 16:41:54', '2026-06-14 16:42:09', 0),
	(1403, 8, 28, 80.00, '期中', '正常成绩', '2026-06-14 16:41:54', '2026-06-14 16:42:09', 0),
	(1404, 8, 29, 85.00, '期中', '正常成绩', '2026-06-14 16:41:54', '2026-06-14 16:42:09', 0),
	(1405, 8, 30, 88.00, '期中', '正常成绩', '2026-06-14 16:41:54', '2026-06-14 16:42:09', 0),
	(1406, 8, 31, 74.00, '期中', '正常成绩', '2026-06-14 16:41:54', '2026-06-14 16:42:09', 0),
	(1407, 8, 32, 81.00, '期中', '正常成绩', '2026-06-14 16:41:54', '2026-06-14 16:42:09', 0),
	(1408, 8, 33, 84.00, '期中', '正常成绩', '2026-06-14 16:41:54', '2026-06-14 16:42:09', 0),
	(1409, 9, 28, 74.00, '期中', '正常成绩', '2026-06-14 16:41:54', '2026-06-14 16:42:09', 0),
	(1410, 9, 29, 82.00, '期中', '正常成绩', '2026-06-14 16:41:54', '2026-06-14 16:42:09', 0),
	(1411, 9, 30, 76.00, '期中', '正常成绩', '2026-06-14 16:41:54', '2026-06-14 16:42:09', 0),
	(1412, 9, 31, 88.00, '期中', '正常成绩', '2026-06-14 16:41:54', '2026-06-14 16:42:09', 0),
	(1413, 9, 32, 84.00, '期中', '正常成绩', '2026-06-14 16:41:54', '2026-06-14 16:42:09', 0),
	(1414, 9, 33, 81.00, '期中', '正常成绩', '2026-06-14 16:41:54', '2026-06-14 16:42:09', 0),
	(1415, 10, 28, 86.00, '期中', '正常成绩', '2026-06-14 16:41:54', '2026-06-14 16:42:09', 0),
	(1416, 10, 29, 78.00, '期中', '正常成绩', '2026-06-14 16:41:54', '2026-06-14 16:42:09', 0),
	(1417, 10, 30, 84.00, '期中', '正常成绩', '2026-06-14 16:41:54', '2026-06-14 16:42:09', 0),
	(1418, 10, 31, 81.00, '期中', '正常成绩', '2026-06-14 16:41:54', '2026-06-14 16:42:09', 0),
	(1419, 10, 32, 75.00, '期中', '正常成绩', '2026-06-14 16:41:54', '2026-06-14 16:42:09', 0),
	(1420, 10, 33, 82.00, '期中', '正常成绩', '2026-06-14 16:41:54', '2026-06-14 16:42:09', 0),
	-- 班级2
	(1421, 11, 28, 81.00, '期中', '正常成绩', '2026-06-14 16:41:54', '2026-06-14 16:42:09', 0),
	(1422, 11, 29, 78.00, '期中', '正常成绩', '2026-06-14 16:41:54', '2026-06-14 16:42:09', 0),
	(1423, 11, 30, 84.00, '期中', '正常成绩', '2026-06-14 16:41:54', '2026-06-14 16:42:09', 0),
	(1424, 11, 31, 75.00, '期中', '正常成绩', '2026-06-14 16:41:54', '2026-06-14 16:42:09', 0),
	(1425, 11, 32, 82.00, '期中', '正常成绩', '2026-06-14 16:41:54', '2026-06-14 16:42:09', 0),
	(1426, 11, 33, 76.00, '期中', '正常成绩', '2026-06-14 16:41:54', '2026-06-14 16:42:09', 0),
	(1427, 12, 28, 74.00, '期中', '正常成绩', '2026-06-14 16:41:54', '2026-06-14 16:42:09', 0),
	(1428, 12, 29, 87.00, '期中', '正常成绩', '2026-06-14 16:41:54', '2026-06-14 16:42:09', 0),
	(1429, 12, 30, 81.00, '期中', '正常成绩', '2026-06-14 16:41:54', '2026-06-14 16:42:09', 0),
	(1430, 12, 31, 84.00, '期中', '正常成绩', '2026-06-14 16:41:54', '2026-06-14 16:42:09', 0),
	(1431, 12, 32, 78.00, '期中', '正常成绩', '2026-06-14 16:41:54', '2026-06-14 16:42:09', 0),
	(1432, 12, 33, 74.00, '期中', '正常成绩', '2026-06-14 16:41:54', '2026-06-14 16:42:09', 0),
	(1433, 13, 28, 88.00, '期中', '正常成绩', '2026-06-14 16:41:54', '2026-06-14 16:42:09', 0),
	(1434, 13, 29, 81.00, '期中', '正常成绩', '2026-06-14 16:41:54', '2026-06-14 16:42:09', 0),
	(1435, 13, 30, 74.00, '期中', '正常成绩', '2026-06-14 16:41:54', '2026-06-14 16:42:09', 0),
	(1436, 13, 31, 82.00, '期中', '正常成绩', '2026-06-14 16:41:54', '2026-06-14 16:42:09', 0),
	(1437, 13, 32, 86.00, '期中', '正常成绩', '2026-06-14 16:41:54', '2026-06-14 16:42:09', 0),
	(1438, 13, 33, 80.00, '期中', '正常成绩', '2026-06-14 16:41:54', '2026-06-14 16:42:09', 0),
	(1439, 14, 28, 84.00, '期中', '正常成绩', '2026-06-14 16:41:54', '2026-06-14 16:42:09', 0),
	(1440, 14, 29, 75.00, '期中', '正常成绩', '2026-06-14 16:41:54', '2026-06-14 16:42:09', 0),
	(1441, 14, 30, 88.00, '期中', '正常成绩', '2026-06-14 16:41:54', '2026-06-14 16:42:09', 0),
	(1442, 14, 31, 81.00, '期中', '正常成绩', '2026-06-14 16:41:54', '2026-06-14 16:42:09', 0),
	(1443, 14, 32, 78.00, '期中', '正常成绩', '2026-06-14 16:41:54', '2026-06-14 16:42:09', 0),
	(1444, 14, 33, 84.00, '期中', '正常成绩', '2026-06-14 16:41:54', '2026-06-14 16:42:09', 0),
	(1445, 15, 28, 72.00, '期中', '正常成绩', '2026-06-14 16:41:54', '2026-06-14 16:42:09', 0),
	(1446, 15, 29, 84.00, '期中', '正常成绩', '2026-06-14 16:41:54', '2026-06-14 16:42:09', 0),
	(1447, 15, 30, 78.00, '期中', '正常成绩', '2026-06-14 16:41:54', '2026-06-14 16:42:09', 0),
	(1448, 15, 31, 86.00, '期中', '正常成绩', '2026-06-14 16:41:54', '2026-06-14 16:42:09', 0),
	(1449, 15, 32, 81.00, '期中', '正常成绩', '2026-06-14 16:41:54', '2026-06-14 16:42:09', 0),
	(1450, 15, 33, 75.00, '期中', '正常成绩', '2026-06-14 16:41:54', '2026-06-14 16:42:09', 0),
	(1451, 16, 28, 81.00, '期中', '正常成绩', '2026-06-14 16:41:54', '2026-06-14 16:42:09', 0),
	(1452, 16, 29, 88.00, '期中', '正常成绩', '2026-06-14 16:41:54', '2026-06-14 16:42:09', 0),
	(1453, 16, 30, 84.00, '期中', '正常成绩', '2026-06-14 16:41:54', '2026-06-14 16:42:09', 0),
	(1454, 16, 31, 74.00, '期中', '正常成绩', '2026-06-14 16:41:54', '2026-06-14 16:42:09', 0),
	(1455, 16, 32, 82.00, '期中', '正常成绩', '2026-06-14 16:41:54', '2026-06-14 16:42:09', 0),
	(1456, 16, 33, 86.00, '期中', '正常成绩', '2026-06-14 16:41:54', '2026-06-14 16:42:09', 0),
	(1457, 17, 28, 86.00, '期中', '正常成绩', '2026-06-14 16:41:54', '2026-06-14 16:42:09', 0),
	(1458, 17, 29, 81.00, '期中', '正常成绩', '2026-06-14 16:41:54', '2026-06-14 16:42:09', 0),
	(1459, 17, 30, 78.00, '期中', '正常成绩', '2026-06-14 16:41:54', '2026-06-14 16:42:09', 0),
	(1460, 17, 31, 84.00, '期中', '正常成绩', '2026-06-14 16:41:54', '2026-06-14 16:42:09', 0),
	(1461, 17, 32, 75.00, '期中', '正常成绩', '2026-06-14 16:41:54', '2026-06-14 16:42:09', 0),
	(1462, 17, 33, 82.00, '期中', '正常成绩', '2026-06-14 16:41:54', '2026-06-14 16:42:09', 0),
	(1463, 18, 28, 78.00, '期中', '正常成绩', '2026-06-14 16:41:54', '2026-06-14 16:42:09', 0),
	(1464, 18, 29, 84.00, '期中', '正常成绩', '2026-06-14 16:41:54', '2026-06-14 16:42:09', 0),
	(1465, 18, 30, 86.00, '期中', '正常成绩', '2026-06-14 16:41:54', '2026-06-14 16:42:09', 0),
	(1466, 18, 31, 81.00, '期中', '正常成绩', '2026-06-14 16:41:54', '2026-06-14 16:42:09', 0),
	(1467, 18, 32, 78.00, '期中', '正常成绩', '2026-06-14 16:41:54', '2026-06-14 16:42:09', 0),
	(1468, 18, 33, 74.00, '期中', '正常成绩', '2026-06-14 16:41:54', '2026-06-14 16:42:09', 0),
	(1469, 19, 28, 84.00, '期中', '正常成绩', '2026-06-14 16:41:54', '2026-06-14 16:42:09', 0),
	(1470, 19, 29, 78.00, '期中', '正常成绩', '2026-06-14 16:41:54', '2026-06-14 16:42:09', 0),
	(1471, 19, 30, 81.00, '期中', '正常成绩', '2026-06-14 16:41:54', '2026-06-14 16:42:09', 0),
	(1472, 19, 31, 75.00, '期中', '正常成绩', '2026-06-14 16:41:54', '2026-06-14 16:42:09', 0),
	(1473, 19, 32, 88.00, '期中', '正常成绩', '2026-06-14 16:41:54', '2026-06-14 16:42:09', 0),
	(1474, 19, 33, 84.00, '期中', '正常成绩', '2026-06-14 16:41:54', '2026-06-14 16:42:09', 0),
	(1475, 20, 28, 81.00, '期中', '正常成绩', '2026-06-14 16:41:54', '2026-06-14 16:42:09', 0),
	(1476, 20, 29, 86.00, '期中', '正常成绩', '2026-06-14 16:41:54', '2026-06-14 16:42:09', 0),
	(1477, 20, 30, 78.00, '期中', '正常成绩', '2026-06-14 16:41:54', '2026-06-14 16:42:09', 0),
	(1478, 20, 31, 84.00, '期中', '正常成绩', '2026-06-14 16:41:54', '2026-06-14 16:42:09', 0),
	(1479, 20, 32, 82.00, '期中', '正常成绩', '2026-06-14 16:41:54', '2026-06-14 16:42:09', 0),
	(1480, 20, 33, 81.00, '期中', '正常成绩', '2026-06-14 16:41:54', '2026-06-14 16:42:09', 0),
	-- 班级3
	(1481, 21, 28, 78.00, '期中', '正常成绩', '2026-06-14 16:41:54', '2026-06-14 16:42:09', 0),
	(1482, 21, 29, 74.00, '期中', '正常成绩', '2026-06-14 16:41:54', '2026-06-14 16:42:09', 0),
	(1483, 21, 30, 81.00, '期中', '正常成绩', '2026-06-14 16:41:54', '2026-06-14 16:42:09', 0),
	(1484, 21, 34, 84.00, '期中', '正常成绩', '2026-06-14 16:41:54', '2026-06-14 16:42:09', 0),
	(1485, 21, 35, 78.00, '期中', '正常成绩', '2026-06-14 16:41:54', '2026-06-14 16:42:09', 0),
	(1486, 21, 36, 82.00, '期中', '正常成绩', '2026-06-14 16:41:54', '2026-06-14 16:42:09', 0),
	(1487, 22, 28, 71.00, '期中', '正常成绩', '2026-06-14 16:41:54', '2026-06-14 16:42:09', 0),
	(1488, 22, 29, 78.00, '期中', '正常成绩', '2026-06-14 16:41:54', '2026-06-14 16:42:09', 0),
	(1489, 22, 30, 74.00, '期中', '正常成绩', '2026-06-14 16:41:54', '2026-06-14 16:42:09', 0),
	(1490, 22, 34, 76.00, '期中', '正常成绩', '2026-06-14 16:41:54', '2026-06-14 16:42:09', 0),
	(1491, 22, 35, 72.00, '期中', '正常成绩', '2026-06-14 16:41:54', '2026-06-14 16:42:09', 0),
	(1492, 22, 36, 78.00, '期中', '正常成绩', '2026-06-14 16:41:54', '2026-06-14 16:42:09', 0),
	(1493, 23, 28, 88.00, '期中', '正常成绩', '2026-06-14 16:41:54', '2026-06-14 16:42:09', 0),
	(1494, 23, 29, 84.00, '期中', '正常成绩', '2026-06-14 16:41:54', '2026-06-14 16:42:09', 0),
	(1495, 23, 30, 81.00, '期中', '正常成绩', '2026-06-14 16:41:54', '2026-06-14 16:42:09', 0),
	(1496, 23, 34, 86.00, '期中', '正常成绩', '2026-06-14 16:41:54', '2026-06-14 16:42:09', 0),
	(1497, 23, 35, 84.00, '期中', '正常成绩', '2026-06-14 16:41:54', '2026-06-14 16:42:09', 0),
	(1498, 23, 36, 88.00, '期中', '正常成绩', '2026-06-14 16:41:54', '2026-06-14 16:42:09', 0),
	(1499, 24, 28, 84.00, '期中', '正常成绩', '2026-06-14 16:41:54', '2026-06-14 16:42:09', 0),
	(1500, 24, 29, 81.00, '期中', '正常成绩', '2026-06-14 16:41:54', '2026-06-14 16:42:09', 0),
	(1501, 24, 30, 88.00, '期中', '正常成绩', '2026-06-14 16:41:54', '2026-06-14 16:42:09', 0),
	(1502, 24, 34, 82.00, '期中', '正常成绩', '2026-06-14 16:41:54', '2026-06-14 16:42:09', 0),
	(1503, 24, 35, 86.00, '期中', '正常成绩', '2026-06-14 16:41:54', '2026-06-14 16:42:09', 0),
	(1504, 24, 36, 84.00, '期中', '正常成绩', '2026-06-14 16:41:54', '2026-06-14 16:42:09', 0),
	(1505, 25, 28, 64.00, '期中', '正常成绩', '2026-06-14 16:41:54', '2026-06-14 16:42:09', 0),
	(1506, 25, 29, 68.00, '期中', '正常成绩', '2026-06-14 16:41:54', '2026-06-14 16:42:09', 0),
	(1507, 25, 30, 61.00, '期中', '正常成绩', '2026-06-14 16:41:54', '2026-06-14 16:42:09', 0),
	(1508, 25, 34, 66.00, '期中', '正常成绩', '2026-06-14 16:41:54', '2026-06-14 16:42:09', 0),
	(1509, 25, 35, 64.00, '期中', '正常成绩', '2026-06-14 16:41:54', '2026-06-14 16:42:09', 0),
	(1510, 25, 36, 68.00, '期中', '正常成绩', '2026-06-14 16:41:54', '2026-06-14 16:42:09', 0),
	(1511, 26, 28, 78.00, '期中', '正常成绩', '2026-06-14 16:41:54', '2026-06-14 16:42:09', 0),
	(1512, 26, 29, 74.00, '期中', '正常成绩', '2026-06-14 16:41:54', '2026-06-14 16:42:09', 0),
	(1513, 26, 30, 81.00, '期中', '正常成绩', '2026-06-14 16:41:54', '2026-06-14 16:42:09', 0),
	(1514, 26, 34, 76.00, '期中', '正常成绩', '2026-06-14 16:41:54', '2026-06-14 16:42:09', 0),
	(1515, 26, 35, 78.00, '期中', '正常成绩', '2026-06-14 16:41:54', '2026-06-14 16:42:09', 0),
	(1516, 26, 36, 74.00, '期中', '正常成绩', '2026-06-14 16:41:54', '2026-06-14 16:42:09', 0),
	(1517, 27, 28, 71.00, '期中', '正常成绩', '2026-06-14 16:41:54', '2026-06-14 16:42:09', 0),
	(1518, 27, 29, 76.00, '期中', '正常成绩', '2026-06-14 16:41:54', '2026-06-14 16:42:09', 0),
	(1519, 27, 30, 74.00, '期中', '正常成绩', '2026-06-14 16:41:54', '2026-06-14 16:42:09', 0),
	(1520, 27, 34, 68.00, '期中', '正常成绩', '2026-06-14 16:41:54', '2026-06-14 16:42:09', 0),
	(1521, 27, 35, 71.00, '期中', '正常成绩', '2026-06-14 16:41:54', '2026-06-14 16:42:09', 0),
	(1522, 27, 36, 76.00, '期中', '正常成绩', '2026-06-14 16:41:54', '2026-06-14 16:42:09', 0),
	(1523, 28, 28, 82.00, '期中', '正常成绩', '2026-06-14 16:41:54', '2026-06-14 16:42:09', 0),
	(1524, 28, 29, 78.00, '期中', '正常成绩', '2026-06-14 16:41:54', '2026-06-14 16:42:09', 0),
	(1525, 28, 30, 84.00, '期中', '正常成绩', '2026-06-14 16:41:54', '2026-06-14 16:42:09', 0),
	(1526, 28, 34, 81.00, '期中', '正常成绩', '2026-06-14 16:41:54', '2026-06-14 16:42:09', 0),
	(1527, 28, 35, 76.00, '期中', '正常成绩', '2026-06-14 16:41:54', '2026-06-14 16:42:09', 0),
	(1528, 28, 36, 82.00, '期中', '正常成绩', '2026-06-14 16:41:54', '2026-06-14 16:42:09', 0),
	(1529, 29, 28, 86.00, '期中', '正常成绩', '2026-06-14 16:41:54', '2026-06-14 16:42:09', 0),
	(1530, 29, 29, 84.00, '期中', '正常成绩', '2026-06-14 16:41:54', '2026-06-14 16:42:09', 0),
	(1531, 29, 30, 81.00, '期中', '正常成绩', '2026-06-14 16:41:54', '2026-06-14 16:42:09', 0),
	(1532, 29, 34, 88.00, '期中', '正常成绩', '2026-06-14 16:41:54', '2026-06-14 16:42:09', 0),
	(1533, 29, 35, 86.00, '期中', '正常成绩', '2026-06-14 16:41:54', '2026-06-14 16:42:09', 0),
	(1534, 29, 36, 84.00, '期中', '正常成绩', '2026-06-14 16:41:54', '2026-06-14 16:42:09', 0),
	(1535, 30, 28, 74.00, '期中', '正常成绩', '2026-06-14 16:41:54', '2026-06-14 16:42:09', 0),
	(1536, 30, 29, 78.00, '期中', '正常成绩', '2026-06-14 16:41:54', '2026-06-14 16:42:09', 0),
	(1537, 30, 30, 76.00, '期中', '正常成绩', '2026-06-14 16:41:54', '2026-06-14 16:42:09', 0),
	(1538, 30, 34, 71.00, '期中', '正常成绩', '2026-06-14 16:41:54', '2026-06-14 16:42:09', 0),
	(1539, 30, 35, 68.00, '期中', '正常成绩', '2026-06-14 16:41:54', '2026-06-14 16:42:09', 0),
	(1540, 30, 36, 74.00, '期中', '正常成绩', '2026-06-14 16:41:54', '2026-06-14 16:42:09', 0),
	-- ========================================
	-- 2023-2024 第一学期 期末
	-- ========================================
	-- 班级1 理科: 语37/数38/英39/物40/化41/生42
	(1541, 1, 37, 79.00, '期末', '正常成绩', '2026-06-11 20:38:23', '2026-06-11 20:38:23', 0),
	(1542, 1, 38, 74.00, '期末', '正常成绩', '2026-06-11 20:38:23', '2026-06-11 20:38:23', 0),
	(1543, 1, 39, 82.00, '期末', '正常成绩', '2026-06-11 20:38:23', '2026-06-11 20:38:23', 0),
	(1544, 1, 40, 69.00, '期末', '正常成绩', '2026-06-11 20:38:23', '2026-06-11 20:38:23', 0),
	(1545, 1, 41, 85.00, '期末', '正常成绩', '2026-06-11 20:38:23', '2026-06-11 20:38:23', 0),
	(1546, 1, 42, 73.00, '期末', '正常成绩', '2026-06-11 20:38:23', '2026-06-11 20:38:23', 0),
	(1547, 2, 37, 88.00, '期末', '正常成绩', '2026-06-11 20:38:23', '2026-06-11 20:38:23', 0),
	(1548, 2, 38, 85.00, '期末', '正常成绩', '2026-06-11 20:38:23', '2026-06-11 20:38:23', 0),
	(1549, 2, 39, 76.00, '期末', '正常成绩', '2026-06-11 20:38:23', '2026-06-11 20:38:23', 0),
	(1550, 2, 40, 82.00, '期末', '正常成绩', '2026-06-11 20:38:23', '2026-06-11 20:38:23', 0),
	(1551, 2, 41, 89.00, '期末', '正常成绩', '2026-06-11 20:38:23', '2026-06-11 20:38:23', 0),
	(1552, 2, 42, 84.00, '期末', '正常成绩', '2026-06-11 20:38:23', '2026-06-11 20:38:23', 0),
	(1553, 3, 37, 72.00, '期末', '正常成绩', '2026-06-11 20:38:23', '2026-06-11 20:38:23', 0),
	(1554, 3, 38, 89.00, '期末', '正常成绩', '2026-06-11 20:38:23', '2026-06-11 20:38:23', 0),
	(1555, 3, 39, 80.00, '期末', '正常成绩', '2026-06-11 20:38:23', '2026-06-11 20:38:23', 0),
	(1556, 3, 40, 75.00, '期末', '正常成绩', '2026-06-11 20:38:23', '2026-06-11 20:38:23', 0),
	(1557, 3, 41, 83.00, '期末', '正常成绩', '2026-06-11 20:38:23', '2026-06-11 20:38:23', 0),
	(1558, 3, 42, 77.00, '期末', '正常成绩', '2026-06-11 20:38:23', '2026-06-11 20:38:23', 0),
	(1559, 4, 37, 85.00, '期末', '正常成绩', '2026-06-11 20:38:23', '2026-06-11 20:38:23', 0),
	(1560, 4, 38, 82.00, '期末', '正常成绩', '2026-06-11 20:38:23', '2026-06-11 20:38:23', 0),
	(1561, 4, 39, 88.00, '期末', '正常成绩', '2026-06-11 20:38:23', '2026-06-11 20:38:23', 0),
	(1562, 4, 40, 79.00, '期末', '正常成绩', '2026-06-11 20:38:23', '2026-06-11 20:38:23', 0),
	(1563, 4, 41, 76.00, '期末', '正常成绩', '2026-06-11 20:38:23', '2026-06-11 20:38:23', 0),
	(1564, 4, 42, 83.00, '期末', '正常成绩', '2026-06-11 20:38:23', '2026-06-11 20:38:23', 0),
	(1565, 5, 37, 76.00, '期末', '正常成绩', '2026-06-11 20:38:23', '2026-06-11 20:38:23', 0),
	(1566, 5, 38, 91.00, '期末', '正常成绩', '2026-06-11 20:38:23', '2026-06-11 20:38:23', 0),
	(1567, 5, 39, 83.00, '期末', '正常成绩', '2026-06-11 20:38:23', '2026-06-11 20:38:23', 0),
	(1568, 5, 40, 88.00, '期末', '正常成绩', '2026-06-11 20:38:23', '2026-06-11 20:38:23', 0),
	(1569, 5, 41, 85.00, '期末', '正常成绩', '2026-06-11 20:38:23', '2026-06-11 20:38:23', 0),
	(1570, 5, 42, 79.00, '期末', '正常成绩', '2026-06-11 20:38:23', '2026-06-11 20:38:23', 0),
	(1571, 6, 37, 83.00, '期末', '正常成绩', '2026-06-11 20:38:23', '2026-06-11 20:38:23', 0),
	(1572, 6, 38, 79.00, '期末', '正常成绩', '2026-06-11 20:38:23', '2026-06-11 20:38:23', 0),
	(1573, 6, 39, 75.00, '期末', '正常成绩', '2026-06-11 20:38:23', '2026-06-11 20:38:23', 0),
	(1574, 6, 40, 82.00, '期末', '正常成绩', '2026-06-11 20:38:23', '2026-06-11 20:38:23', 0),
	(1575, 6, 41, 87.00, '期末', '正常成绩', '2026-06-11 20:38:23', '2026-06-11 20:38:23', 0),
	(1576, 6, 42, 76.00, '期末', '正常成绩', '2026-06-11 20:38:23', '2026-06-11 20:38:23', 0),
	(1577, 7, 37, 89.00, '期末', '正常成绩', '2026-06-11 20:38:23', '2026-06-11 20:38:23', 0),
	(1578, 7, 38, 75.00, '期末', '正常成绩', '2026-06-11 20:38:23', '2026-06-11 20:38:23', 0),
	(1579, 7, 39, 82.00, '期末', '正常成绩', '2026-06-11 20:38:23', '2026-06-11 20:38:23', 0),
	(1580, 7, 40, 77.00, '期末', '正常成绩', '2026-06-11 20:38:23', '2026-06-11 20:38:23', 0),
	(1581, 7, 41, 83.00, '期末', '正常成绩', '2026-06-11 20:38:23', '2026-06-11 20:38:23', 0),
	(1582, 7, 42, 88.00, '期末', '正常成绩', '2026-06-11 20:38:23', '2026-06-11 20:38:23', 0),
	(1583, 8, 37, 81.00, '期末', '正常成绩', '2026-06-11 20:38:23', '2026-06-11 20:38:23', 0),
	(1584, 8, 38, 86.00, '期末', '正常成绩', '2026-06-11 20:38:23', '2026-06-11 20:38:23', 0),
	(1585, 8, 39, 89.00, '期末', '正常成绩', '2026-06-11 20:38:23', '2026-06-11 20:38:23', 0),
	(1586, 8, 40, 75.00, '期末', '正常成绩', '2026-06-11 20:38:23', '2026-06-11 20:38:23', 0),
	(1587, 8, 41, 82.00, '期末', '正常成绩', '2026-06-11 20:38:23', '2026-06-11 20:38:23', 0),
	(1588, 8, 42, 85.00, '期末', '正常成绩', '2026-06-11 20:38:23', '2026-06-11 20:38:23', 0),
	(1589, 9, 37, 75.00, '期末', '正常成绩', '2026-06-11 20:38:23', '2026-06-11 20:38:23', 0),
	(1590, 9, 38, 83.00, '期末', '正常成绩', '2026-06-11 20:38:23', '2026-06-11 20:38:23', 0),
	(1591, 9, 39, 77.00, '期末', '正常成绩', '2026-06-11 20:38:23', '2026-06-11 20:38:23', 0),
	(1592, 9, 40, 89.00, '期末', '正常成绩', '2026-06-11 20:38:23', '2026-06-11 20:38:23', 0),
	(1593, 9, 41, 85.00, '期末', '正常成绩', '2026-06-11 20:38:23', '2026-06-11 20:38:23', 0),
	(1594, 9, 42, 82.00, '期末', '正常成绩', '2026-06-11 20:38:23', '2026-06-11 20:38:23', 0),
	(1595, 10, 37, 87.00, '期末', '正常成绩', '2026-06-11 20:38:23', '2026-06-11 20:38:23', 0),
	(1596, 10, 38, 79.00, '期末', '正常成绩', '2026-06-11 20:38:23', '2026-06-11 20:38:23', 0),
	(1597, 10, 39, 85.00, '期末', '正常成绩', '2026-06-11 20:38:23', '2026-06-11 20:38:23', 0),
	(1598, 10, 40, 82.00, '期末', '正常成绩', '2026-06-11 20:38:23', '2026-06-11 20:38:23', 0),
	(1599, 10, 41, 76.00, '期末', '正常成绩', '2026-06-11 20:38:23', '2026-06-11 20:38:23', 0),
	(1600, 10, 42, 83.00, '期末', '正常成绩', '2026-06-11 20:38:23', '2026-06-11 20:38:23', 0),
	-- 班级2 理科
	(1601, 11, 37, 82.00, '期末', '正常成绩', '2026-06-11 20:38:23', '2026-06-11 20:38:23', 0),
	(1602, 11, 38, 79.00, '期末', '正常成绩', '2026-06-11 20:38:23', '2026-06-11 20:38:23', 0),
	(1603, 11, 39, 85.00, '期末', '正常成绩', '2026-06-11 20:38:23', '2026-06-11 20:38:23', 0),
	(1604, 11, 40, 76.00, '期末', '正常成绩', '2026-06-11 20:38:23', '2026-06-11 20:38:23', 0),
	(1605, 11, 41, 83.00, '期末', '正常成绩', '2026-06-11 20:38:23', '2026-06-11 20:38:23', 0),
	(1606, 11, 42, 77.00, '期末', '正常成绩', '2026-06-11 20:38:23', '2026-06-11 20:38:23', 0),
	(1607, 12, 37, 75.00, '期末', '正常成绩', '2026-06-11 20:38:23', '2026-06-11 20:38:23', 0),
	(1608, 12, 38, 88.00, '期末', '正常成绩', '2026-06-11 20:38:23', '2026-06-11 20:38:23', 0),
	(1609, 12, 39, 82.00, '期末', '正常成绩', '2026-06-11 20:38:23', '2026-06-11 20:38:23', 0),
	(1610, 12, 40, 85.00, '期末', '正常成绩', '2026-06-11 20:38:23', '2026-06-11 20:38:23', 0),
	(1611, 12, 41, 79.00, '期末', '正常成绩', '2026-06-11 20:38:23', '2026-06-11 20:38:23', 0),
	(1612, 12, 42, 76.00, '期末', '正常成绩', '2026-06-11 20:38:23', '2026-06-11 20:38:23', 0),
	(1613, 13, 37, 89.00, '期末', '正常成绩', '2026-06-11 20:38:23', '2026-06-11 20:38:23', 0),
	(1614, 13, 38, 82.00, '期末', '正常成绩', '2026-06-11 20:38:23', '2026-06-11 20:38:23', 0),
	(1615, 13, 39, 76.00, '期末', '正常成绩', '2026-06-11 20:38:23', '2026-06-11 20:38:23', 0),
	(1616, 13, 40, 83.00, '期末', '正常成绩', '2026-06-11 20:38:23', '2026-06-11 20:38:23', 0),
	(1617, 13, 41, 87.00, '期末', '正常成绩', '2026-06-11 20:38:23', '2026-06-11 20:38:23', 0),
	(1618, 13, 42, 81.00, '期末', '正常成绩', '2026-06-11 20:38:23', '2026-06-11 20:38:23', 0),
	(1619, 14, 37, 85.00, '期末', '正常成绩', '2026-06-11 20:38:23', '2026-06-11 20:38:23', 0),
	(1620, 14, 38, 76.00, '期末', '正常成绩', '2026-06-11 20:38:23', '2026-06-11 20:38:23', 0),
	(1621, 14, 39, 89.00, '期末', '正常成绩', '2026-06-11 20:38:23', '2026-06-11 20:38:23', 0),
	(1622, 14, 40, 82.00, '期末', '正常成绩', '2026-06-11 20:38:23', '2026-06-11 20:38:23', 0),
	(1623, 14, 41, 79.00, '期末', '正常成绩', '2026-06-11 20:38:23', '2026-06-11 20:38:23', 0),
	(1624, 14, 42, 85.00, '期末', '正常成绩', '2026-06-11 20:38:23', '2026-06-11 20:38:23', 0),
	(1625, 15, 37, 73.00, '期末', '正常成绩', '2026-06-11 20:38:23', '2026-06-11 20:38:23', 0),
	(1626, 15, 38, 85.00, '期末', '正常成绩', '2026-06-11 20:38:23', '2026-06-11 20:38:23', 0),
	(1627, 15, 39, 79.00, '期末', '正常成绩', '2026-06-11 20:38:23', '2026-06-11 20:38:23', 0),
	(1628, 15, 40, 87.00, '期末', '正常成绩', '2026-06-11 20:38:23', '2026-06-11 20:38:23', 0),
	(1629, 15, 41, 82.00, '期末', '正常成绩', '2026-06-11 20:38:23', '2026-06-11 20:38:23', 0),
	(1630, 15, 42, 76.00, '期末', '正常成绩', '2026-06-11 20:38:23', '2026-06-11 20:38:23', 0),
	(1631, 16, 37, 82.00, '期末', '正常成绩', '2026-06-11 20:38:23', '2026-06-11 20:38:23', 0),
	(1632, 16, 38, 89.00, '期末', '正常成绩', '2026-06-11 20:38:23', '2026-06-11 20:38:23', 0),
	(1633, 16, 39, 85.00, '期末', '正常成绩', '2026-06-11 20:38:23', '2026-06-11 20:38:23', 0),
	(1634, 16, 40, 75.00, '期末', '正常成绩', '2026-06-11 20:38:23', '2026-06-11 20:38:23', 0),
	(1635, 16, 41, 83.00, '期末', '正常成绩', '2026-06-11 20:38:23', '2026-06-11 20:38:23', 0),
	(1636, 16, 42, 87.00, '期末', '正常成绩', '2026-06-11 20:38:23', '2026-06-11 20:38:23', 0),
	(1637, 17, 37, 87.00, '期末', '正常成绩', '2026-06-11 20:38:23', '2026-06-11 20:38:23', 0),
	(1638, 17, 38, 82.00, '期末', '正常成绩', '2026-06-11 20:38:23', '2026-06-11 20:38:23', 0),
	(1639, 17, 39, 79.00, '期末', '正常成绩', '2026-06-11 20:38:23', '2026-06-11 20:38:23', 0),
	(1640, 17, 40, 85.00, '期末', '正常成绩', '2026-06-11 20:38:23', '2026-06-11 20:38:23', 0),
	(1641, 17, 41, 76.00, '期末', '正常成绩', '2026-06-11 20:38:23', '2026-06-11 20:38:23', 0),
	(1642, 17, 42, 83.00, '期末', '正常成绩', '2026-06-11 20:38:23', '2026-06-11 20:38:23', 0),
	(1643, 18, 37, 79.00, '期末', '正常成绩', '2026-06-11 20:38:23', '2026-06-11 20:38:23', 0),
	(1644, 18, 38, 85.00, '期末', '正常成绩', '2026-06-11 20:38:23', '2026-06-11 20:38:23', 0),
	(1645, 18, 39, 87.00, '期末', '正常成绩', '2026-06-11 20:38:23', '2026-06-11 20:38:23', 0),
	(1646, 18, 40, 82.00, '期末', '正常成绩', '2026-06-11 20:38:23', '2026-06-11 20:38:23', 0),
	(1647, 18, 41, 79.00, '期末', '正常成绩', '2026-06-11 20:38:23', '2026-06-11 20:38:23', 0),
	(1648, 18, 42, 75.00, '期末', '正常成绩', '2026-06-11 20:38:23', '2026-06-11 20:38:23', 0),
	(1649, 19, 37, 85.00, '期末', '正常成绩', '2026-06-11 20:38:23', '2026-06-11 20:38:23', 0),
	(1650, 19, 38, 79.00, '期末', '正常成绩', '2026-06-11 20:38:23', '2026-06-11 20:38:23', 0),
	(1651, 19, 39, 82.00, '期末', '正常成绩', '2026-06-11 20:38:23', '2026-06-11 20:38:23', 0),
	(1652, 19, 40, 76.00, '期末', '正常成绩', '2026-06-11 20:38:23', '2026-06-11 20:38:23', 0),
	(1653, 19, 41, 89.00, '期末', '正常成绩', '2026-06-11 20:38:23', '2026-06-11 20:38:23', 0),
	(1654, 19, 42, 85.00, '期末', '正常成绩', '2026-06-11 20:38:23', '2026-06-11 20:38:23', 0),
	(1655, 20, 37, 82.00, '期末', '正常成绩', '2026-06-11 20:38:23', '2026-06-11 20:38:23', 0),
	(1656, 20, 38, 87.00, '期末', '正常成绩', '2026-06-11 20:38:23', '2026-06-11 20:38:23', 0),
	(1657, 20, 39, 79.00, '期末', '正常成绩', '2026-06-11 20:38:23', '2026-06-11 20:38:23', 0),
	(1658, 20, 40, 85.00, '期末', '正常成绩', '2026-06-11 20:38:23', '2026-06-11 20:38:23', 0),
	(1659, 20, 41, 83.00, '期末', '正常成绩', '2026-06-11 20:38:23', '2026-06-11 20:38:23', 0),
	(1660, 20, 42, 82.00, '期末', '正常成绩', '2026-06-11 20:38:23', '2026-06-11 20:38:23', 0),
	-- 班级3 文科: 语37/数38/英39/历43/地44/政45
	(1661, 21, 37, 79.00, '期末', '正常成绩', '2026-06-11 20:38:23', '2026-06-11 20:38:23', 0),
	(1662, 21, 38, 75.00, '期末', '正常成绩', '2026-06-11 20:38:23', '2026-06-11 20:38:23', 0),
	(1663, 21, 39, 82.00, '期末', '正常成绩', '2026-06-11 20:38:23', '2026-06-11 20:38:23', 0),
	(1664, 21, 43, 85.00, '期末', '正常成绩', '2026-06-11 20:38:23', '2026-06-11 20:38:23', 0),
	(1665, 21, 44, 79.00, '期末', '正常成绩', '2026-06-11 20:38:23', '2026-06-11 20:38:23', 0),
	(1666, 21, 45, 83.00, '期末', '正常成绩', '2026-06-11 20:38:23', '2026-06-11 20:38:23', 0),
	(1667, 22, 37, 72.00, '期末', '正常成绩', '2026-06-11 20:38:23', '2026-06-11 20:38:23', 0),
	(1668, 22, 38, 79.00, '期末', '正常成绩', '2026-06-11 20:38:23', '2026-06-11 20:38:23', 0),
	(1669, 22, 39, 75.00, '期末', '正常成绩', '2026-06-11 20:38:23', '2026-06-11 20:38:23', 0),
	(1670, 22, 43, 77.00, '期末', '正常成绩', '2026-06-11 20:38:23', '2026-06-11 20:38:23', 0),
	(1671, 22, 44, 73.00, '期末', '正常成绩', '2026-06-11 20:38:23', '2026-06-11 20:38:23', 0),
	(1672, 22, 45, 79.00, '期末', '正常成绩', '2026-06-11 20:38:23', '2026-06-11 20:38:23', 0),
	(1673, 23, 37, 89.00, '期末', '正常成绩', '2026-06-11 20:38:23', '2026-06-11 20:38:23', 0),
	(1674, 23, 38, 85.00, '期末', '正常成绩', '2026-06-11 20:38:23', '2026-06-11 20:38:23', 0),
	(1675, 23, 39, 82.00, '期末', '正常成绩', '2026-06-11 20:38:23', '2026-06-11 20:38:23', 0),
	(1676, 23, 43, 87.00, '期末', '正常成绩', '2026-06-11 20:38:23', '2026-06-11 20:38:23', 0),
	(1677, 23, 44, 85.00, '期末', '正常成绩', '2026-06-11 20:38:23', '2026-06-11 20:38:23', 0),
	(1678, 23, 45, 89.00, '期末', '正常成绩', '2026-06-11 20:38:23', '2026-06-11 20:38:23', 0),
	(1679, 24, 37, 85.00, '期末', '正常成绩', '2026-06-11 20:38:23', '2026-06-11 20:38:23', 0),
	(1680, 24, 38, 82.00, '期末', '正常成绩', '2026-06-11 20:38:23', '2026-06-11 20:38:23', 0),
	(1681, 24, 39, 89.00, '期末', '正常成绩', '2026-06-11 20:38:23', '2026-06-11 20:38:23', 0),
	(1682, 24, 43, 83.00, '期末', '正常成绩', '2026-06-11 20:38:23', '2026-06-11 20:38:23', 0),
	(1683, 24, 44, 87.00, '期末', '正常成绩', '2026-06-11 20:38:23', '2026-06-11 20:38:23', 0),
	(1684, 24, 45, 85.00, '期末', '正常成绩', '2026-06-11 20:38:23', '2026-06-11 20:38:23', 0),
	(1685, 25, 37, 65.00, '期末', '正常成绩', '2026-06-11 20:38:23', '2026-06-11 20:38:23', 0),
	(1686, 25, 38, 69.00, '期末', '正常成绩', '2026-06-11 20:38:23', '2026-06-11 20:38:23', 0),
	(1687, 25, 39, 62.00, '期末', '正常成绩', '2026-06-11 20:38:23', '2026-06-11 20:38:23', 0),
	(1688, 25, 43, 67.00, '期末', '正常成绩', '2026-06-11 20:38:23', '2026-06-11 20:38:23', 0),
	(1689, 25, 44, 65.00, '期末', '正常成绩', '2026-06-11 20:38:23', '2026-06-11 20:38:23', 0),
	(1690, 25, 45, 69.00, '期末', '正常成绩', '2026-06-11 20:38:23', '2026-06-11 20:38:23', 0),
	(1691, 26, 37, 79.00, '期末', '正常成绩', '2026-06-11 20:38:23', '2026-06-11 20:38:23', 0),
	(1692, 26, 38, 75.00, '期末', '正常成绩', '2026-06-11 20:38:23', '2026-06-11 20:38:23', 0),
	(1693, 26, 39, 82.00, '期末', '正常成绩', '2026-06-11 20:38:23', '2026-06-11 20:38:23', 0),
	(1694, 26, 43, 77.00, '期末', '正常成绩', '2026-06-11 20:38:23', '2026-06-11 20:38:23', 0),
	(1695, 26, 44, 79.00, '期末', '正常成绩', '2026-06-11 20:38:23', '2026-06-11 20:38:23', 0),
	(1696, 26, 45, 75.00, '期末', '正常成绩', '2026-06-11 20:38:23', '2026-06-11 20:38:23', 0),
	(1697, 27, 37, 72.00, '期末', '正常成绩', '2026-06-11 20:38:23', '2026-06-11 20:38:23', 0),
	(1698, 27, 38, 77.00, '期末', '正常成绩', '2026-06-11 20:38:23', '2026-06-11 20:38:23', 0),
	(1699, 27, 39, 75.00, '期末', '正常成绩', '2026-06-11 20:38:23', '2026-06-11 20:38:23', 0),
	(1700, 27, 43, 69.00, '期末', '正常成绩', '2026-06-11 20:38:23', '2026-06-11 20:38:23', 0),
	(1701, 27, 44, 72.00, '期末', '正常成绩', '2026-06-11 20:38:23', '2026-06-11 20:38:23', 0),
	(1702, 27, 45, 77.00, '期末', '正常成绩', '2026-06-11 20:38:23', '2026-06-11 20:38:23', 0),
	(1703, 28, 37, 83.00, '期末', '正常成绩', '2026-06-11 20:38:23', '2026-06-11 20:38:23', 0),
	(1704, 28, 38, 79.00, '期末', '正常成绩', '2026-06-11 20:38:23', '2026-06-11 20:38:23', 0),
	(1705, 28, 39, 85.00, '期末', '正常成绩', '2026-06-11 20:38:23', '2026-06-11 20:38:23', 0),
	(1706, 28, 43, 82.00, '期末', '正常成绩', '2026-06-11 20:38:23', '2026-06-11 20:38:23', 0),
	(1707, 28, 44, 77.00, '期末', '正常成绩', '2026-06-11 20:38:23', '2026-06-11 20:38:23', 0),
	(1708, 28, 45, 83.00, '期末', '正常成绩', '2026-06-11 20:38:23', '2026-06-11 20:38:23', 0),
	(1709, 29, 37, 87.00, '期末', '正常成绩', '2026-06-11 20:38:23', '2026-06-11 20:38:23', 0),
	(1710, 29, 38, 85.00, '期末', '正常成绩', '2026-06-11 20:38:23', '2026-06-11 20:38:23', 0),
	(1711, 29, 39, 82.00, '期末', '正常成绩', '2026-06-11 20:38:23', '2026-06-11 20:38:23', 0),
	(1712, 29, 43, 89.00, '期末', '正常成绩', '2026-06-11 20:38:23', '2026-06-11 20:38:23', 0),
	(1713, 29, 44, 87.00, '期末', '正常成绩', '2026-06-11 20:38:23', '2026-06-11 20:38:23', 0),
	(1714, 29, 45, 85.00, '期末', '正常成绩', '2026-06-11 20:38:23', '2026-06-11 20:38:23', 0),
	(1715, 30, 37, 75.00, '期末', '正常成绩', '2026-06-11 20:38:23', '2026-06-11 20:38:23', 0),
	(1716, 30, 38, 79.00, '期末', '正常成绩', '2026-06-11 20:38:23', '2026-06-11 20:38:23', 0),
	(1717, 30, 39, 77.00, '期末', '正常成绩', '2026-06-11 20:38:23', '2026-06-11 20:38:23', 0),
	(1718, 30, 43, 72.00, '期末', '正常成绩', '2026-06-11 20:38:23', '2026-06-11 20:38:23', 0),
	(1719, 30, 44, 69.00, '期末', '正常成绩', '2026-06-11 20:38:23', '2026-06-11 20:38:23', 0),
	(1720, 30, 45, 75.00, '期末', '正常成绩', '2026-06-11 20:38:23', '2026-06-11 20:38:23', 0),
	-- 2023-2024 第一学期 期中
	-- 班级1
	(1721, 1, 37, 76.00, '期中', '正常成绩', '2026-06-14 16:41:54', '2026-06-14 16:42:09', 0),
	(1722, 1, 38, 71.00, '期中', '正常成绩', '2026-06-14 16:41:54', '2026-06-14 16:42:09', 0),
	(1723, 1, 39, 79.00, '期中', '正常成绩', '2026-06-14 16:41:54', '2026-06-14 16:42:09', 0),
	(1724, 1, 40, 66.00, '期中', '正常成绩', '2026-06-14 16:41:54', '2026-06-14 16:42:09', 0),
	(1725, 1, 41, 82.00, '期中', '正常成绩', '2026-06-14 16:41:54', '2026-06-14 16:42:09', 0),
	(1726, 1, 42, 70.00, '期中', '正常成绩', '2026-06-14 16:41:54', '2026-06-14 16:42:09', 0),
	(1727, 2, 37, 85.00, '期中', '正常成绩', '2026-06-14 16:41:54', '2026-06-14 16:42:09', 0),
	(1728, 2, 38, 82.00, '期中', '正常成绩', '2026-06-14 16:41:54', '2026-06-14 16:42:09', 0),
	(1729, 2, 39, 73.00, '期中', '正常成绩', '2026-06-14 16:41:54', '2026-06-14 16:42:09', 0),
	(1730, 2, 40, 79.00, '期中', '正常成绩', '2026-06-14 16:41:54', '2026-06-14 16:42:09', 0),
	(1731, 2, 41, 86.00, '期中', '正常成绩', '2026-06-14 16:41:54', '2026-06-14 16:42:09', 0),
	(1732, 2, 42, 81.00, '期中', '正常成绩', '2026-06-14 16:41:54', '2026-06-14 16:42:09', 0),
	(1733, 3, 37, 69.00, '期中', '正常成绩', '2026-06-14 16:41:54', '2026-06-14 16:42:09', 0),
	(1734, 3, 38, 86.00, '期中', '正常成绩', '2026-06-14 16:41:54', '2026-06-14 16:42:09', 0),
	(1735, 3, 39, 77.00, '期中', '正常成绩', '2026-06-14 16:41:54', '2026-06-14 16:42:09', 0),
	(1736, 3, 40, 72.00, '期中', '正常成绩', '2026-06-14 16:41:54', '2026-06-14 16:42:09', 0),
	(1737, 3, 41, 80.00, '期中', '正常成绩', '2026-06-14 16:41:54', '2026-06-14 16:42:09', 0),
	(1738, 3, 42, 74.00, '期中', '正常成绩', '2026-06-14 16:41:54', '2026-06-14 16:42:09', 0),
	(1739, 4, 37, 82.00, '期中', '正常成绩', '2026-06-14 16:41:54', '2026-06-14 16:42:09', 0),
	(1740, 4, 38, 79.00, '期中', '正常成绩', '2026-06-14 16:41:54', '2026-06-14 16:42:09', 0),
	(1741, 4, 39, 85.00, '期中', '正常成绩', '2026-06-14 16:41:54', '2026-06-14 16:42:09', 0),
	(1742, 4, 40, 76.00, '期中', '正常成绩', '2026-06-14 16:41:54', '2026-06-14 16:42:09', 0),
	(1743, 4, 41, 73.00, '期中', '正常成绩', '2026-06-14 16:41:54', '2026-06-14 16:42:09', 0),
	(1744, 4, 42, 80.00, '期中', '正常成绩', '2026-06-14 16:41:54', '2026-06-14 16:42:09', 0),
	(1745, 5, 37, 73.00, '期中', '正常成绩', '2026-06-14 16:41:54', '2026-06-14 16:42:09', 0),
	(1746, 5, 38, 88.00, '期中', '正常成绩', '2026-06-14 16:41:54', '2026-06-14 16:42:09', 0),
	(1747, 5, 39, 80.00, '期中', '正常成绩', '2026-06-14 16:41:54', '2026-06-14 16:42:09', 0),
	(1748, 5, 40, 85.00, '期中', '正常成绩', '2026-06-14 16:41:54', '2026-06-14 16:42:09', 0),
	(1749, 5, 41, 82.00, '期中', '正常成绩', '2026-06-14 16:41:54', '2026-06-14 16:42:09', 0),
	(1750, 5, 42, 76.00, '期中', '正常成绩', '2026-06-14 16:41:54', '2026-06-14 16:42:09', 0),
	(1751, 6, 37, 80.00, '期中', '正常成绩', '2026-06-14 16:41:54', '2026-06-14 16:42:09', 0),
	(1752, 6, 38, 76.00, '期中', '正常成绩', '2026-06-14 16:41:54', '2026-06-14 16:42:09', 0),
	(1753, 6, 39, 72.00, '期中', '正常成绩', '2026-06-14 16:41:54', '2026-06-14 16:42:09', 0),
	(1754, 6, 40, 79.00, '期中', '正常成绩', '2026-06-14 16:41:54', '2026-06-14 16:42:09', 0),
	(1755, 6, 41, 84.00, '期中', '正常成绩', '2026-06-14 16:41:54', '2026-06-14 16:42:09', 0),
	(1756, 6, 42, 73.00, '期中', '正常成绩', '2026-06-14 16:41:54', '2026-06-14 16:42:09', 0),
	(1757, 7, 37, 86.00, '期中', '正常成绩', '2026-06-14 16:41:54', '2026-06-14 16:42:09', 0),
	(1758, 7, 38, 72.00, '期中', '正常成绩', '2026-06-14 16:41:54', '2026-06-14 16:42:09', 0),
	(1759, 7, 39, 79.00, '期中', '正常成绩', '2026-06-14 16:41:54', '2026-06-14 16:42:09', 0),
	(1760, 7, 40, 74.00, '期中', '正常成绩', '2026-06-14 16:41:54', '2026-06-14 16:42:09', 0),
	(1761, 7, 41, 80.00, '期中', '正常成绩', '2026-06-14 16:41:54', '2026-06-14 16:42:09', 0),
	(1762, 7, 42, 85.00, '期中', '正常成绩', '2026-06-14 16:41:54', '2026-06-14 16:42:09', 0),
	(1763, 8, 37, 78.00, '期中', '正常成绩', '2026-06-14 16:41:54', '2026-06-14 16:42:09', 0),
	(1764, 8, 38, 83.00, '期中', '正常成绩', '2026-06-14 16:41:54', '2026-06-14 16:42:09', 0),
	(1765, 8, 39, 86.00, '期中', '正常成绩', '2026-06-14 16:41:54', '2026-06-14 16:42:09', 0),
	(1766, 8, 40, 72.00, '期中', '正常成绩', '2026-06-14 16:41:54', '2026-06-14 16:42:09', 0),
	(1767, 8, 41, 79.00, '期中', '正常成绩', '2026-06-14 16:41:54', '2026-06-14 16:42:09', 0),
	(1768, 8, 42, 82.00, '期中', '正常成绩', '2026-06-14 16:41:54', '2026-06-14 16:42:09', 0),
	(1769, 9, 37, 72.00, '期中', '正常成绩', '2026-06-14 16:41:54', '2026-06-14 16:42:09', 0),
	(1770, 9, 38, 80.00, '期中', '正常成绩', '2026-06-14 16:41:54', '2026-06-14 16:42:09', 0),
	(1771, 9, 39, 74.00, '期中', '正常成绩', '2026-06-14 16:41:54', '2026-06-14 16:42:09', 0),
	(1772, 9, 40, 86.00, '期中', '正常成绩', '2026-06-14 16:41:54', '2026-06-14 16:42:09', 0),
	(1773, 9, 41, 82.00, '期中', '正常成绩', '2026-06-14 16:41:54', '2026-06-14 16:42:09', 0),
	(1774, 9, 42, 79.00, '期中', '正常成绩', '2026-06-14 16:41:54', '2026-06-14 16:42:09', 0),
	(1775, 10, 37, 84.00, '期中', '正常成绩', '2026-06-14 16:41:54', '2026-06-14 16:42:09', 0),
	(1776, 10, 38, 76.00, '期中', '正常成绩', '2026-06-14 16:41:54', '2026-06-14 16:42:09', 0),
	(1777, 10, 39, 82.00, '期中', '正常成绩', '2026-06-14 16:41:54', '2026-06-14 16:42:09', 0),
	(1778, 10, 40, 79.00, '期中', '正常成绩', '2026-06-14 16:41:54', '2026-06-14 16:42:09', 0),
	(1779, 10, 41, 73.00, '期中', '正常成绩', '2026-06-14 16:41:54', '2026-06-14 16:42:09', 0),
	(1780, 10, 42, 80.00, '期中', '正常成绩', '2026-06-14 16:41:54', '2026-06-14 16:42:09', 0),
	-- 班级2
	(1781, 11, 37, 79.00, '期中', '正常成绩', '2026-06-14 16:41:54', '2026-06-14 16:42:09', 0),
	(1782, 11, 38, 76.00, '期中', '正常成绩', '2026-06-14 16:41:54', '2026-06-14 16:42:09', 0),
	(1783, 11, 39, 82.00, '期中', '正常成绩', '2026-06-14 16:41:54', '2026-06-14 16:42:09', 0),
	(1784, 11, 40, 73.00, '期中', '正常成绩', '2026-06-14 16:41:54', '2026-06-14 16:42:09', 0),
	(1785, 11, 41, 80.00, '期中', '正常成绩', '2026-06-14 16:41:54', '2026-06-14 16:42:09', 0),
	(1786, 11, 42, 74.00, '期中', '正常成绩', '2026-06-14 16:41:54', '2026-06-14 16:42:09', 0),
	(1787, 12, 37, 72.00, '期中', '正常成绩', '2026-06-14 16:41:54', '2026-06-14 16:42:09', 0),
	(1788, 12, 38, 85.00, '期中', '正常成绩', '2026-06-14 16:41:54', '2026-06-14 16:42:09', 0),
	(1789, 12, 39, 79.00, '期中', '正常成绩', '2026-06-14 16:41:54', '2026-06-14 16:42:09', 0),
	(1790, 12, 40, 82.00, '期中', '正常成绩', '2026-06-14 16:41:54', '2026-06-14 16:42:09', 0),
	(1791, 12, 41, 76.00, '期中', '正常成绩', '2026-06-14 16:41:54', '2026-06-14 16:42:09', 0),
	(1792, 12, 42, 73.00, '期中', '正常成绩', '2026-06-14 16:41:54', '2026-06-14 16:42:09', 0),
	(1793, 13, 37, 86.00, '期中', '正常成绩', '2026-06-14 16:41:54', '2026-06-14 16:42:09', 0),
	(1794, 13, 38, 79.00, '期中', '正常成绩', '2026-06-14 16:41:54', '2026-06-14 16:42:09', 0),
	(1795, 13, 39, 73.00, '期中', '正常成绩', '2026-06-14 16:41:54', '2026-06-14 16:42:09', 0),
	(1796, 13, 40, 80.00, '期中', '正常成绩', '2026-06-14 16:41:54', '2026-06-14 16:42:09', 0),
	(1797, 13, 41, 84.00, '期中', '正常成绩', '2026-06-14 16:41:54', '2026-06-14 16:42:09', 0),
	(1798, 13, 42, 78.00, '期中', '正常成绩', '2026-06-14 16:41:54', '2026-06-14 16:42:09', 0),
	(1799, 14, 37, 82.00, '期中', '正常成绩', '2026-06-14 16:41:54', '2026-06-14 16:42:09', 0),
	(1800, 14, 38, 73.00, '期中', '正常成绩', '2026-06-14 16:41:54', '2026-06-14 16:42:09', 0),
	(1801, 14, 39, 86.00, '期中', '正常成绩', '2026-06-14 16:41:54', '2026-06-14 16:42:09', 0),
	(1802, 14, 40, 79.00, '期中', '正常成绩', '2026-06-14 16:41:54', '2026-06-14 16:42:09', 0),
	(1803, 14, 41, 76.00, '期中', '正常成绩', '2026-06-14 16:41:54', '2026-06-14 16:42:09', 0),
	(1804, 14, 42, 82.00, '期中', '正常成绩', '2026-06-14 16:41:54', '2026-06-14 16:42:09', 0),
	(1805, 15, 37, 70.00, '期中', '正常成绩', '2026-06-14 16:41:54', '2026-06-14 16:42:09', 0),
	(1806, 15, 38, 82.00, '期中', '正常成绩', '2026-06-14 16:41:54', '2026-06-14 16:42:09', 0),
	(1807, 15, 39, 76.00, '期中', '正常成绩', '2026-06-14 16:41:54', '2026-06-14 16:42:09', 0),
	(1808, 15, 40, 84.00, '期中', '正常成绩', '2026-06-14 16:41:54', '2026-06-14 16:42:09', 0),
	(1809, 15, 41, 79.00, '期中', '正常成绩', '2026-06-14 16:41:54', '2026-06-14 16:42:09', 0),
	(1810, 15, 42, 73.00, '期中', '正常成绩', '2026-06-14 16:41:54', '2026-06-14 16:42:09', 0),
	(1811, 16, 37, 79.00, '期中', '正常成绩', '2026-06-14 16:41:54', '2026-06-14 16:42:09', 0),
	(1812, 16, 38, 86.00, '期中', '正常成绩', '2026-06-14 16:41:54', '2026-06-14 16:42:09', 0),
	(1813, 16, 39, 82.00, '期中', '正常成绩', '2026-06-14 16:41:54', '2026-06-14 16:42:09', 0),
	(1814, 16, 40, 72.00, '期中', '正常成绩', '2026-06-14 16:41:54', '2026-06-14 16:42:09', 0),
	(1815, 16, 41, 80.00, '期中', '正常成绩', '2026-06-14 16:41:54', '2026-06-14 16:42:09', 0),
	(1816, 16, 42, 84.00, '期中', '正常成绩', '2026-06-14 16:41:54', '2026-06-14 16:42:09', 0),
	(1817, 17, 37, 84.00, '期中', '正常成绩', '2026-06-14 16:41:54', '2026-06-14 16:42:09', 0),
	(1818, 17, 38, 79.00, '期中', '正常成绩', '2026-06-14 16:41:54', '2026-06-14 16:42:09', 0),
	(1819, 17, 39, 76.00, '期中', '正常成绩', '2026-06-14 16:41:54', '2026-06-14 16:42:09', 0),
	(1820, 17, 40, 82.00, '期中', '正常成绩', '2026-06-14 16:41:54', '2026-06-14 16:42:09', 0),
	(1821, 17, 41, 73.00, '期中', '正常成绩', '2026-06-14 16:41:54', '2026-06-14 16:42:09', 0),
	(1822, 17, 42, 80.00, '期中', '正常成绩', '2026-06-14 16:41:54', '2026-06-14 16:42:09', 0),
	(1823, 18, 37, 76.00, '期中', '正常成绩', '2026-06-14 16:41:54', '2026-06-14 16:42:09', 0),
	(1824, 18, 38, 82.00, '期中', '正常成绩', '2026-06-14 16:41:54', '2026-06-14 16:42:09', 0),
	(1825, 18, 39, 84.00, '期中', '正常成绩', '2026-06-14 16:41:54', '2026-06-14 16:42:09', 0),
	(1826, 18, 40, 79.00, '期中', '正常成绩', '2026-06-14 16:41:54', '2026-06-14 16:42:09', 0),
	(1827, 18, 41, 76.00, '期中', '正常成绩', '2026-06-14 16:41:54', '2026-06-14 16:42:09', 0),
	(1828, 18, 42, 72.00, '期中', '正常成绩', '2026-06-14 16:41:54', '2026-06-14 16:42:09', 0),
	(1829, 19, 37, 82.00, '期中', '正常成绩', '2026-06-14 16:41:54', '2026-06-14 16:42:09', 0),
	(1830, 19, 38, 76.00, '期中', '正常成绩', '2026-06-14 16:41:54', '2026-06-14 16:42:09', 0),
	(1831, 19, 39, 79.00, '期中', '正常成绩', '2026-06-14 16:41:54', '2026-06-14 16:42:09', 0),
	(1832, 19, 40, 73.00, '期中', '正常成绩', '2026-06-14 16:41:54', '2026-06-14 16:42:09', 0),
	(1833, 19, 41, 86.00, '期中', '正常成绩', '2026-06-14 16:41:54', '2026-06-14 16:42:09', 0),
	(1834, 19, 42, 82.00, '期中', '正常成绩', '2026-06-14 16:41:54', '2026-06-14 16:42:09', 0),
	(1835, 20, 37, 79.00, '期中', '正常成绩', '2026-06-14 16:41:54', '2026-06-14 16:42:09', 0),
	(1836, 20, 38, 84.00, '期中', '正常成绩', '2026-06-14 16:41:54', '2026-06-14 16:42:09', 0),
	(1837, 20, 39, 76.00, '期中', '正常成绩', '2026-06-14 16:41:54', '2026-06-14 16:42:09', 0),
	(1838, 20, 40, 82.00, '期中', '正常成绩', '2026-06-14 16:41:54', '2026-06-14 16:42:09', 0),
	(1839, 20, 41, 80.00, '期中', '正常成绩', '2026-06-14 16:41:54', '2026-06-14 16:42:09', 0),
	(1840, 20, 42, 79.00, '期中', '正常成绩', '2026-06-14 16:41:54', '2026-06-14 16:42:09', 0),
	-- 班级3
	(1841, 21, 37, 76.00, '期中', '正常成绩', '2026-06-14 16:41:54', '2026-06-14 16:42:09', 0),
	(1842, 21, 38, 72.00, '期中', '正常成绩', '2026-06-14 16:41:54', '2026-06-14 16:42:09', 0),
	(1843, 21, 39, 79.00, '期中', '正常成绩', '2026-06-14 16:41:54', '2026-06-14 16:42:09', 0),
	(1844, 21, 43, 82.00, '期中', '正常成绩', '2026-06-14 16:41:54', '2026-06-14 16:42:09', 0),
	(1845, 21, 44, 76.00, '期中', '正常成绩', '2026-06-14 16:41:54', '2026-06-14 16:42:09', 0),
	(1846, 21, 45, 80.00, '期中', '正常成绩', '2026-06-14 16:41:54', '2026-06-14 16:42:09', 0),
	(1847, 22, 37, 69.00, '期中', '正常成绩', '2026-06-14 16:41:54', '2026-06-14 16:42:09', 0),
	(1848, 22, 38, 76.00, '期中', '正常成绩', '2026-06-14 16:41:54', '2026-06-14 16:42:09', 0),
	(1849, 22, 39, 72.00, '期中', '正常成绩', '2026-06-14 16:41:54', '2026-06-14 16:42:09', 0),
	(1850, 22, 43, 74.00, '期中', '正常成绩', '2026-06-14 16:41:54', '2026-06-14 16:42:09', 0),
	(1851, 22, 44, 70.00, '期中', '正常成绩', '2026-06-14 16:41:54', '2026-06-14 16:42:09', 0),
	(1852, 22, 45, 76.00, '期中', '正常成绩', '2026-06-14 16:41:54', '2026-06-14 16:42:09', 0),
	(1853, 23, 37, 86.00, '期中', '正常成绩', '2026-06-14 16:41:54', '2026-06-14 16:42:09', 0),
	(1854, 23, 38, 82.00, '期中', '正常成绩', '2026-06-14 16:41:54', '2026-06-14 16:42:09', 0),
	(1855, 23, 39, 79.00, '期中', '正常成绩', '2026-06-14 16:41:54', '2026-06-14 16:42:09', 0),
	(1856, 23, 43, 84.00, '期中', '正常成绩', '2026-06-14 16:41:54', '2026-06-14 16:42:09', 0),
	(1857, 23, 44, 82.00, '期中', '正常成绩', '2026-06-14 16:41:54', '2026-06-14 16:42:09', 0),
	(1858, 23, 45, 86.00, '期中', '正常成绩', '2026-06-14 16:41:54', '2026-06-14 16:42:09', 0),
	(1859, 24, 37, 82.00, '期中', '正常成绩', '2026-06-14 16:41:54', '2026-06-14 16:42:09', 0),
	(1860, 24, 38, 79.00, '期中', '正常成绩', '2026-06-14 16:41:54', '2026-06-14 16:42:09', 0),
	(1861, 24, 39, 86.00, '期中', '正常成绩', '2026-06-14 16:41:54', '2026-06-14 16:42:09', 0),
	(1862, 24, 43, 80.00, '期中', '正常成绩', '2026-06-14 16:41:54', '2026-06-14 16:42:09', 0),
	(1863, 24, 44, 84.00, '期中', '正常成绩', '2026-06-14 16:41:54', '2026-06-14 16:42:09', 0),
	(1864, 24, 45, 82.00, '期中', '正常成绩', '2026-06-14 16:41:54', '2026-06-14 16:42:09', 0),
	(1865, 25, 37, 62.00, '期中', '正常成绩', '2026-06-14 16:41:54', '2026-06-14 16:42:09', 0),
	(1866, 25, 38, 66.00, '期中', '正常成绩', '2026-06-14 16:41:54', '2026-06-14 16:42:09', 0),
	(1867, 25, 39, 59.00, '期中', '正常成绩', '2026-06-14 16:41:54', '2026-06-14 16:42:09', 0),
	(1868, 25, 43, 64.00, '期中', '正常成绩', '2026-06-14 16:41:54', '2026-06-14 16:42:09', 0),
	(1869, 25, 44, 62.00, '期中', '正常成绩', '2026-06-14 16:41:54', '2026-06-14 16:42:09', 0),
	(1870, 25, 45, 66.00, '期中', '正常成绩', '2026-06-14 16:41:54', '2026-06-14 16:42:09', 0),
	(1871, 26, 37, 76.00, '期中', '正常成绩', '2026-06-14 16:41:54', '2026-06-14 16:42:09', 0),
	(1872, 26, 38, 72.00, '期中', '正常成绩', '2026-06-14 16:41:54', '2026-06-14 16:42:09', 0),
	(1873, 26, 39, 79.00, '期中', '正常成绩', '2026-06-14 16:41:54', '2026-06-14 16:42:09', 0),
	(1874, 26, 43, 74.00, '期中', '正常成绩', '2026-06-14 16:41:54', '2026-06-14 16:42:09', 0),
	(1875, 26, 44, 76.00, '期中', '正常成绩', '2026-06-14 16:41:54', '2026-06-14 16:42:09', 0),
	(1876, 26, 45, 72.00, '期中', '正常成绩', '2026-06-14 16:41:54', '2026-06-14 16:42:09', 0),
	(1877, 27, 37, 69.00, '期中', '正常成绩', '2026-06-14 16:41:54', '2026-06-14 16:42:09', 0),
	(1878, 27, 38, 74.00, '期中', '正常成绩', '2026-06-14 16:41:54', '2026-06-14 16:42:09', 0),
	(1879, 27, 39, 72.00, '期中', '正常成绩', '2026-06-14 16:41:54', '2026-06-14 16:42:09', 0),
	(1880, 27, 43, 66.00, '期中', '正常成绩', '2026-06-14 16:41:54', '2026-06-14 16:42:09', 0),
	(1881, 27, 44, 69.00, '期中', '正常成绩', '2026-06-14 16:41:54', '2026-06-14 16:42:09', 0),
	(1882, 27, 45, 74.00, '期中', '正常成绩', '2026-06-14 16:41:54', '2026-06-14 16:42:09', 0),
	(1883, 28, 37, 80.00, '期中', '正常成绩', '2026-06-14 16:41:54', '2026-06-14 16:42:09', 0),
	(1884, 28, 38, 76.00, '期中', '正常成绩', '2026-06-14 16:41:54', '2026-06-14 16:42:09', 0),
	(1885, 28, 39, 82.00, '期中', '正常成绩', '2026-06-14 16:41:54', '2026-06-14 16:42:09', 0),
	(1886, 28, 43, 79.00, '期中', '正常成绩', '2026-06-14 16:41:54', '2026-06-14 16:42:09', 0),
	(1887, 28, 44, 74.00, '期中', '正常成绩', '2026-06-14 16:41:54', '2026-06-14 16:42:09', 0),
	(1888, 28, 45, 80.00, '期中', '正常成绩', '2026-06-14 16:41:54', '2026-06-14 16:42:09', 0),
	(1889, 29, 37, 84.00, '期中', '正常成绩', '2026-06-14 16:41:54', '2026-06-14 16:42:09', 0),
	(1890, 29, 38, 82.00, '期中', '正常成绩', '2026-06-14 16:41:54', '2026-06-14 16:42:09', 0),
	(1891, 29, 39, 79.00, '期中', '正常成绩', '2026-06-14 16:41:54', '2026-06-14 16:42:09', 0),
	(1892, 29, 43, 86.00, '期中', '正常成绩', '2026-06-14 16:41:54', '2026-06-14 16:42:09', 0),
	(1893, 29, 44, 84.00, '期中', '正常成绩', '2026-06-14 16:41:54', '2026-06-14 16:42:09', 0),
	(1894, 29, 45, 82.00, '期中', '正常成绩', '2026-06-14 16:41:54', '2026-06-14 16:42:09', 0),
	(1895, 30, 37, 72.00, '期中', '正常成绩', '2026-06-14 16:41:54', '2026-06-14 16:42:09', 0),
	(1896, 30, 38, 76.00, '期中', '正常成绩', '2026-06-14 16:41:54', '2026-06-14 16:42:09', 0),
	(1897, 30, 39, 74.00, '期中', '正常成绩', '2026-06-14 16:41:54', '2026-06-14 16:42:09', 0),
	(1898, 30, 43, 69.00, '期中', '正常成绩', '2026-06-14 16:41:54', '2026-06-14 16:42:09', 0),
	(1899, 30, 44, 66.00, '期中', '正常成绩', '2026-06-14 16:41:54', '2026-06-14 16:42:09', 0),
	(1900, 30, 45, 72.00, '期中', '正常成绩', '2026-06-14 16:41:54', '2026-06-14 16:42:09', 0),
	-- ========================================
	-- 2023-2024 第二学期 期末
	-- ========================================
	-- 班级1 理科: 语46/数47/英48/物49/化50/生51
	(1901, 1, 46, 78.00, '期末', '正常成绩', '2026-06-11 20:38:23', '2026-06-11 20:38:23', 0),
	(1902, 1, 47, 73.00, '期末', '正常成绩', '2026-06-11 20:38:23', '2026-06-11 20:38:23', 0),
	(1903, 1, 48, 81.00, '期末', '正常成绩', '2026-06-11 20:38:23', '2026-06-11 20:38:23', 0),
	(1904, 1, 49, 68.00, '期末', '正常成绩', '2026-06-11 20:38:23', '2026-06-11 20:38:23', 0),
	(1905, 1, 50, 84.00, '期末', '正常成绩', '2026-06-11 20:38:23', '2026-06-11 20:38:23', 0),
	(1906, 1, 51, 72.00, '期末', '正常成绩', '2026-06-11 20:38:23', '2026-06-11 20:38:23', 0),
	(1907, 2, 46, 87.00, '期末', '正常成绩', '2026-06-11 20:38:23', '2026-06-11 20:38:23', 0),
	(1908, 2, 47, 84.00, '期末', '正常成绩', '2026-06-11 20:38:23', '2026-06-11 20:38:23', 0),
	(1909, 2, 48, 75.00, '期末', '正常成绩', '2026-06-11 20:38:23', '2026-06-11 20:38:23', 0),
	(1910, 2, 49, 81.00, '期末', '正常成绩', '2026-06-11 20:38:23', '2026-06-11 20:38:23', 0),
	(1911, 2, 50, 88.00, '期末', '正常成绩', '2026-06-11 20:38:23', '2026-06-11 20:38:23', 0),
	(1912, 2, 51, 83.00, '期末', '正常成绩', '2026-06-11 20:38:23', '2026-06-11 20:38:23', 0),
	(1913, 3, 46, 71.00, '期末', '正常成绩', '2026-06-11 20:38:23', '2026-06-11 20:38:23', 0),
	(1914, 3, 47, 88.00, '期末', '正常成绩', '2026-06-11 20:38:23', '2026-06-11 20:38:23', 0),
	(1915, 3, 48, 79.00, '期末', '正常成绩', '2026-06-11 20:38:23', '2026-06-11 20:38:23', 0),
	(1916, 3, 49, 74.00, '期末', '正常成绩', '2026-06-11 20:38:23', '2026-06-11 20:38:23', 0),
	(1917, 3, 50, 82.00, '期末', '正常成绩', '2026-06-11 20:38:23', '2026-06-11 20:38:23', 0),
	(1918, 3, 51, 76.00, '期末', '正常成绩', '2026-06-11 20:38:23', '2026-06-11 20:38:23', 0),
	(1919, 4, 46, 84.00, '期末', '正常成绩', '2026-06-11 20:38:23', '2026-06-11 20:38:23', 0),
	(1920, 4, 47, 81.00, '期末', '正常成绩', '2026-06-11 20:38:23', '2026-06-11 20:38:23', 0),
	(1921, 4, 48, 87.00, '期末', '正常成绩', '2026-06-11 20:38:23', '2026-06-11 20:38:23', 0),
	(1922, 4, 49, 78.00, '期末', '正常成绩', '2026-06-11 20:38:23', '2026-06-11 20:38:23', 0),
	(1923, 4, 50, 75.00, '期末', '正常成绩', '2026-06-11 20:38:23', '2026-06-11 20:38:23', 0),
	(1924, 4, 51, 82.00, '期末', '正常成绩', '2026-06-11 20:38:23', '2026-06-11 20:38:23', 0),
	(1925, 5, 46, 75.00, '期末', '正常成绩', '2026-06-11 20:38:23', '2026-06-11 20:38:23', 0),
	(1926, 5, 47, 90.00, '期末', '正常成绩', '2026-06-11 20:38:23', '2026-06-11 20:38:23', 0),
	(1927, 5, 48, 82.00, '期末', '正常成绩', '2026-06-11 20:38:23', '2026-06-11 20:38:23', 0),
	(1928, 5, 49, 87.00, '期末', '正常成绩', '2026-06-11 20:38:23', '2026-06-11 20:38:23', 0),
	(1929, 5, 50, 84.00, '期末', '正常成绩', '2026-06-11 20:38:23', '2026-06-11 20:38:23', 0),
	(1930, 5, 51, 78.00, '期末', '正常成绩', '2026-06-11 20:38:23', '2026-06-11 20:38:23', 0),
	(1931, 6, 46, 82.00, '期末', '正常成绩', '2026-06-11 20:38:23', '2026-06-11 20:38:23', 0),
	(1932, 6, 47, 78.00, '期末', '正常成绩', '2026-06-11 20:38:23', '2026-06-11 20:38:23', 0),
	(1933, 6, 48, 74.00, '期末', '正常成绩', '2026-06-11 20:38:23', '2026-06-11 20:38:23', 0),
	(1934, 6, 49, 81.00, '期末', '正常成绩', '2026-06-11 20:38:23', '2026-06-11 20:38:23', 0),
	(1935, 6, 50, 86.00, '期末', '正常成绩', '2026-06-11 20:38:23', '2026-06-11 20:38:23', 0),
	(1936, 6, 51, 75.00, '期末', '正常成绩', '2026-06-11 20:38:23', '2026-06-11 20:38:23', 0),
	(1937, 7, 46, 88.00, '期末', '正常成绩', '2026-06-11 20:38:23', '2026-06-11 20:38:23', 0),
	(1938, 7, 47, 74.00, '期末', '正常成绩', '2026-06-11 20:38:23', '2026-06-11 20:38:23', 0),
	(1939, 7, 48, 81.00, '期末', '正常成绩', '2026-06-11 20:38:23', '2026-06-11 20:38:23', 0),
	(1940, 7, 49, 76.00, '期末', '正常成绩', '2026-06-11 20:38:23', '2026-06-11 20:38:23', 0),
	(1941, 7, 50, 82.00, '期末', '正常成绩', '2026-06-11 20:38:23', '2026-06-11 20:38:23', 0),
	(1942, 7, 51, 87.00, '期末', '正常成绩', '2026-06-11 20:38:23', '2026-06-11 20:38:23', 0),
	(1943, 8, 46, 80.00, '期末', '正常成绩', '2026-06-11 20:38:23', '2026-06-11 20:38:23', 0),
	(1944, 8, 47, 85.00, '期末', '正常成绩', '2026-06-11 20:38:23', '2026-06-11 20:38:23', 0),
	(1945, 8, 48, 88.00, '期末', '正常成绩', '2026-06-11 20:38:23', '2026-06-11 20:38:23', 0),
	(1946, 8, 49, 74.00, '期末', '正常成绩', '2026-06-11 20:38:23', '2026-06-11 20:38:23', 0),
	(1947, 8, 50, 81.00, '期末', '正常成绩', '2026-06-11 20:38:23', '2026-06-11 20:38:23', 0),
	(1948, 8, 51, 84.00, '期末', '正常成绩', '2026-06-11 20:38:23', '2026-06-11 20:38:23', 0),
	(1949, 9, 46, 74.00, '期末', '正常成绩', '2026-06-11 20:38:23', '2026-06-11 20:38:23', 0),
	(1950, 9, 47, 82.00, '期末', '正常成绩', '2026-06-11 20:38:23', '2026-06-11 20:38:23', 0),
	(1951, 9, 48, 76.00, '期末', '正常成绩', '2026-06-11 20:38:23', '2026-06-11 20:38:23', 0),
	(1952, 9, 49, 88.00, '期末', '正常成绩', '2026-06-11 20:38:23', '2026-06-11 20:38:23', 0),
	(1953, 9, 50, 84.00, '期末', '正常成绩', '2026-06-11 20:38:23', '2026-06-11 20:38:23', 0),
	(1954, 9, 51, 81.00, '期末', '正常成绩', '2026-06-11 20:38:23', '2026-06-11 20:38:23', 0),
	(1955, 10, 46, 86.00, '期末', '正常成绩', '2026-06-11 20:38:23', '2026-06-11 20:38:23', 0),
	(1956, 10, 47, 78.00, '期末', '正常成绩', '2026-06-11 20:38:23', '2026-06-11 20:38:23', 0),
	(1957, 10, 48, 84.00, '期末', '正常成绩', '2026-06-11 20:38:23', '2026-06-11 20:38:23', 0),
	(1958, 10, 49, 81.00, '期末', '正常成绩', '2026-06-11 20:38:23', '2026-06-11 20:38:23', 0),
	(1959, 10, 50, 75.00, '期末', '正常成绩', '2026-06-11 20:38:23', '2026-06-11 20:38:23', 0),
	(1960, 10, 51, 82.00, '期末', '正常成绩', '2026-06-11 20:38:23', '2026-06-11 20:38:23', 0),
	-- 班级2 理科
	(1961, 11, 46, 81.00, '期末', '正常成绩', '2026-06-11 20:38:23', '2026-06-11 20:38:23', 0),
	(1962, 11, 47, 78.00, '期末', '正常成绩', '2026-06-11 20:38:23', '2026-06-11 20:38:23', 0),
	(1963, 11, 48, 84.00, '期末', '正常成绩', '2026-06-11 20:38:23', '2026-06-11 20:38:23', 0),
	(1964, 11, 49, 75.00, '期末', '正常成绩', '2026-06-11 20:38:23', '2026-06-11 20:38:23', 0),
	(1965, 11, 50, 82.00, '期末', '正常成绩', '2026-06-11 20:38:23', '2026-06-11 20:38:23', 0),
	(1966, 11, 51, 76.00, '期末', '正常成绩', '2026-06-11 20:38:23', '2026-06-11 20:38:23', 0),
	(1967, 12, 46, 74.00, '期末', '正常成绩', '2026-06-11 20:38:23', '2026-06-11 20:38:23', 0),
	(1968, 12, 47, 87.00, '期末', '正常成绩', '2026-06-11 20:38:23', '2026-06-11 20:38:23', 0),
	(1969, 12, 48, 81.00, '期末', '正常成绩', '2026-06-11 20:38:23', '2026-06-11 20:38:23', 0),
	(1970, 12, 49, 84.00, '期末', '正常成绩', '2026-06-11 20:38:23', '2026-06-11 20:38:23', 0),
	(1971, 12, 50, 78.00, '期末', '正常成绩', '2026-06-11 20:38:23', '2026-06-11 20:38:23', 0),
	(1972, 12, 51, 74.00, '期末', '正常成绩', '2026-06-11 20:38:23', '2026-06-11 20:38:23', 0),
	(1973, 13, 46, 88.00, '期末', '正常成绩', '2026-06-11 20:38:23', '2026-06-11 20:38:23', 0),
	(1974, 13, 47, 81.00, '期末', '正常成绩', '2026-06-11 20:38:23', '2026-06-11 20:38:23', 0),
	(1975, 13, 48, 75.00, '期末', '正常成绩', '2026-06-11 20:38:23', '2026-06-11 20:38:23', 0),
	(1976, 13, 49, 82.00, '期末', '正常成绩', '2026-06-11 20:38:23', '2026-06-11 20:38:23', 0),
	(1977, 13, 50, 86.00, '期末', '正常成绩', '2026-06-11 20:38:23', '2026-06-11 20:38:23', 0),
	(1978, 13, 51, 80.00, '期末', '正常成绩', '2026-06-11 20:38:23', '2026-06-11 20:38:23', 0),
	(1979, 14, 46, 84.00, '期末', '正常成绩', '2026-06-11 20:38:23', '2026-06-11 20:38:23', 0),
	(1980, 14, 47, 75.00, '期末', '正常成绩', '2026-06-11 20:38:23', '2026-06-11 20:38:23', 0),
	(1981, 14, 48, 88.00, '期末', '正常成绩', '2026-06-11 20:38:23', '2026-06-11 20:38:23', 0),
	(1982, 14, 49, 81.00, '期末', '正常成绩', '2026-06-11 20:38:23', '2026-06-11 20:38:23', 0),
	(1983, 14, 50, 78.00, '期末', '正常成绩', '2026-06-11 20:38:23', '2026-06-11 20:38:23', 0),
	(1984, 14, 51, 84.00, '期末', '正常成绩', '2026-06-11 20:38:23', '2026-06-11 20:38:23', 0),
	(1985, 15, 46, 72.00, '期末', '正常成绩', '2026-06-11 20:38:23', '2026-06-11 20:38:23', 0),
	(1986, 15, 47, 84.00, '期末', '正常成绩', '2026-06-11 20:38:23', '2026-06-11 20:38:23', 0),
	(1987, 15, 48, 78.00, '期末', '正常成绩', '2026-06-11 20:38:23', '2026-06-11 20:38:23', 0),
	(1988, 15, 49, 86.00, '期末', '正常成绩', '2026-06-11 20:38:23', '2026-06-11 20:38:23', 0),
	(1989, 15, 50, 81.00, '期末', '正常成绩', '2026-06-11 20:38:23', '2026-06-11 20:38:23', 0),
	(1990, 15, 51, 75.00, '期末', '正常成绩', '2026-06-11 20:38:23', '2026-06-11 20:38:23', 0),
	(1991, 16, 46, 81.00, '期末', '正常成绩', '2026-06-11 20:38:23', '2026-06-11 20:38:23', 0),
	(1992, 16, 47, 88.00, '期末', '正常成绩', '2026-06-11 20:38:23', '2026-06-11 20:38:23', 0),
	(1993, 16, 48, 84.00, '期末', '正常成绩', '2026-06-11 20:38:23', '2026-06-11 20:38:23', 0),
	(1994, 16, 49, 74.00, '期末', '正常成绩', '2026-06-11 20:38:23', '2026-06-11 20:38:23', 0),
	(1995, 16, 50, 82.00, '期末', '正常成绩', '2026-06-11 20:38:23', '2026-06-11 20:38:23', 0),
	(1996, 16, 51, 86.00, '期末', '正常成绩', '2026-06-11 20:38:23', '2026-06-11 20:38:23', 0),
	(1997, 17, 46, 86.00, '期末', '正常成绩', '2026-06-11 20:38:23', '2026-06-11 20:38:23', 0),
	(1998, 17, 47, 81.00, '期末', '正常成绩', '2026-06-11 20:38:23', '2026-06-11 20:38:23', 0),
	(1999, 17, 48, 78.00, '期末', '正常成绩', '2026-06-11 20:38:23', '2026-06-11 20:38:23', 0),
	(2000, 17, 49, 84.00, '期末', '正常成绩', '2026-06-11 20:38:23', '2026-06-11 20:38:23', 0),
	(2001, 17, 50, 75.00, '期末', '正常成绩', '2026-06-11 20:38:23', '2026-06-11 20:38:23', 0),
	(2002, 17, 51, 82.00, '期末', '正常成绩', '2026-06-11 20:38:23', '2026-06-11 20:38:23', 0),
	(2003, 18, 46, 78.00, '期末', '正常成绩', '2026-06-11 20:38:23', '2026-06-11 20:38:23', 0),
	(2004, 18, 47, 84.00, '期末', '正常成绩', '2026-06-11 20:38:23', '2026-06-11 20:38:23', 0),
	(2005, 18, 48, 86.00, '期末', '正常成绩', '2026-06-11 20:38:23', '2026-06-11 20:38:23', 0),
	(2006, 18, 49, 81.00, '期末', '正常成绩', '2026-06-11 20:38:23', '2026-06-11 20:38:23', 0),
	(2007, 18, 50, 78.00, '期末', '正常成绩', '2026-06-11 20:38:23', '2026-06-11 20:38:23', 0),
	(2008, 18, 51, 74.00, '期末', '正常成绩', '2026-06-11 20:38:23', '2026-06-11 20:38:23', 0),
	(2009, 19, 46, 84.00, '期末', '正常成绩', '2026-06-11 20:38:23', '2026-06-11 20:38:23', 0),
	(2010, 19, 47, 78.00, '期末', '正常成绩', '2026-06-11 20:38:23', '2026-06-11 20:38:23', 0),
	(2011, 19, 48, 81.00, '期末', '正常成绩', '2026-06-11 20:38:23', '2026-06-11 20:38:23', 0),
	(2012, 19, 49, 75.00, '期末', '正常成绩', '2026-06-11 20:38:23', '2026-06-11 20:38:23', 0),
	(2013, 19, 50, 88.00, '期末', '正常成绩', '2026-06-11 20:38:23', '2026-06-11 20:38:23', 0),
	(2014, 19, 51, 84.00, '期末', '正常成绩', '2026-06-11 20:38:23', '2026-06-11 20:38:23', 0),
	(2015, 20, 46, 81.00, '期末', '正常成绩', '2026-06-11 20:38:23', '2026-06-11 20:38:23', 0),
	(2016, 20, 47, 86.00, '期末', '正常成绩', '2026-06-11 20:38:23', '2026-06-11 20:38:23', 0),
	(2017, 20, 48, 78.00, '期末', '正常成绩', '2026-06-11 20:38:23', '2026-06-11 20:38:23', 0),
	(2018, 20, 49, 84.00, '期末', '正常成绩', '2026-06-11 20:38:23', '2026-06-11 20:38:23', 0),
	(2019, 20, 50, 82.00, '期末', '正常成绩', '2026-06-11 20:38:23', '2026-06-11 20:38:23', 0),
	(2020, 20, 51, 81.00, '期末', '正常成绩', '2026-06-11 20:38:23', '2026-06-11 20:38:23', 0),
	-- 班级3 文科: 语46/数47/英48/历52/地53/政54
	(2021, 21, 46, 78.00, '期末', '正常成绩', '2026-06-11 20:38:23', '2026-06-11 20:38:23', 0),
	(2022, 21, 47, 74.00, '期末', '正常成绩', '2026-06-11 20:38:23', '2026-06-11 20:38:23', 0),
	(2023, 21, 48, 81.00, '期末', '正常成绩', '2026-06-11 20:38:23', '2026-06-11 20:38:23', 0),
	(2024, 21, 52, 84.00, '期末', '正常成绩', '2026-06-11 20:38:23', '2026-06-11 20:38:23', 0),
	(2025, 21, 53, 78.00, '期末', '正常成绩', '2026-06-11 20:38:23', '2026-06-11 20:38:23', 0),
	(2026, 21, 54, 82.00, '期末', '正常成绩', '2026-06-11 20:38:23', '2026-06-11 20:38:23', 0),
	(2027, 22, 46, 71.00, '期末', '正常成绩', '2026-06-11 20:38:23', '2026-06-11 20:38:23', 0),
	(2028, 22, 47, 78.00, '期末', '正常成绩', '2026-06-11 20:38:23', '2026-06-11 20:38:23', 0),
	(2029, 22, 48, 74.00, '期末', '正常成绩', '2026-06-11 20:38:23', '2026-06-11 20:38:23', 0),
	(2030, 22, 52, 76.00, '期末', '正常成绩', '2026-06-11 20:38:23', '2026-06-11 20:38:23', 0),
	(2031, 22, 53, 72.00, '期末', '正常成绩', '2026-06-11 20:38:23', '2026-06-11 20:38:23', 0),
	(2032, 22, 54, 78.00, '期末', '正常成绩', '2026-06-11 20:38:23', '2026-06-11 20:38:23', 0),
	(2033, 23, 46, 88.00, '期末', '正常成绩', '2026-06-11 20:38:23', '2026-06-11 20:38:23', 0),
	(2034, 23, 47, 84.00, '期末', '正常成绩', '2026-06-11 20:38:23', '2026-06-11 20:38:23', 0),
	(2035, 23, 48, 81.00, '期末', '正常成绩', '2026-06-11 20:38:23', '2026-06-11 20:38:23', 0),
	(2036, 23, 52, 86.00, '期末', '正常成绩', '2026-06-11 20:38:23', '2026-06-11 20:38:23', 0),
	(2037, 23, 53, 84.00, '期末', '正常成绩', '2026-06-11 20:38:23', '2026-06-11 20:38:23', 0),
	(2038, 23, 54, 88.00, '期末', '正常成绩', '2026-06-11 20:38:23', '2026-06-11 20:38:23', 0),
	(2039, 24, 46, 84.00, '期末', '正常成绩', '2026-06-11 20:38:23', '2026-06-11 20:38:23', 0),
	(2040, 24, 47, 81.00, '期末', '正常成绩', '2026-06-11 20:38:23', '2026-06-11 20:38:23', 0),
	(2041, 24, 48, 88.00, '期末', '正常成绩', '2026-06-11 20:38:23', '2026-06-11 20:38:23', 0),
	(2042, 24, 52, 82.00, '期末', '正常成绩', '2026-06-11 20:38:23', '2026-06-11 20:38:23', 0),
	(2043, 24, 53, 86.00, '期末', '正常成绩', '2026-06-11 20:38:23', '2026-06-11 20:38:23', 0),
	(2044, 24, 54, 84.00, '期末', '正常成绩', '2026-06-11 20:38:23', '2026-06-11 20:38:23', 0),
	(2045, 25, 46, 64.00, '期末', '正常成绩', '2026-06-11 20:38:23', '2026-06-11 20:38:23', 0),
	(2046, 25, 47, 68.00, '期末', '正常成绩', '2026-06-11 20:38:23', '2026-06-11 20:38:23', 0),
	(2047, 25, 48, 61.00, '期末', '正常成绩', '2026-06-11 20:38:23', '2026-06-11 20:38:23', 0),
	(2048, 25, 52, 66.00, '期末', '正常成绩', '2026-06-11 20:38:23', '2026-06-11 20:38:23', 0),
	(2049, 25, 53, 64.00, '期末', '正常成绩', '2026-06-11 20:38:23', '2026-06-11 20:38:23', 0),
	(2050, 25, 54, 68.00, '期末', '正常成绩', '2026-06-11 20:38:23', '2026-06-11 20:38:23', 0),
	(2051, 26, 46, 78.00, '期末', '正常成绩', '2026-06-11 20:38:23', '2026-06-11 20:38:23', 0),
	(2052, 26, 47, 74.00, '期末', '正常成绩', '2026-06-11 20:38:23', '2026-06-11 20:38:23', 0),
	(2053, 26, 48, 81.00, '期末', '正常成绩', '2026-06-11 20:38:23', '2026-06-11 20:38:23', 0),
	(2054, 26, 52, 76.00, '期末', '正常成绩', '2026-06-11 20:38:23', '2026-06-11 20:38:23', 0),
	(2055, 26, 53, 78.00, '期末', '正常成绩', '2026-06-11 20:38:23', '2026-06-11 20:38:23', 0),
	(2056, 26, 54, 74.00, '期末', '正常成绩', '2026-06-11 20:38:23', '2026-06-11 20:38:23', 0),
	(2057, 27, 46, 71.00, '期末', '正常成绩', '2026-06-11 20:38:23', '2026-06-11 20:38:23', 0),
	(2058, 27, 47, 76.00, '期末', '正常成绩', '2026-06-11 20:38:23', '2026-06-11 20:38:23', 0),
	(2059, 27, 48, 74.00, '期末', '正常成绩', '2026-06-11 20:38:23', '2026-06-11 20:38:23', 0),
	(2060, 27, 52, 68.00, '期末', '正常成绩', '2026-06-11 20:38:23', '2026-06-11 20:38:23', 0),
	(2061, 27, 53, 71.00, '期末', '正常成绩', '2026-06-11 20:38:23', '2026-06-11 20:38:23', 0),
	(2062, 27, 54, 76.00, '期末', '正常成绩', '2026-06-11 20:38:23', '2026-06-11 20:38:23', 0),
	(2063, 28, 46, 82.00, '期末', '正常成绩', '2026-06-11 20:38:23', '2026-06-11 20:38:23', 0),
	(2064, 28, 47, 78.00, '期末', '正常成绩', '2026-06-11 20:38:23', '2026-06-11 20:38:23', 0),
	(2065, 28, 48, 84.00, '期末', '正常成绩', '2026-06-11 20:38:23', '2026-06-11 20:38:23', 0),
	(2066, 28, 52, 81.00, '期末', '正常成绩', '2026-06-11 20:38:23', '2026-06-11 20:38:23', 0),
	(2067, 28, 53, 76.00, '期末', '正常成绩', '2026-06-11 20:38:23', '2026-06-11 20:38:23', 0),
	(2068, 28, 54, 82.00, '期末', '正常成绩', '2026-06-11 20:38:23', '2026-06-11 20:38:23', 0),
	(2069, 29, 46, 86.00, '期末', '正常成绩', '2026-06-11 20:38:23', '2026-06-11 20:38:23', 0),
	(2070, 29, 47, 84.00, '期末', '正常成绩', '2026-06-11 20:38:23', '2026-06-11 20:38:23', 0),
	(2071, 29, 48, 81.00, '期末', '正常成绩', '2026-06-11 20:38:23', '2026-06-11 20:38:23', 0),
	(2072, 29, 52, 88.00, '期末', '正常成绩', '2026-06-11 20:38:23', '2026-06-11 20:38:23', 0),
	(2073, 29, 53, 86.00, '期末', '正常成绩', '2026-06-11 20:38:23', '2026-06-11 20:38:23', 0),
	(2074, 29, 54, 84.00, '期末', '正常成绩', '2026-06-11 20:38:23', '2026-06-11 20:38:23', 0),
	(2075, 30, 46, 74.00, '期末', '正常成绩', '2026-06-11 20:38:23', '2026-06-11 20:38:23', 0),
	(2076, 30, 47, 78.00, '期末', '正常成绩', '2026-06-11 20:38:23', '2026-06-11 20:38:23', 0),
	(2077, 30, 48, 76.00, '期末', '正常成绩', '2026-06-11 20:38:23', '2026-06-11 20:38:23', 0),
	(2078, 30, 52, 71.00, '期末', '正常成绩', '2026-06-11 20:38:23', '2026-06-11 20:38:23', 0),
	(2079, 30, 53, 68.00, '期末', '正常成绩', '2026-06-11 20:38:23', '2026-06-11 20:38:23', 0),
	(2080, 30, 54, 74.00, '期末', '正常成绩', '2026-06-11 20:38:23', '2026-06-11 20:38:23', 0),
	-- 2023-2024 第二学期 期中
	-- 班级1
	(2081, 1, 46, 75.00, '期中', '正常成绩', '2026-06-14 16:41:54', '2026-06-14 16:42:09', 0),
	(2082, 1, 47, 70.00, '期中', '正常成绩', '2026-06-14 16:41:54', '2026-06-14 16:42:09', 0),
	(2083, 1, 48, 78.00, '期中', '正常成绩', '2026-06-14 16:41:54', '2026-06-14 16:42:09', 0),
	(2084, 1, 49, 65.00, '期中', '正常成绩', '2026-06-14 16:41:54', '2026-06-14 16:42:09', 0),
	(2085, 1, 50, 81.00, '期中', '正常成绩', '2026-06-14 16:41:54', '2026-06-14 16:42:09', 0),
	(2086, 1, 51, 69.00, '期中', '正常成绩', '2026-06-14 16:41:54', '2026-06-14 16:42:09', 0),
	(2087, 2, 46, 84.00, '期中', '正常成绩', '2026-06-14 16:41:54', '2026-06-14 16:42:09', 0),
	(2088, 2, 47, 81.00, '期中', '正常成绩', '2026-06-14 16:41:54', '2026-06-14 16:42:09', 0),
	(2089, 2, 48, 72.00, '期中', '正常成绩', '2026-06-14 16:41:54', '2026-06-14 16:42:09', 0),
	(2090, 2, 49, 78.00, '期中', '正常成绩', '2026-06-14 16:41:54', '2026-06-14 16:42:09', 0),
	(2091, 2, 50, 85.00, '期中', '正常成绩', '2026-06-14 16:41:54', '2026-06-14 16:42:09', 0),
	(2092, 2, 51, 80.00, '期中', '正常成绩', '2026-06-14 16:41:54', '2026-06-14 16:42:09', 0),
	(2093, 3, 46, 68.00, '期中', '正常成绩', '2026-06-14 16:41:54', '2026-06-14 16:42:09', 0),
	(2094, 3, 47, 85.00, '期中', '正常成绩', '2026-06-14 16:41:54', '2026-06-14 16:42:09', 0),
	(2095, 3, 48, 76.00, '期中', '正常成绩', '2026-06-14 16:41:54', '2026-06-14 16:42:09', 0),
	(2096, 3, 49, 71.00, '期中', '正常成绩', '2026-06-14 16:41:54', '2026-06-14 16:42:09', 0),
	(2097, 3, 50, 79.00, '期中', '正常成绩', '2026-06-14 16:41:54', '2026-06-14 16:42:09', 0),
	(2098, 3, 51, 73.00, '期中', '正常成绩', '2026-06-14 16:41:54', '2026-06-14 16:42:09', 0),
	(2099, 4, 46, 81.00, '期中', '正常成绩', '2026-06-14 16:41:54', '2026-06-14 16:42:09', 0),
	(2100, 4, 47, 78.00, '期中', '正常成绩', '2026-06-14 16:41:54', '2026-06-14 16:42:09', 0),
	(2101, 4, 48, 84.00, '期中', '正常成绩', '2026-06-14 16:41:54', '2026-06-14 16:42:09', 0),
	(2102, 4, 49, 75.00, '期中', '正常成绩', '2026-06-14 16:41:54', '2026-06-14 16:42:09', 0),
	(2103, 4, 50, 72.00, '期中', '正常成绩', '2026-06-14 16:41:54', '2026-06-14 16:42:09', 0),
	(2104, 4, 51, 79.00, '期中', '正常成绩', '2026-06-14 16:41:54', '2026-06-14 16:42:09', 0),
	(2105, 5, 46, 72.00, '期中', '正常成绩', '2026-06-14 16:41:54', '2026-06-14 16:42:09', 0),
	(2106, 5, 47, 87.00, '期中', '正常成绩', '2026-06-14 16:41:54', '2026-06-14 16:42:09', 0),
	(2107, 5, 48, 79.00, '期中', '正常成绩', '2026-06-14 16:41:54', '2026-06-14 16:42:09', 0),
	(2108, 5, 49, 84.00, '期中', '正常成绩', '2026-06-14 16:41:54', '2026-06-14 16:42:09', 0),
	(2109, 5, 50, 81.00, '期中', '正常成绩', '2026-06-14 16:41:54', '2026-06-14 16:42:09', 0),
	(2110, 5, 51, 75.00, '期中', '正常成绩', '2026-06-14 16:41:54', '2026-06-14 16:42:09', 0),
	(2111, 6, 46, 79.00, '期中', '正常成绩', '2026-06-14 16:41:54', '2026-06-14 16:42:09', 0),
	(2112, 6, 47, 75.00, '期中', '正常成绩', '2026-06-14 16:41:54', '2026-06-14 16:42:09', 0),
	(2113, 6, 48, 71.00, '期中', '正常成绩', '2026-06-14 16:41:54', '2026-06-14 16:42:09', 0),
	(2114, 6, 49, 78.00, '期中', '正常成绩', '2026-06-14 16:41:54', '2026-06-14 16:42:09', 0),
	(2115, 6, 50, 83.00, '期中', '正常成绩', '2026-06-14 16:41:54', '2026-06-14 16:42:09', 0),
	(2116, 6, 51, 72.00, '期中', '正常成绩', '2026-06-14 16:41:54', '2026-06-14 16:42:09', 0),
	(2117, 7, 46, 85.00, '期中', '正常成绩', '2026-06-14 16:41:54', '2026-06-14 16:42:09', 0),
	(2118, 7, 47, 71.00, '期中', '正常成绩', '2026-06-14 16:41:54', '2026-06-14 16:42:09', 0),
	(2119, 7, 48, 78.00, '期中', '正常成绩', '2026-06-14 16:41:54', '2026-06-14 16:42:09', 0),
	(2120, 7, 49, 73.00, '期中', '正常成绩', '2026-06-14 16:41:54', '2026-06-14 16:42:09', 0),
	(2121, 7, 50, 79.00, '期中', '正常成绩', '2026-06-14 16:41:54', '2026-06-14 16:42:09', 0),
	(2122, 7, 51, 84.00, '期中', '正常成绩', '2026-06-14 16:41:54', '2026-06-14 16:42:09', 0),
	(2123, 8, 46, 77.00, '期中', '正常成绩', '2026-06-14 16:41:54', '2026-06-14 16:42:09', 0),
	(2124, 8, 47, 82.00, '期中', '正常成绩', '2026-06-14 16:41:54', '2026-06-14 16:42:09', 0),
	(2125, 8, 48, 85.00, '期中', '正常成绩', '2026-06-14 16:41:54', '2026-06-14 16:42:09', 0),
	(2126, 8, 49, 71.00, '期中', '正常成绩', '2026-06-14 16:41:54', '2026-06-14 16:42:09', 0),
	(2127, 8, 50, 78.00, '期中', '正常成绩', '2026-06-14 16:41:54', '2026-06-14 16:42:09', 0),
	(2128, 8, 51, 81.00, '期中', '正常成绩', '2026-06-14 16:41:54', '2026-06-14 16:42:09', 0),
	(2129, 9, 46, 71.00, '期中', '正常成绩', '2026-06-14 16:41:54', '2026-06-14 16:42:09', 0),
	(2130, 9, 47, 79.00, '期中', '正常成绩', '2026-06-14 16:41:54', '2026-06-14 16:42:09', 0),
	(2131, 9, 48, 73.00, '期中', '正常成绩', '2026-06-14 16:41:54', '2026-06-14 16:42:09', 0),
	(2132, 9, 49, 85.00, '期中', '正常成绩', '2026-06-14 16:41:54', '2026-06-14 16:42:09', 0),
	(2133, 9, 50, 81.00, '期中', '正常成绩', '2026-06-14 16:41:54', '2026-06-14 16:42:09', 0),
	(2134, 9, 51, 78.00, '期中', '正常成绩', '2026-06-14 16:41:54', '2026-06-14 16:42:09', 0),
	(2135, 10, 46, 83.00, '期中', '正常成绩', '2026-06-14 16:41:54', '2026-06-14 16:42:09', 0),
	(2136, 10, 47, 75.00, '期中', '正常成绩', '2026-06-14 16:41:54', '2026-06-14 16:42:09', 0),
	(2137, 10, 48, 81.00, '期中', '正常成绩', '2026-06-14 16:41:54', '2026-06-14 16:42:09', 0),
	(2138, 10, 49, 78.00, '期中', '正常成绩', '2026-06-14 16:41:54', '2026-06-14 16:42:09', 0),
	(2139, 10, 50, 72.00, '期中', '正常成绩', '2026-06-14 16:41:54', '2026-06-14 16:42:09', 0),
	(2140, 10, 51, 79.00, '期中', '正常成绩', '2026-06-14 16:41:54', '2026-06-14 16:42:09', 0),
	-- 班级2
	(2141, 11, 46, 78.00, '期中', '正常成绩', '2026-06-14 16:41:54', '2026-06-14 16:42:09', 0),
	(2142, 11, 47, 75.00, '期中', '正常成绩', '2026-06-14 16:41:54', '2026-06-14 16:42:09', 0),
	(2143, 11, 48, 81.00, '期中', '正常成绩', '2026-06-14 16:41:54', '2026-06-14 16:42:09', 0),
	(2144, 11, 49, 72.00, '期中', '正常成绩', '2026-06-14 16:41:54', '2026-06-14 16:42:09', 0),
	(2145, 11, 50, 79.00, '期中', '正常成绩', '2026-06-14 16:41:54', '2026-06-14 16:42:09', 0),
	(2146, 11, 51, 73.00, '期中', '正常成绩', '2026-06-14 16:41:54', '2026-06-14 16:42:09', 0),
	(2147, 12, 46, 71.00, '期中', '正常成绩', '2026-06-14 16:41:54', '2026-06-14 16:42:09', 0),
	(2148, 12, 47, 84.00, '期中', '正常成绩', '2026-06-14 16:41:54', '2026-06-14 16:42:09', 0),
	(2149, 12, 48, 78.00, '期中', '正常成绩', '2026-06-14 16:41:54', '2026-06-14 16:42:09', 0),
	(2150, 12, 49, 81.00, '期中', '正常成绩', '2026-06-14 16:41:54', '2026-06-14 16:42:09', 0),
	(2151, 12, 50, 75.00, '期中', '正常成绩', '2026-06-14 16:41:54', '2026-06-14 16:42:09', 0),
	(2152, 12, 51, 72.00, '期中', '正常成绩', '2026-06-14 16:41:54', '2026-06-14 16:42:09', 0),
	(2153, 13, 46, 85.00, '期中', '正常成绩', '2026-06-14 16:41:54', '2026-06-14 16:42:09', 0),
	(2154, 13, 47, 78.00, '期中', '正常成绩', '2026-06-14 16:41:54', '2026-06-14 16:42:09', 0),
	(2155, 13, 48, 72.00, '期中', '正常成绩', '2026-06-14 16:41:54', '2026-06-14 16:42:09', 0),
	(2156, 13, 49, 79.00, '期中', '正常成绩', '2026-06-14 16:41:54', '2026-06-14 16:42:09', 0),
	(2157, 13, 50, 83.00, '期中', '正常成绩', '2026-06-14 16:41:54', '2026-06-14 16:42:09', 0),
	(2158, 13, 51, 77.00, '期中', '正常成绩', '2026-06-14 16:41:54', '2026-06-14 16:42:09', 0),
	(2159, 14, 46, 81.00, '期中', '正常成绩', '2026-06-14 16:41:54', '2026-06-14 16:42:09', 0),
	(2160, 14, 47, 72.00, '期中', '正常成绩', '2026-06-14 16:41:54', '2026-06-14 16:42:09', 0),
	(2161, 14, 48, 85.00, '期中', '正常成绩', '2026-06-14 16:41:54', '2026-06-14 16:42:09', 0),
	(2162, 14, 49, 78.00, '期中', '正常成绩', '2026-06-14 16:41:54', '2026-06-14 16:42:09', 0),
	(2163, 14, 50, 75.00, '期中', '正常成绩', '2026-06-14 16:41:54', '2026-06-14 16:42:09', 0),
	(2164, 14, 51, 81.00, '期中', '正常成绩', '2026-06-14 16:41:54', '2026-06-14 16:42:09', 0),
	(2165, 15, 46, 69.00, '期中', '正常成绩', '2026-06-14 16:41:54', '2026-06-14 16:42:09', 0),
	(2166, 15, 47, 81.00, '期中', '正常成绩', '2026-06-14 16:41:54', '2026-06-14 16:42:09', 0),
	(2167, 15, 48, 75.00, '期中', '正常成绩', '2026-06-14 16:41:54', '2026-06-14 16:42:09', 0),
	(2168, 15, 49, 83.00, '期中', '正常成绩', '2026-06-14 16:41:54', '2026-06-14 16:42:09', 0),
	(2169, 15, 50, 78.00, '期中', '正常成绩', '2026-06-14 16:41:54', '2026-06-14 16:42:09', 0),
	(2170, 15, 51, 72.00, '期中', '正常成绩', '2026-06-14 16:41:54', '2026-06-14 16:42:09', 0),
	(2171, 16, 46, 78.00, '期中', '正常成绩', '2026-06-14 16:41:54', '2026-06-14 16:42:09', 0),
	(2172, 16, 47, 85.00, '期中', '正常成绩', '2026-06-14 16:41:54', '2026-06-14 16:42:09', 0),
	(2173, 16, 48, 81.00, '期中', '正常成绩', '2026-06-14 16:41:54', '2026-06-14 16:42:09', 0),
	(2174, 16, 49, 71.00, '期中', '正常成绩', '2026-06-14 16:41:54', '2026-06-14 16:42:09', 0),
	(2175, 16, 50, 79.00, '期中', '正常成绩', '2026-06-14 16:41:54', '2026-06-14 16:42:09', 0),
	(2176, 16, 51, 83.00, '期中', '正常成绩', '2026-06-14 16:41:54', '2026-06-14 16:42:09', 0),
	(2177, 17, 46, 83.00, '期中', '正常成绩', '2026-06-14 16:41:54', '2026-06-14 16:42:09', 0),
	(2178, 17, 47, 78.00, '期中', '正常成绩', '2026-06-14 16:41:54', '2026-06-14 16:42:09', 0),
	(2179, 17, 48, 75.00, '期中', '正常成绩', '2026-06-14 16:41:54', '2026-06-14 16:42:09', 0),
	(2180, 17, 49, 81.00, '期中', '正常成绩', '2026-06-14 16:41:54', '2026-06-14 16:42:09', 0),
	(2181, 17, 50, 72.00, '期中', '正常成绩', '2026-06-14 16:41:54', '2026-06-14 16:42:09', 0),
	(2182, 17, 51, 79.00, '期中', '正常成绩', '2026-06-14 16:41:54', '2026-06-14 16:42:09', 0),
	(2183, 18, 46, 75.00, '期中', '正常成绩', '2026-06-14 16:41:54', '2026-06-14 16:42:09', 0),
	(2184, 18, 47, 81.00, '期中', '正常成绩', '2026-06-14 16:41:54', '2026-06-14 16:42:09', 0),
	(2185, 18, 48, 83.00, '期中', '正常成绩', '2026-06-14 16:41:54', '2026-06-14 16:42:09', 0),
	(2186, 18, 49, 78.00, '期中', '正常成绩', '2026-06-14 16:41:54', '2026-06-14 16:42:09', 0),
	(2187, 18, 50, 75.00, '期中', '正常成绩', '2026-06-14 16:41:54', '2026-06-14 16:42:09', 0),
	(2188, 18, 51, 71.00, '期中', '正常成绩', '2026-06-14 16:41:54', '2026-06-14 16:42:09', 0),
	(2189, 19, 46, 81.00, '期中', '正常成绩', '2026-06-14 16:41:54', '2026-06-14 16:42:09', 0),
	(2190, 19, 47, 75.00, '期中', '正常成绩', '2026-06-14 16:41:54', '2026-06-14 16:42:09', 0),
	(2191, 19, 48, 78.00, '期中', '正常成绩', '2026-06-14 16:41:54', '2026-06-14 16:42:09', 0),
	(2192, 19, 49, 72.00, '期中', '正常成绩', '2026-06-14 16:41:54', '2026-06-14 16:42:09', 0),
	(2193, 19, 50, 85.00, '期中', '正常成绩', '2026-06-14 16:41:54', '2026-06-14 16:42:09', 0),
	(2194, 19, 51, 81.00, '期中', '正常成绩', '2026-06-14 16:41:54', '2026-06-14 16:42:09', 0),
	(2195, 20, 46, 78.00, '期中', '正常成绩', '2026-06-14 16:41:54', '2026-06-14 16:42:09', 0),
	(2196, 20, 47, 83.00, '期中', '正常成绩', '2026-06-14 16:41:54', '2026-06-14 16:42:09', 0),
	(2197, 20, 48, 75.00, '期中', '正常成绩', '2026-06-14 16:41:54', '2026-06-14 16:42:09', 0),
	(2198, 20, 49, 81.00, '期中', '正常成绩', '2026-06-14 16:41:54', '2026-06-14 16:42:09', 0),
	(2199, 20, 50, 79.00, '期中', '正常成绩', '2026-06-14 16:41:54', '2026-06-14 16:42:09', 0),
	(2200, 20, 51, 78.00, '期中', '正常成绩', '2026-06-14 16:41:54', '2026-06-14 16:42:09', 0),
	-- 班级3
	(2201, 21, 46, 75.00, '期中', '正常成绩', '2026-06-14 16:41:54', '2026-06-14 16:42:09', 0),
	(2202, 21, 47, 71.00, '期中', '正常成绩', '2026-06-14 16:41:54', '2026-06-14 16:42:09', 0),
	(2203, 21, 48, 78.00, '期中', '正常成绩', '2026-06-14 16:41:54', '2026-06-14 16:42:09', 0),
	(2204, 21, 52, 81.00, '期中', '正常成绩', '2026-06-14 16:41:54', '2026-06-14 16:42:09', 0),
	(2205, 21, 53, 75.00, '期中', '正常成绩', '2026-06-14 16:41:54', '2026-06-14 16:42:09', 0),
	(2206, 21, 54, 79.00, '期中', '正常成绩', '2026-06-14 16:41:54', '2026-06-14 16:42:09', 0),
	(2207, 22, 46, 68.00, '期中', '正常成绩', '2026-06-14 16:41:54', '2026-06-14 16:42:09', 0),
	(2208, 22, 47, 75.00, '期中', '正常成绩', '2026-06-14 16:41:54', '2026-06-14 16:42:09', 0),
	(2209, 22, 48, 71.00, '期中', '正常成绩', '2026-06-14 16:41:54', '2026-06-14 16:42:09', 0),
	(2210, 22, 52, 73.00, '期中', '正常成绩', '2026-06-14 16:41:54', '2026-06-14 16:42:09', 0),
	(2211, 22, 53, 69.00, '期中', '正常成绩', '2026-06-14 16:41:54', '2026-06-14 16:42:09', 0),
	(2212, 22, 54, 75.00, '期中', '正常成绩', '2026-06-14 16:41:54', '2026-06-14 16:42:09', 0),
	(2213, 23, 46, 85.00, '期中', '正常成绩', '2026-06-14 16:41:54', '2026-06-14 16:42:09', 0),
	(2214, 23, 47, 81.00, '期中', '正常成绩', '2026-06-14 16:41:54', '2026-06-14 16:42:09', 0),
	(2215, 23, 48, 78.00, '期中', '正常成绩', '2026-06-14 16:41:54', '2026-06-14 16:42:09', 0),
	(2216, 23, 52, 83.00, '期中', '正常成绩', '2026-06-14 16:41:54', '2026-06-14 16:42:09', 0),
	(2217, 23, 53, 81.00, '期中', '正常成绩', '2026-06-14 16:41:54', '2026-06-14 16:42:09', 0),
	(2218, 23, 54, 85.00, '期中', '正常成绩', '2026-06-14 16:41:54', '2026-06-14 16:42:09', 0),
	(2219, 24, 46, 81.00, '期中', '正常成绩', '2026-06-14 16:41:54', '2026-06-14 16:42:09', 0),
	(2220, 24, 47, 78.00, '期中', '正常成绩', '2026-06-14 16:41:54', '2026-06-14 16:42:09', 0),
	(2221, 24, 48, 85.00, '期中', '正常成绩', '2026-06-14 16:41:54', '2026-06-14 16:42:09', 0),
	(2222, 24, 52, 79.00, '期中', '正常成绩', '2026-06-14 16:41:54', '2026-06-14 16:42:09', 0),
	(2223, 24, 53, 83.00, '期中', '正常成绩', '2026-06-14 16:41:54', '2026-06-14 16:42:09', 0),
	(2224, 24, 54, 81.00, '期中', '正常成绩', '2026-06-14 16:41:54', '2026-06-14 16:42:09', 0),
	(2225, 25, 46, 61.00, '期中', '正常成绩', '2026-06-14 16:41:54', '2026-06-14 16:42:09', 0),
	(2226, 25, 47, 65.00, '期中', '正常成绩', '2026-06-14 16:41:54', '2026-06-14 16:42:09', 0),
	(2227, 25, 48, 58.00, '期中', '正常成绩', '2026-06-14 16:41:54', '2026-06-14 16:42:09', 0),
	(2228, 25, 52, 63.00, '期中', '正常成绩', '2026-06-14 16:41:54', '2026-06-14 16:42:09', 0),
	(2229, 25, 53, 61.00, '期中', '正常成绩', '2026-06-14 16:41:54', '2026-06-14 16:42:09', 0),
	(2230, 25, 54, 65.00, '期中', '正常成绩', '2026-06-14 16:41:54', '2026-06-14 16:42:09', 0),
	(2231, 26, 46, 75.00, '期中', '正常成绩', '2026-06-14 16:41:54', '2026-06-14 16:42:09', 0),
	(2232, 26, 47, 71.00, '期中', '正常成绩', '2026-06-14 16:41:54', '2026-06-14 16:42:09', 0),
	(2233, 26, 48, 78.00, '期中', '正常成绩', '2026-06-14 16:41:54', '2026-06-14 16:42:09', 0),
	(2234, 26, 52, 73.00, '期中', '正常成绩', '2026-06-14 16:41:54', '2026-06-14 16:42:09', 0),
	(2235, 26, 53, 75.00, '期中', '正常成绩', '2026-06-14 16:41:54', '2026-06-14 16:42:09', 0),
	(2236, 26, 54, 71.00, '期中', '正常成绩', '2026-06-14 16:41:54', '2026-06-14 16:42:09', 0),
	(2237, 27, 46, 68.00, '期中', '正常成绩', '2026-06-14 16:41:54', '2026-06-14 16:42:09', 0),
	(2238, 27, 47, 73.00, '期中', '正常成绩', '2026-06-14 16:41:54', '2026-06-14 16:42:09', 0),
	(2239, 27, 48, 71.00, '期中', '正常成绩', '2026-06-14 16:41:54', '2026-06-14 16:42:09', 0),
	(2240, 27, 52, 65.00, '期中', '正常成绩', '2026-06-14 16:41:54', '2026-06-14 16:42:09', 0),
	(2241, 27, 53, 68.00, '期中', '正常成绩', '2026-06-14 16:41:54', '2026-06-14 16:42:09', 0),
	(2242, 27, 54, 73.00, '期中', '正常成绩', '2026-06-14 16:41:54', '2026-06-14 16:42:09', 0),
	(2243, 28, 46, 79.00, '期中', '正常成绩', '2026-06-14 16:41:54', '2026-06-14 16:42:09', 0),
	(2244, 28, 47, 75.00, '期中', '正常成绩', '2026-06-14 16:41:54', '2026-06-14 16:42:09', 0),
	(2245, 28, 48, 81.00, '期中', '正常成绩', '2026-06-14 16:41:54', '2026-06-14 16:42:09', 0),
	(2246, 28, 52, 78.00, '期中', '正常成绩', '2026-06-14 16:41:54', '2026-06-14 16:42:09', 0),
	(2247, 28, 53, 73.00, '期中', '正常成绩', '2026-06-14 16:41:54', '2026-06-14 16:42:09', 0),
	(2248, 28, 54, 79.00, '期中', '正常成绩', '2026-06-14 16:41:54', '2026-06-14 16:42:09', 0),
	(2249, 29, 46, 83.00, '期中', '正常成绩', '2026-06-14 16:41:54', '2026-06-14 16:42:09', 0),
	(2250, 29, 47, 81.00, '期中', '正常成绩', '2026-06-14 16:41:54', '2026-06-14 16:42:09', 0),
	(2251, 29, 48, 78.00, '期中', '正常成绩', '2026-06-14 16:41:54', '2026-06-14 16:42:09', 0),
	(2252, 29, 52, 85.00, '期中', '正常成绩', '2026-06-14 16:41:54', '2026-06-14 16:42:09', 0),
	(2253, 29, 53, 83.00, '期中', '正常成绩', '2026-06-14 16:41:54', '2026-06-14 16:42:09', 0),
	(2254, 29, 54, 81.00, '期中', '正常成绩', '2026-06-14 16:41:54', '2026-06-14 16:42:09', 0),
	(2255, 30, 46, 71.00, '期中', '正常成绩', '2026-06-14 16:41:54', '2026-06-14 16:42:09', 0),
	(2256, 30, 47, 75.00, '期中', '正常成绩', '2026-06-14 16:41:54', '2026-06-14 16:42:09', 0),
	(2257, 30, 48, 73.00, '期中', '正常成绩', '2026-06-14 16:41:54', '2026-06-14 16:42:09', 0),
	(2258, 30, 52, 68.00, '期中', '正常成绩', '2026-06-14 16:41:54', '2026-06-14 16:42:09', 0),
	(2259, 30, 53, 65.00, '期中', '正常成绩', '2026-06-14 16:41:54', '2026-06-14 16:42:09', 0),
	(2260, 30, 54, 71.00, '期中', '正常成绩', '2026-06-14 16:41:54', '2026-06-14 16:42:09', 0);

-- 正在导出表  student_score_admin.student 的数据：~30 rows (大约)
REPLACE INTO `student` (`id`, `user_id`, `student_no`, `name`, `gender`, `class_id`, `phone`, `email`, `enrollment_year`, `create_time`, `update_time`, `is_deleted`) VALUES
	(1, 12, '20260101', '张明', 1, 1, '13900110001', 'zhangming@stu.edu', '2023', '2026-06-11 20:38:23', '2026-06-11 20:38:23', 0),
	(2, 13, '20260102', '李芳', 2, 1, '13900110002', 'lifang@stu.edu', '2023', '2026-06-11 20:38:23', '2026-06-11 20:38:23', 0),
	(3, 14, '20260103', '王磊', 1, 1, '13900110003', 'wanglei@stu.edu', '2023', '2026-06-11 20:38:23', '2026-06-11 20:38:23', 0),
	(4, 15, '20260104', '赵静', 2, 1, '13900110004', 'zhaojing@stu.edu', '2023', '2026-06-11 20:38:23', '2026-06-11 20:38:23', 0),
	(5, 16, '20260105', '周涛', 1, 1, '13900110005', 'zhoutao@stu.edu', '2023', '2026-06-11 20:38:23', '2026-06-11 20:38:23', 0),
	(6, 17, '20260106', '吴迪', 1, 1, '13900110006', 'wudi@stu.edu', '2023', '2026-06-11 20:38:23', '2026-06-11 20:38:23', 0),
	(7, 18, '20260107', '郑爽', 2, 1, '13900110007', 'zhengshuang@stu.edu', '2023', '2026-06-11 20:38:23', '2026-06-11 20:38:23', 0),
	(8, 19, '20260108', '孙阳', 1, 1, '13900110008', 'sunyang@stu.edu', '2023', '2026-06-11 20:38:23', '2026-06-11 20:38:23', 0),
	(9, 20, '20260109', '陈曦', 2, 1, '13900110009', 'chenxi@stu.edu', '2023', '2026-06-11 20:38:23', '2026-06-11 20:38:23', 0),
	(10, 21, '20260110', '林晨', 1, 1, '13900110010', 'linchen@stu.edu', '2023', '2026-06-11 20:38:23', '2026-06-11 20:38:23', 0),
	(11, 22, '20260201', '郭峰', 1, 2, '13900220001', 'guofeng@stu.edu', '2023', '2026-06-11 20:38:23', '2026-06-11 20:38:23', 0),
	(12, 23, '20260202', '唐雅', 2, 2, '13900220002', 'tangya@stu.edu', '2023', '2026-06-11 20:38:23', '2026-06-11 20:38:23', 0),
	(13, 24, '20260203', '沈浩', 1, 2, '13900220003', 'shenhao@stu.edu', '2023', '2026-06-11 20:38:23', '2026-06-11 20:38:23', 0),
	(14, 25, '20260204', '宋丹', 2, 2, '13900220004', 'songdan@stu.edu', '2023', '2026-06-11 20:38:23', '2026-06-11 20:38:23', 0),
	(15, 26, '20260205', '许峰', 1, 2, '13900220005', 'xufeng@stu.edu', '2023', '2026-06-11 20:38:23', '2026-06-11 20:38:23', 0),
	(16, 27, '20260206', '韩雪', 2, 2, '13900220006', 'hanxue@stu.edu', '2023', '2026-06-11 20:38:23', '2026-06-11 20:38:23', 0),
	(17, 28, '20260207', '彭博', 1, 2, '13900220007', 'pengbo@stu.edu', '2023', '2026-06-11 20:38:23', '2026-06-11 20:38:23', 0),
	(18, 29, '20260208', '陆瑶', 2, 2, '13900220008', 'luyao@stu.edu', '2023', '2026-06-11 20:38:23', '2026-06-11 20:38:23', 0),
	(19, 30, '20260209', '崔健', 1, 2, '13900220009', 'cuijian@stu.edu', '2023', '2026-06-11 20:38:23', '2026-06-11 20:38:23', 0),
	(20, 31, '20260210', '贾玲', 2, 2, '13900220010', 'jialing@stu.edu', '2023', '2026-06-11 20:38:23', '2026-06-11 20:38:23', 0),
	(21, 32, '20260301', '欧阳', 1, 3, '13900330001', 'ouyang@stu.edu', '2023', '2026-06-11 20:38:23', '2026-06-11 20:38:23', 0),
	(22, 33, '20260302', '慕容', 2, 3, '13900330002', 'murong@stu.edu', '2023', '2026-06-11 20:38:23', '2026-06-11 20:38:23', 0),
	(23, 34, '20260303', '诸葛', 1, 3, '13900330003', 'zhuge@stu.edu', '2023', '2026-06-11 20:38:23', '2026-06-11 20:38:23', 0),
	(24, 35, '20260304', '东方', 2, 3, '13900330004', 'dongfang@stu.edu', '2023', '2026-06-11 20:38:23', '2026-06-11 20:38:23', 0),
	(25, 36, '20260305', '独孤', 1, 3, '13900330005', 'dugu@stu.edu', '2023', '2026-06-11 20:38:23', '2026-06-11 20:38:23', 0),
	(26, 37, '20260306', '令狐', 2, 3, '13900330006', 'linghu@stu.edu', '2023', '2026-06-11 20:38:23', '2026-06-11 20:38:23', 0),
	(27, 38, '20260307', '南宫', 1, 3, '13900330007', 'nangong@stu.edu', '2023', '2026-06-11 20:38:23', '2026-06-11 20:38:23', 0),
	(28, 39, '20260308', '西门', 2, 3, '13900330008', 'ximen@stu.edu', '2023', '2026-06-11 20:38:23', '2026-06-11 20:38:23', 0),
	(29, 40, '20260309', '北堂', 1, 3, '13900330009', 'beitang@stu.edu', '2023', '2026-06-11 20:38:23', '2026-06-11 20:38:23', 0),
	(30, 41, '20260310', '端木', 2, 3, '13900330010', 'duanmu@stu.edu', '2023', '2026-06-11 20:38:23', '2026-06-11 20:38:23', 0);

-- 正在导出表  student_score_admin.sys_role 的数据：~3 rows (大约)
REPLACE INTO `sys_role` (`id`, `role_name`, `role_code`, `description`, `status`, `create_time`, `update_time`, `is_deleted`) VALUES
	(1, '管理员', 'admin', '系统管理员', 1, '2026-06-11 20:38:23', '2026-06-11 20:38:23', 0),
	(2, '教师', 'teacher', '教师角色', 1, '2026-06-11 20:38:23', '2026-06-11 20:38:23', 0),
	(3, '学生', 'student', '学生角色', 1, '2026-06-11 20:38:23', '2026-06-11 20:38:23', 0);

-- 正在导出表  student_score_admin.sys_user 的数据：~40 rows (大约)
REPLACE INTO `sys_user` (`id`, `username`, `password`, `role_id`, `status`, `last_login_time`, `create_time`, `update_time`, `is_deleted`) VALUES
	(1, 'admin', '123456', 1, 1, NULL, '2026-06-11 20:38:23', '2026-06-11 20:38:23', 0),
	(2, 'T001', '123456', 2, 1, NULL, '2026-06-11 20:38:23', '2026-06-11 20:38:23', 0),
	(3, 'T002', '123456', 2, 1, NULL, '2026-06-11 20:38:23', '2026-06-11 20:38:23', 0),
	(4, 'T003', '123456', 2, 1, NULL, '2026-06-11 20:38:23', '2026-06-11 20:38:23', 0),
	(5, 'T004', '123456', 2, 1, NULL, '2026-06-11 20:38:23', '2026-06-11 20:38:23', 0),
	(6, 'T005', '123456', 2, 1, NULL, '2026-06-11 20:38:23', '2026-06-11 20:38:23', 0),
	(7, 'T006', '123456', 2, 1, NULL, '2026-06-11 20:38:23', '2026-06-11 20:38:23', 0),
	(8, 'T007', '123456', 2, 1, NULL, '2026-06-11 20:38:23', '2026-06-11 20:38:23', 0),
	(9, 'T008', '123456', 2, 1, NULL, '2026-06-11 20:38:23', '2026-06-11 20:38:23', 0),
	(10, 'T009', '123456', 2, 1, NULL, '2026-06-11 20:38:23', '2026-06-11 20:38:23', 0),
	(12, '20260101', '123456', 3, 1, NULL, '2026-06-11 20:38:23', '2026-06-11 20:38:23', 0),
	(13, '20260102', '123456', 3, 1, NULL, '2026-06-11 20:38:23', '2026-06-11 20:38:23', 0),
	(14, '20260103', '123456', 3, 1, NULL, '2026-06-11 20:38:23', '2026-06-11 20:38:23', 0),
	(15, '20260104', '123456', 3, 1, NULL, '2026-06-11 20:38:23', '2026-06-11 20:38:23', 0),
	(16, '20260105', '123456', 3, 1, NULL, '2026-06-11 20:38:23', '2026-06-11 20:38:23', 0),
	(17, '20260106', '123456', 3, 1, NULL, '2026-06-11 20:38:23', '2026-06-11 20:38:23', 0),
	(18, '20260107', '123456', 3, 1, NULL, '2026-06-11 20:38:23', '2026-06-11 20:38:23', 0),
	(19, '20260108', '123456', 3, 1, NULL, '2026-06-11 20:38:23', '2026-06-11 20:38:23', 0),
	(20, '20260109', '123456', 3, 1, NULL, '2026-06-11 20:38:23', '2026-06-11 20:38:23', 0),
	(21, '20260110', '123456', 3, 1, NULL, '2026-06-11 20:38:23', '2026-06-11 20:38:23', 0),
	(22, '20260201', '123456', 3, 1, NULL, '2026-06-11 20:38:23', '2026-06-14 16:18:18', 0),
	(23, '20260202', '123456', 3, 1, NULL, '2026-06-11 20:38:23', '2026-06-14 16:18:26', 0),
	(24, '20260203', '123456', 3, 1, NULL, '2026-06-11 20:38:23', '2026-06-14 16:18:34', 0),
	(25, '20260204', '123456', 3, 1, NULL, '2026-06-11 20:38:23', '2026-06-14 16:18:41', 0),
	(26, '20260205', '123456', 3, 1, NULL, '2026-06-11 20:38:23', '2026-06-14 16:18:48', 0),
	(27, '20260206', '123456', 3, 1, NULL, '2026-06-11 20:38:23', '2026-06-14 16:18:56', 0),
	(28, '20260207', '123456', 3, 1, NULL, '2026-06-11 20:38:23', '2026-06-14 16:19:01', 0),
	(29, '20260208', '123456', 3, 1, NULL, '2026-06-11 20:38:23', '2026-06-14 16:19:06', 0),
	(30, '20260209', '123456', 3, 1, NULL, '2026-06-11 20:38:23', '2026-06-14 16:19:15', 0),
	(31, '20260210', '123456', 3, 1, NULL, '2026-06-11 20:38:23', '2026-06-14 16:19:21', 0),
	(32, '20260301', '123456', 3, 1, NULL, '2026-06-11 20:38:23', '2026-06-14 16:19:28', 0),
	(33, '20260302', '123456', 3, 1, NULL, '2026-06-11 20:38:23', '2026-06-14 16:19:35', 0),
	(34, '20260303', '123456', 3, 1, NULL, '2026-06-11 20:38:23', '2026-06-14 16:19:41', 0),
	(35, '20260304', '123456', 3, 1, NULL, '2026-06-11 20:38:23', '2026-06-14 16:19:46', 0),
	(36, '20260305', '123456', 3, 1, NULL, '2026-06-11 20:38:23', '2026-06-14 16:19:52', 0),
	(37, '20260306', '123456', 3, 1, NULL, '2026-06-11 20:38:23', '2026-06-14 16:19:59', 0),
	(38, '20260307', '123456', 3, 1, NULL, '2026-06-11 20:38:23', '2026-06-14 16:20:09', 0),
	(39, '20260308', '123456', 3, 1, NULL, '2026-06-11 20:38:23', '2026-06-14 16:20:17', 0),
	(40, '20260309', '123456', 3, 1, NULL, '2026-06-11 20:38:23', '2026-06-14 16:20:22', 0),
	(41, '20260130', '123456', 3, 1, NULL, '2026-06-11 20:38:23', '2026-06-11 20:38:23', 0);

-- 正在导出表  student_score_admin.teacher 的数据：~9 rows (大约)
REPLACE INTO `teacher` (`id`, `user_id`, `teacher_no`, `name`, `gender`, `title`, `phone`, `email`, `create_time`, `update_time`, `is_deleted`) VALUES
	(1, 2, 'T001', '王语文', 1, '高级教师', '13810000001', 'yuwen.wang@school.edu', '2026-06-11 20:38:23', '2026-06-11 20:38:23', 0),
	(2, 3, 'T002', '李数学', 2, '一级教师', '13810000002', 'shuxue.li@school.edu', '2026-06-11 20:38:23', '2026-06-11 20:38:23', 0),
	(3, 4, 'T003', '张英语', 1, '高级教师', '13810000003', 'yingyu.zhang@school.edu', '2026-06-11 20:38:23', '2026-06-11 20:38:23', 0),
	(4, 5, 'T004', '刘物理', 2, '一级教师', '13810000004', 'wuli.liu@school.edu', '2026-06-11 20:38:23', '2026-06-11 20:38:23', 0),
	(5, 6, 'T005', '陈化学', 1, '高级教师', '13810000005', 'huaxue.chen@school.edu', '2026-06-11 20:38:23', '2026-06-11 20:38:23', 0),
	(6, 7, 'T006', '赵生物', 2, '一级教师', '13810000006', 'shengwu.zhao@school.edu', '2026-06-11 20:38:23', '2026-06-11 20:38:23', 0),
	(7, 8, 'T007', '周历史', 1, '高级教师', '13810000007', 'lishi.zhou@school.edu', '2026-06-11 20:38:23', '2026-06-11 20:38:23', 0),
	(8, 9, 'T008', '吴地理', 2, '一级教师', '13810000008', 'dili.wu@school.edu', '2026-06-11 20:38:23', '2026-06-11 20:38:23', 0),
	(9, 10, 'T009', '郑政治', 1, '高级教师', '13810000009', 'zhengzhi.zheng@school.edu', '2026-06-11 20:38:23', '2026-06-11 20:38:23', 0);

/*!40103 SET TIME_ZONE=IFNULL(@OLD_TIME_ZONE, 'system') */;
/*!40101 SET SQL_MODE=IFNULL(@OLD_SQL_MODE, '') */;
/*!40014 SET FOREIGN_KEY_CHECKS=IFNULL(@OLD_FOREIGN_KEY_CHECKS, 1) */;
/*!40101 SET CHARACTER_SET_CLIENT=@OLD_CHARACTER_SET_CLIENT */;
/*!40111 SET SQL_NOTES=IFNULL(@OLD_SQL_NOTES, 1) */;
