-- --------------------------------------------------------
-- 主机:                           127.0.0.1
-- 服务器版本:                        8.4.4 - MySQL Community Server - GPL
-- 服务器操作系统:                      Win64
-- HeidiSQL 版本:                  12.10.0.7000
-- --------------------------------------------------------

/*!40101 SET @OLD_CHARACTER_SET_CLIENT=@@CHARACTER_SET_CLIENT */;
/*!40101 SET NAMES utf8 */;
/*!50503 SET NAMES utf8mb4 */;
/*!40103 SET @OLD_TIME_ZONE=@@TIME_ZONE */;
/*!40103 SET TIME_ZONE='+00:00' */;
/*!40014 SET @OLD_FOREIGN_KEY_CHECKS=@@FOREIGN_KEY_CHECKS, FOREIGN_KEY_CHECKS=0 */;
/*!40101 SET @OLD_SQL_MODE=@@SQL_MODE, SQL_MODE='NO_AUTO_VALUE_ON_ZERO' */;
/*!40111 SET @OLD_SQL_NOTES=@@SQL_NOTES, SQL_NOTES=0 */;

-- 正在导出表  student_score_admin.class_info 的数据：~0 rows (大约)
REPLACE INTO `class_info` (`id`, `class_code`, `class_name`, `major`, `grade`, `head_teacher_id`, `create_time`, `update_time`, `is_deleted`) VALUES
	(1, 'G3-01', '高三1班', '理科', '2026', 1, '2026-06-11 20:38:23', '2026-06-11 20:38:23', 0),
	(2, 'G3-02', '高三2班', '理科', '2026', 2, '2026-06-11 20:38:23', '2026-06-11 20:38:23', 0),
	(3, 'G3-03', '高三3班', '文科', '2026', 3, '2026-06-11 20:38:23', '2026-06-11 20:38:23', 0);

-- 正在导出表  student_score_admin.course 的数据：~0 rows (大约)
REPLACE INTO `course` (`id`, `course_code`, `course_name`, `credit`, `teacher_id`, `academic_year`, `semester`, `course_type`, `create_time`, `update_time`, `is_deleted`) VALUES
	(1, 'CHN101', '语文', 5.0, 1, '2025-2026', '第一学期', '必修', '2026-06-11 20:38:23', '2026-06-11 20:38:23', 0),
	(2, 'MATH101', '数学', 5.0, 2, '2025-2026', '第一学期', '必修', '2026-06-11 20:38:23', '2026-06-11 20:38:23', 0),
	(3, 'ENG101', '英语', 5.0, 3, '2025-2026', '第一学期', '必修', '2026-06-11 20:38:23', '2026-06-11 20:38:23', 0),
	(4, 'PHY101', '物理', 4.0, 4, '2025-2026', '第一学期', '必修', '2026-06-11 20:38:23', '2026-06-11 20:38:23', 0),
	(5, 'CHE101', '化学', 4.0, 5, '2025-2026', '第一学期', '必修', '2026-06-11 20:38:23', '2026-06-11 20:38:23', 0),
	(6, 'BIO101', '生物', 3.0, 6, '2025-2026', '第一学期', '必修', '2026-06-11 20:38:23', '2026-06-11 20:38:23', 0),
	(7, 'HIS101', '历史', 3.0, 7, '2025-2026', '第一学期', '选修', '2026-06-11 20:38:23', '2026-06-11 20:38:23', 0),
	(8, 'GEO101', '地理', 3.0, 8, '2025-2026', '第一学期', '选修', '2026-06-11 20:38:23', '2026-06-11 20:38:23', 0),
	(9, 'POL101', '政治', 3.0, 9, '2025-2026', '第一学期', '必修', '2026-06-11 20:38:23', '2026-06-11 20:38:23', 0),
	(10, 'PE101', '体育', 2.0, 10, '2025-2026', '第一学期', '选修', '2026-06-11 20:38:23', '2026-06-11 20:38:23', 0);

-- 正在导出表  student_score_admin.score_record 的数据：~0 rows (大约)
REPLACE INTO `score_record` (`id`, `student_id`, `course_id`, `score_value`, `exam_type`, `remark`, `create_time`, `update_time`, `is_deleted`) VALUES
	(1, 1, 9, 90.00, '期末', '正常成绩', '2026-06-11 20:38:23', '2026-06-11 20:38:23', 0),
	(2, 1, 4, 88.00, '期末', '正常成绩', '2026-06-11 20:38:23', '2026-06-11 20:38:23', 0),
	(3, 1, 2, 92.00, '期末', '正常成绩', '2026-06-11 20:38:23', '2026-06-11 20:38:23', 0),
	(4, 1, 3, 78.00, '期末', '正常成绩', '2026-06-11 20:38:23', '2026-06-11 20:38:23', 0),
	(5, 1, 1, 85.00, '期末', '正常成绩', '2026-06-11 20:38:23', '2026-06-11 20:38:23', 0),
	(6, 1, 5, 81.00, '期末', '正常成绩', '2026-06-11 20:38:23', '2026-06-11 20:38:23', 0),
	(7, 1, 6, 79.00, '期末', '正常成绩', '2026-06-11 20:38:23', '2026-06-11 20:38:23', 0),
	(8, 2, 9, 86.00, '期末', '正常成绩', '2026-06-11 20:38:23', '2026-06-11 20:38:23', 0),
	(9, 2, 4, 83.00, '期末', '正常成绩', '2026-06-11 20:38:23', '2026-06-11 20:38:23', 0),
	(10, 2, 2, 87.00, '期末', '正常成绩', '2026-06-11 20:38:23', '2026-06-11 20:38:23', 0),
	(11, 2, 3, 94.00, '期末', '正常成绩', '2026-06-11 20:38:23', '2026-06-11 20:38:23', 0),
	(12, 2, 1, 91.00, '期末', '正常成绩', '2026-06-11 20:38:23', '2026-06-11 20:38:23', 0),
	(13, 2, 5, 89.00, '期末', '正常成绩', '2026-06-11 20:38:23', '2026-06-11 20:38:23', 0),
	(14, 2, 6, 92.00, '期末', '正常成绩', '2026-06-11 20:38:23', '2026-06-11 20:38:23', 0),
	(15, 3, 9, 77.00, '期末', '正常成绩', '2026-06-11 20:38:23', '2026-06-11 20:38:23', 0),
	(16, 3, 4, 91.00, '期末', '正常成绩', '2026-06-11 20:38:23', '2026-06-11 20:38:23', 0),
	(17, 3, 2, 95.00, '期末', '正常成绩', '2026-06-11 20:38:23', '2026-06-11 20:38:23', 0),
	(18, 3, 3, 82.00, '期末', '正常成绩', '2026-06-11 20:38:23', '2026-06-11 20:38:23', 0),
	(19, 3, 1, 76.00, '期末', '正常成绩', '2026-06-11 20:38:23', '2026-06-11 20:38:23', 0),
	(20, 3, 5, 88.00, '期末', '正常成绩', '2026-06-11 20:38:23', '2026-06-11 20:38:23', 0),
	(21, 3, 6, 84.00, '期末', '正常成绩', '2026-06-11 20:38:23', '2026-06-11 20:38:23', 0),
	(22, 4, 9, 92.00, '期末', '正常成绩', '2026-06-11 20:38:23', '2026-06-11 20:38:23', 0),
	(23, 4, 4, 86.00, '期末', '正常成绩', '2026-06-11 20:38:23', '2026-06-11 20:38:23', 0),
	(24, 4, 2, 79.00, '期末', '正常成绩', '2026-06-11 20:38:23', '2026-06-11 20:38:23', 0),
	(25, 4, 3, 93.00, '期末', '正常成绩', '2026-06-11 20:38:23', '2026-06-11 20:38:23', 0),
	(26, 4, 1, 88.00, '期末', '正常成绩', '2026-06-11 20:38:23', '2026-06-11 20:38:23', 0),
	(27, 4, 5, 90.00, '期末', '正常成绩', '2026-06-11 20:38:23', '2026-06-11 20:38:23', 0),
	(28, 4, 6, 87.00, '期末', '正常成绩', '2026-06-11 20:38:23', '2026-06-11 20:38:23', 0),
	(29, 5, 9, 83.00, '期末', '正常成绩', '2026-06-11 20:38:23', '2026-06-11 20:38:23', 0),
	(30, 5, 4, 94.00, '期末', '正常成绩', '2026-06-11 20:38:23', '2026-06-11 20:38:23', 0),
	(31, 5, 2, 91.00, '期末', '正常成绩', '2026-06-11 20:38:23', '2026-06-11 20:38:23', 0),
	(32, 5, 3, 79.00, '期末', '正常成绩', '2026-06-11 20:38:23', '2026-06-11 20:38:23', 0),
	(33, 5, 1, 82.00, '期末', '正常成绩', '2026-06-11 20:38:23', '2026-06-11 20:38:23', 0),
	(34, 5, 5, 85.00, '期末', '正常成绩', '2026-06-11 20:38:23', '2026-06-11 20:38:23', 0),
	(35, 5, 6, 88.00, '期末', '正常成绩', '2026-06-11 20:38:23', '2026-06-11 20:38:23', 0),
	(36, 6, 9, 89.00, '期末', '正常成绩', '2026-06-11 20:38:23', '2026-06-11 20:38:23', 0),
	(37, 6, 4, 79.00, '期末', '正常成绩', '2026-06-11 20:38:23', '2026-06-11 20:38:23', 0),
	(38, 6, 2, 84.00, '期末', '正常成绩', '2026-06-11 20:38:23', '2026-06-11 20:38:23', 0),
	(39, 6, 3, 88.00, '期末', '正常成绩', '2026-06-11 20:38:23', '2026-06-11 20:38:23', 0),
	(40, 6, 1, 90.00, '期末', '正常成绩', '2026-06-11 20:38:23', '2026-06-11 20:38:23', 0),
	(41, 6, 5, 92.00, '期末', '正常成绩', '2026-06-11 20:38:23', '2026-06-11 20:38:23', 0),
	(42, 6, 6, 86.00, '期末', '正常成绩', '2026-06-11 20:38:23', '2026-06-11 20:38:23', 0),
	(43, 7, 9, 90.00, '期末', '正常成绩', '2026-06-11 20:38:23', '2026-06-11 20:38:23', 0),
	(44, 7, 4, 84.00, '期末', '正常成绩', '2026-06-11 20:38:23', '2026-06-11 20:38:23', 0),
	(45, 7, 2, 88.00, '期末', '正常成绩', '2026-06-11 20:38:23', '2026-06-11 20:38:23', 0),
	(46, 7, 3, 91.00, '期末', '正常成绩', '2026-06-11 20:38:23', '2026-06-11 20:38:23', 0),
	(47, 7, 1, 95.00, '期末', '正常成绩', '2026-06-11 20:38:23', '2026-06-11 20:38:23', 0),
	(48, 7, 5, 87.00, '期末', '正常成绩', '2026-06-11 20:38:23', '2026-06-11 20:38:23', 0),
	(49, 7, 6, 93.00, '期末', '正常成绩', '2026-06-11 20:38:23', '2026-06-11 20:38:23', 0),
	(50, 8, 9, 91.00, '期末', '正常成绩', '2026-06-11 20:38:23', '2026-06-11 20:38:23', 0),
	(51, 8, 4, 90.00, '期末', '正常成绩', '2026-06-11 20:38:23', '2026-06-11 20:38:23', 0),
	(52, 8, 2, 93.00, '期末', '正常成绩', '2026-06-11 20:38:23', '2026-06-11 20:38:23', 0),
	(53, 8, 3, 85.00, '期末', '正常成绩', '2026-06-11 20:38:23', '2026-06-11 20:38:23', 0),
	(54, 8, 1, 80.00, '期末', '正常成绩', '2026-06-11 20:38:23', '2026-06-11 20:38:23', 0),
	(55, 8, 5, 82.00, '期末', '正常成绩', '2026-06-11 20:38:23', '2026-06-11 20:38:23', 0),
	(56, 8, 6, 88.00, '期末', '正常成绩', '2026-06-11 20:38:23', '2026-06-11 20:38:23', 0),
	(57, 9, 9, 88.00, '期末', '正常成绩', '2026-06-11 20:38:23', '2026-06-11 20:38:23', 0),
	(58, 9, 4, 87.00, '期末', '正常成绩', '2026-06-11 20:38:23', '2026-06-11 20:38:23', 0),
	(59, 9, 2, 81.00, '期末', '正常成绩', '2026-06-11 20:38:23', '2026-06-11 20:38:23', 0),
	(60, 9, 3, 96.00, '期末', '正常成绩', '2026-06-11 20:38:23', '2026-06-11 20:38:23', 0),
	(61, 9, 1, 89.00, '期末', '正常成绩', '2026-06-11 20:38:23', '2026-06-11 20:38:23', 0),
	(62, 9, 5, 90.00, '期末', '正常成绩', '2026-06-11 20:38:23', '2026-06-11 20:38:23', 0),
	(63, 9, 6, 85.00, '期末', '正常成绩', '2026-06-11 20:38:23', '2026-06-11 20:38:23', 0),
	(64, 10, 9, 84.00, '期末', '正常成绩', '2026-06-11 20:38:23', '2026-06-11 20:38:23', 0),
	(65, 10, 4, 92.00, '期末', '正常成绩', '2026-06-11 20:38:23', '2026-06-11 20:38:23', 0),
	(66, 10, 2, 90.00, '期末', '正常成绩', '2026-06-11 20:38:23', '2026-06-11 20:38:23', 0),
	(67, 10, 3, 87.00, '期末', '正常成绩', '2026-06-11 20:38:23', '2026-06-11 20:38:23', 0),
	(68, 10, 1, 93.00, '期末', '正常成绩', '2026-06-11 20:38:23', '2026-06-11 20:38:23', 0),
	(69, 10, 5, 86.00, '期末', '正常成绩', '2026-06-11 20:38:23', '2026-06-11 20:38:23', 0),
	(70, 10, 6, 91.00, '期末', '正常成绩', '2026-06-11 20:38:23', '2026-06-11 20:38:23', 0),
	(71, 11, 9, 86.00, '期末', '正常成绩', '2026-06-11 20:38:23', '2026-06-11 20:38:23', 0),
	(72, 11, 4, 82.00, '期末', '正常成绩', '2026-06-11 20:38:23', '2026-06-11 20:38:23', 0),
	(73, 11, 2, 85.00, '期末', '正常成绩', '2026-06-11 20:38:23', '2026-06-11 20:38:23', 0),
	(74, 11, 3, 90.00, '期末', '正常成绩', '2026-06-11 20:38:23', '2026-06-11 20:38:23', 0),
	(75, 11, 1, 78.00, '期末', '正常成绩', '2026-06-11 20:38:23', '2026-06-11 20:38:23', 0),
	(76, 11, 5, 88.00, '期末', '正常成绩', '2026-06-11 20:38:23', '2026-06-11 20:38:23', 0),
	(77, 11, 6, 91.00, '期末', '正常成绩', '2026-06-11 20:38:23', '2026-06-11 20:38:23', 0),
	(78, 12, 9, 80.00, '期末', '正常成绩', '2026-06-11 20:38:23', '2026-06-11 20:38:23', 0),
	(79, 12, 4, 89.00, '期末', '正常成绩', '2026-06-11 20:38:23', '2026-06-11 20:38:23', 0),
	(80, 12, 2, 79.00, '期末', '正常成绩', '2026-06-11 20:38:23', '2026-06-11 20:38:23', 0),
	(81, 12, 3, 84.00, '期末', '正常成绩', '2026-06-11 20:38:23', '2026-06-11 20:38:23', 0),
	(82, 12, 1, 92.00, '期末', '正常成绩', '2026-06-11 20:38:23', '2026-06-11 20:38:23', 0),
	(83, 12, 5, 93.00, '期末', '正常成绩', '2026-06-11 20:38:23', '2026-06-11 20:38:23', 0),
	(84, 12, 6, 87.00, '期末', '正常成绩', '2026-06-11 20:38:23', '2026-06-11 20:38:23', 0),
	(85, 13, 9, 94.00, '期末', '正常成绩', '2026-06-11 20:38:23', '2026-06-11 20:38:23', 0),
	(86, 13, 4, 91.00, '期末', '正常成绩', '2026-06-11 20:38:23', '2026-06-11 20:38:23', 0),
	(87, 13, 2, 94.00, '期末', '正常成绩', '2026-06-11 20:38:23', '2026-06-11 20:38:23', 0),
	(88, 13, 3, 77.00, '期末', '正常成绩', '2026-06-11 20:38:23', '2026-06-11 20:38:23', 0),
	(89, 13, 1, 86.00, '期末', '正常成绩', '2026-06-11 20:38:23', '2026-06-11 20:38:23', 0),
	(90, 13, 5, 85.00, '期末', '正常成绩', '2026-06-11 20:38:23', '2026-06-11 20:38:23', 0),
	(91, 13, 6, 89.00, '期末', '正常成绩', '2026-06-11 20:38:23', '2026-06-11 20:38:23', 0),
	(92, 14, 9, 89.00, '期末', '正常成绩', '2026-06-11 20:38:23', '2026-06-11 20:38:23', 0),
	(93, 14, 4, 80.00, '期末', '正常成绩', '2026-06-11 20:38:23', '2026-06-11 20:38:23', 0),
	(94, 14, 2, 83.00, '期末', '正常成绩', '2026-06-11 20:38:23', '2026-06-11 20:38:23', 0),
	(95, 14, 3, 95.00, '期末', '正常成绩', '2026-06-11 20:38:23', '2026-06-11 20:38:23', 0),
	(96, 14, 1, 88.00, '期末', '正常成绩', '2026-06-11 20:38:23', '2026-06-11 20:38:23', 0),
	(97, 14, 5, 92.00, '期末', '正常成绩', '2026-06-11 20:38:23', '2026-06-11 20:38:23', 0),
	(98, 14, 6, 86.00, '期末', '正常成绩', '2026-06-11 20:38:23', '2026-06-11 20:38:23', 0),
	(99, 15, 9, 82.00, '期末', '正常成绩', '2026-06-11 20:38:23', '2026-06-11 20:38:23', 0),
	(100, 15, 4, 93.00, '期末', '正常成绩', '2026-06-11 20:38:23', '2026-06-11 20:38:23', 0),
	(101, 15, 2, 90.00, '期末', '正常成绩', '2026-06-11 20:38:23', '2026-06-11 20:38:23', 0),
	(102, 15, 3, 88.00, '期末', '正常成绩', '2026-06-11 20:38:23', '2026-06-11 20:38:23', 0),
	(103, 15, 1, 81.00, '期末', '正常成绩', '2026-06-11 20:38:23', '2026-06-11 20:38:23', 0),
	(104, 15, 5, 79.00, '期末', '正常成绩', '2026-06-11 20:38:23', '2026-06-11 20:38:23', 0),
	(105, 15, 6, 94.00, '期末', '正常成绩', '2026-06-11 20:38:23', '2026-06-11 20:38:23', 0),
	(106, 16, 9, 93.00, '期末', '正常成绩', '2026-06-11 20:38:23', '2026-06-11 20:38:23', 0),
	(107, 16, 4, 87.00, '期末', '正常成绩', '2026-06-11 20:38:23', '2026-06-11 20:38:23', 0),
	(108, 16, 2, 86.00, '期末', '正常成绩', '2026-06-11 20:38:23', '2026-06-11 20:38:23', 0),
	(109, 16, 3, 91.00, '期末', '正常成绩', '2026-06-11 20:38:23', '2026-06-11 20:38:23', 0),
	(110, 16, 1, 94.00, '期末', '正常成绩', '2026-06-11 20:38:23', '2026-06-11 20:38:23', 0),
	(111, 16, 5, 84.00, '期末', '正常成绩', '2026-06-11 20:38:23', '2026-06-11 20:38:23', 0),
	(112, 16, 6, 90.00, '期末', '正常成绩', '2026-06-11 20:38:23', '2026-06-11 20:38:23', 0),
	(113, 17, 9, 87.00, '期末', '正常成绩', '2026-06-11 20:38:23', '2026-06-11 20:38:23', 0),
	(114, 17, 4, 96.00, '期末', '正常成绩', '2026-06-11 20:38:23', '2026-06-11 20:38:23', 0),
	(115, 17, 2, 92.00, '期末', '正常成绩', '2026-06-11 20:38:23', '2026-06-11 20:38:23', 0),
	(116, 17, 3, 83.00, '期末', '正常成绩', '2026-06-11 20:38:23', '2026-06-11 20:38:23', 0),
	(117, 17, 1, 77.00, '期末', '正常成绩', '2026-06-11 20:38:23', '2026-06-11 20:38:23', 0),
	(118, 17, 5, 88.00, '期末', '正常成绩', '2026-06-11 20:38:23', '2026-06-11 20:38:23', 0),
	(119, 17, 6, 81.00, '期末', '正常成绩', '2026-06-11 20:38:23', '2026-06-11 20:38:23', 0),
	(120, 18, 9, 95.00, '期末', '正常成绩', '2026-06-11 20:38:23', '2026-06-11 20:38:23', 0),
	(121, 18, 4, 85.00, '期末', '正常成绩', '2026-06-11 20:38:23', '2026-06-11 20:38:23', 0),
	(122, 18, 2, 84.00, '期末', '正常成绩', '2026-06-11 20:38:23', '2026-06-11 20:38:23', 0),
	(123, 18, 3, 89.00, '期末', '正常成绩', '2026-06-11 20:38:23', '2026-06-11 20:38:23', 0),
	(124, 18, 1, 90.00, '期末', '正常成绩', '2026-06-11 20:38:23', '2026-06-11 20:38:23', 0),
	(125, 18, 5, 91.00, '期末', '正常成绩', '2026-06-11 20:38:23', '2026-06-11 20:38:23', 0),
	(126, 18, 6, 77.00, '期末', '正常成绩', '2026-06-11 20:38:23', '2026-06-11 20:38:23', 0),
	(127, 19, 9, 88.00, '期末', '正常成绩', '2026-06-11 20:38:23', '2026-06-11 20:38:23', 0),
	(128, 19, 4, 89.00, '期末', '正常成绩', '2026-06-11 20:38:23', '2026-06-11 20:38:23', 0),
	(129, 19, 2, 95.00, '期末', '正常成绩', '2026-06-11 20:38:23', '2026-06-11 20:38:23', 0),
	(130, 19, 3, 80.00, '期末', '正常成绩', '2026-06-11 20:38:23', '2026-06-11 20:38:23', 0),
	(131, 19, 1, 87.00, '期末', '正常成绩', '2026-06-11 20:38:23', '2026-06-11 20:38:23', 0),
	(132, 19, 5, 94.00, '期末', '正常成绩', '2026-06-11 20:38:23', '2026-06-11 20:38:23', 0),
	(133, 19, 6, 83.00, '期末', '正常成绩', '2026-06-11 20:38:23', '2026-06-11 20:38:23', 0),
	(134, 20, 9, 85.00, '期末', '正常成绩', '2026-06-11 20:38:23', '2026-06-11 20:38:23', 0),
	(135, 20, 4, 92.00, '期末', '正常成绩', '2026-06-11 20:38:23', '2026-06-11 20:38:23', 0),
	(136, 20, 2, 82.00, '期末', '正常成绩', '2026-06-11 20:38:23', '2026-06-11 20:38:23', 0),
	(137, 20, 3, 86.00, '期末', '正常成绩', '2026-06-11 20:38:23', '2026-06-11 20:38:23', 0),
	(138, 20, 1, 91.00, '期末', '正常成绩', '2026-06-11 20:38:23', '2026-06-11 20:38:23', 0),
	(139, 20, 5, 87.00, '期末', '正常成绩', '2026-06-11 20:38:23', '2026-06-11 20:38:23', 0),
	(140, 20, 6, 90.00, '期末', '正常成绩', '2026-06-11 20:38:23', '2026-06-11 20:38:23', 0),
	(141, 21, 9, 91.00, '期末', '正常成绩', '2026-06-11 20:38:23', '2026-06-11 20:38:23', 0),
	(142, 21, 4, 85.00, '期末', '正常成绩', '2026-06-11 20:38:23', '2026-06-11 20:38:23', 0),
	(143, 21, 2, 76.00, '期末', '正常成绩', '2026-06-11 20:38:23', '2026-06-11 20:38:23', 0),
	(144, 21, 3, 94.00, '期末', '正常成绩', '2026-06-11 20:38:23', '2026-06-11 20:38:23', 0),
	(145, 21, 1, 89.00, '期末', '正常成绩', '2026-06-11 20:38:23', '2026-06-11 20:38:23', 0),
	(146, 21, 5, 90.00, '期末', '正常成绩', '2026-06-11 20:38:23', '2026-06-11 20:38:23', 0),
	(147, 21, 6, 82.00, '期末', '正常成绩', '2026-06-11 20:38:23', '2026-06-11 20:38:23', 0),
	(148, 22, 9, 87.00, '期末', '正常成绩', '2026-06-11 20:38:23', '2026-06-11 20:38:23', 0),
	(149, 22, 4, 86.00, '期末', '正常成绩', '2026-06-11 20:38:23', '2026-06-11 20:38:23', 0),
	(150, 22, 2, 88.00, '期末', '正常成绩', '2026-06-11 20:38:23', '2026-06-11 20:38:23', 0),
	(151, 22, 3, 79.00, '期末', '正常成绩', '2026-06-11 20:38:23', '2026-06-11 20:38:23', 0),
	(152, 22, 1, 93.00, '期末', '正常成绩', '2026-06-11 20:38:23', '2026-06-11 20:38:23', 0),
	(153, 22, 5, 91.00, '期末', '正常成绩', '2026-06-11 20:38:23', '2026-06-11 20:38:23', 0),
	(154, 22, 6, 84.00, '期末', '正常成绩', '2026-06-11 20:38:23', '2026-06-11 20:38:23', 0),
	(155, 23, 9, 90.00, '期末', '正常成绩', '2026-06-11 20:38:23', '2026-06-11 20:38:23', 0),
	(156, 23, 4, 80.00, '期末', '正常成绩', '2026-06-11 20:38:23', '2026-06-11 20:38:23', 0),
	(157, 23, 2, 91.00, '期末', '正常成绩', '2026-06-11 20:38:23', '2026-06-11 20:38:23', 0),
	(158, 23, 3, 87.00, '期末', '正常成绩', '2026-06-11 20:38:23', '2026-06-11 20:38:23', 0),
	(159, 23, 1, 84.00, '期末', '正常成绩', '2026-06-11 20:38:23', '2026-06-11 20:38:23', 0),
	(160, 23, 5, 88.00, '期末', '正常成绩', '2026-06-11 20:38:23', '2026-06-11 20:38:23', 0),
	(161, 23, 6, 93.00, '期末', '正常成绩', '2026-06-11 20:38:23', '2026-06-11 20:38:23', 0),
	(162, 24, 9, 94.00, '期末', '正常成绩', '2026-06-11 20:38:23', '2026-06-11 20:38:23', 0),
	(163, 24, 4, 89.00, '期末', '正常成绩', '2026-06-11 20:38:23', '2026-06-11 20:38:23', 0),
	(164, 24, 2, 85.00, '期末', '正常成绩', '2026-06-11 20:38:23', '2026-06-11 20:38:23', 0),
	(165, 24, 3, 92.00, '期末', '正常成绩', '2026-06-11 20:38:23', '2026-06-11 20:38:23', 0),
	(166, 24, 1, 96.00, '期末', '正常成绩', '2026-06-11 20:38:23', '2026-06-11 20:38:23', 0),
	(167, 24, 5, 83.00, '期末', '正常成绩', '2026-06-11 20:38:23', '2026-06-11 20:38:23', 0),
	(168, 24, 6, 86.00, '期末', '正常成绩', '2026-06-11 20:38:23', '2026-06-11 20:38:23', 0),
	(169, 25, 9, 82.00, '期末', '正常成绩', '2026-06-11 20:38:23', '2026-06-11 20:38:23', 0),
	(170, 25, 4, 91.00, '期末', '正常成绩', '2026-06-11 20:38:23', '2026-06-11 20:38:23', 0),
	(171, 25, 2, 94.00, '期末', '正常成绩', '2026-06-11 20:38:23', '2026-06-11 20:38:23', 0),
	(172, 25, 3, 83.00, '期末', '正常成绩', '2026-06-11 20:38:23', '2026-06-11 20:38:23', 0),
	(173, 25, 1, 80.00, '期末', '正常成绩', '2026-06-11 20:38:23', '2026-06-11 20:38:23', 0),
	(174, 25, 5, 87.00, '期末', '正常成绩', '2026-06-11 20:38:23', '2026-06-11 20:38:23', 0),
	(175, 25, 6, 89.00, '期末', '正常成绩', '2026-06-11 20:38:23', '2026-06-11 20:38:23', 0),
	(176, 26, 9, 91.00, '期末', '正常成绩', '2026-06-11 20:38:23', '2026-06-11 20:38:23', 0),
	(177, 26, 4, 84.00, '期末', '正常成绩', '2026-06-11 20:38:23', '2026-06-11 20:38:23', 0),
	(178, 26, 2, 89.00, '期末', '正常成绩', '2026-06-11 20:38:23', '2026-06-11 20:38:23', 0),
	(179, 26, 3, 95.00, '期末', '正常成绩', '2026-06-11 20:38:23', '2026-06-11 20:38:23', 0),
	(180, 26, 1, 86.00, '期末', '正常成绩', '2026-06-11 20:38:23', '2026-06-11 20:38:23', 0),
	(181, 26, 5, 92.00, '期末', '正常成绩', '2026-06-11 20:38:23', '2026-06-11 20:38:23', 0),
	(182, 26, 6, 88.00, '期末', '正常成绩', '2026-06-11 20:38:23', '2026-06-11 20:38:23', 0),
	(183, 27, 9, 86.00, '期末', '正常成绩', '2026-06-11 20:38:23', '2026-06-11 20:38:23', 0),
	(184, 27, 4, 88.00, '期末', '正常成绩', '2026-06-11 20:38:23', '2026-06-11 20:38:23', 0),
	(185, 27, 2, 81.00, '期末', '正常成绩', '2026-06-11 20:38:23', '2026-06-11 20:38:23', 0),
	(186, 27, 3, 90.00, '期末', '正常成绩', '2026-06-11 20:38:23', '2026-06-11 20:38:23', 0),
	(187, 27, 1, 92.00, '期末', '正常成绩', '2026-06-11 20:38:23', '2026-06-11 20:38:23', 0),
	(188, 27, 5, 85.00, '期末', '正常成绩', '2026-06-11 20:38:23', '2026-06-11 20:38:23', 0),
	(189, 27, 6, 91.00, '期末', '正常成绩', '2026-06-11 20:38:23', '2026-06-11 20:38:23', 0),
	(190, 28, 9, 88.00, '期末', '正常成绩', '2026-06-11 20:38:23', '2026-06-11 20:38:23', 0),
	(191, 28, 4, 90.00, '期末', '正常成绩', '2026-06-11 20:38:23', '2026-06-11 20:38:23', 0),
	(192, 28, 2, 92.00, '期末', '正常成绩', '2026-06-11 20:38:23', '2026-06-11 20:38:23', 0),
	(193, 28, 3, 84.00, '期末', '正常成绩', '2026-06-11 20:38:23', '2026-06-11 20:38:23', 0),
	(194, 28, 1, 87.00, '期末', '正常成绩', '2026-06-11 20:38:23', '2026-06-11 20:38:23', 0),
	(195, 28, 5, 89.00, '期末', '正常成绩', '2026-06-11 20:38:23', '2026-06-11 20:38:23', 0),
	(196, 28, 6, 93.00, '期末', '正常成绩', '2026-06-11 20:38:23', '2026-06-11 20:38:23', 0),
	(197, 29, 9, 89.00, '期末', '正常成绩', '2026-06-11 20:38:23', '2026-06-11 20:38:23', 0),
	(198, 29, 4, 83.00, '期末', '正常成绩', '2026-06-11 20:38:23', '2026-06-11 20:38:23', 0),
	(199, 29, 2, 87.00, '期末', '正常成绩', '2026-06-11 20:38:23', '2026-06-11 20:38:23', 0),
	(200, 29, 3, 91.00, '期末', '正常成绩', '2026-06-11 20:38:23', '2026-06-11 20:38:23', 0),
	(201, 29, 1, 90.00, '期末', '正常成绩', '2026-06-11 20:38:23', '2026-06-11 20:38:23', 0),
	(202, 29, 5, 86.00, '期末', '正常成绩', '2026-06-11 20:38:23', '2026-06-11 20:38:23', 0),
	(203, 29, 6, 94.00, '期末', '正常成绩', '2026-06-11 20:38:23', '2026-06-11 20:38:23', 0),
	(204, 30, 9, 92.00, '期末', '正常成绩', '2026-06-11 20:38:23', '2026-06-11 20:38:23', 0),
	(205, 30, 4, 95.00, '期末', '正常成绩', '2026-06-11 20:38:23', '2026-06-11 20:38:23', 0),
	(206, 30, 2, 93.00, '期末', '正常成绩', '2026-06-11 20:38:23', '2026-06-11 20:38:23', 0),
	(207, 30, 3, 88.00, '期末', '正常成绩', '2026-06-11 20:38:23', '2026-06-11 20:38:23', 0),
	(208, 30, 1, 85.00, '期末', '正常成绩', '2026-06-11 20:38:23', '2026-06-11 20:38:23', 0),
	(209, 30, 5, 84.00, '期末', '正常成绩', '2026-06-11 20:38:23', '2026-06-11 20:38:23', 0),
	(210, 30, 6, 90.00, '期末', '正常成绩', '2026-06-11 20:38:23', '2026-06-11 20:38:23', 0);

-- 正在导出表  student_score_admin.student 的数据：~0 rows (大约)
REPLACE INTO `student` (`id`, `user_id`, `student_no`, `name`, `gender`, `class_id`, `phone`, `email`, `enrollment_year`, `create_time`, `update_time`, `is_deleted`) VALUES
	(1, 12, '20260101', '张明', 1, 1, '13900110001', 'zhangming@stu.edu', '2024', '2026-06-11 20:38:23', '2026-06-11 20:38:23', 0),
	(2, 13, '20260102', '李芳', 2, 1, '13900110002', 'lifang@stu.edu', '2024', '2026-06-11 20:38:23', '2026-06-11 20:38:23', 0),
	(3, 14, '20260103', '王磊', 1, 1, '13900110003', 'wanglei@stu.edu', '2024', '2026-06-11 20:38:23', '2026-06-11 20:38:23', 0),
	(4, 15, '20260104', '赵静', 2, 1, '13900110004', 'zhaojing@stu.edu', '2024', '2026-06-11 20:38:23', '2026-06-11 20:38:23', 0),
	(5, 16, '20260105', '周涛', 1, 1, '13900110005', 'zhoutao@stu.edu', '2024', '2026-06-11 20:38:23', '2026-06-11 20:38:23', 0),
	(6, 17, '20260106', '吴迪', 1, 1, '13900110006', 'wudi@stu.edu', '2024', '2026-06-11 20:38:23', '2026-06-11 20:38:23', 0),
	(7, 18, '20260107', '郑爽', 2, 1, '13900110007', 'zhengshuang@stu.edu', '2024', '2026-06-11 20:38:23', '2026-06-11 20:38:23', 0),
	(8, 19, '20260108', '孙阳', 1, 1, '13900110008', 'sunyang@stu.edu', '2024', '2026-06-11 20:38:23', '2026-06-11 20:38:23', 0),
	(9, 20, '20260109', '陈曦', 2, 1, '13900110009', 'chenxi@stu.edu', '2024', '2026-06-11 20:38:23', '2026-06-11 20:38:23', 0),
	(10, 21, '20260110', '林晨', 1, 1, '13900110010', 'linchen@stu.edu', '2024', '2026-06-11 20:38:23', '2026-06-11 20:38:23', 0),
	(11, 22, '20260201', '郭峰', 1, 2, '13900220001', 'guofeng@stu.edu', '2024', '2026-06-11 20:38:23', '2026-06-11 20:38:23', 0),
	(12, 23, '20260202', '唐雅', 2, 2, '13900220002', 'tangya@stu.edu', '2024', '2026-06-11 20:38:23', '2026-06-11 20:38:23', 0),
	(13, 24, '20260203', '沈浩', 1, 2, '13900220003', 'shenhao@stu.edu', '2024', '2026-06-11 20:38:23', '2026-06-11 20:38:23', 0),
	(14, 25, '20260204', '宋丹', 2, 2, '13900220004', 'songdan@stu.edu', '2024', '2026-06-11 20:38:23', '2026-06-11 20:38:23', 0),
	(15, 26, '20260205', '许峰', 1, 2, '13900220005', 'xufeng@stu.edu', '2024', '2026-06-11 20:38:23', '2026-06-11 20:38:23', 0),
	(16, 27, '20260206', '韩雪', 2, 2, '13900220006', 'hanxue@stu.edu', '2024', '2026-06-11 20:38:23', '2026-06-11 20:38:23', 0),
	(17, 28, '20260207', '彭博', 1, 2, '13900220007', 'pengbo@stu.edu', '2024', '2026-06-11 20:38:23', '2026-06-11 20:38:23', 0),
	(18, 29, '20260208', '陆瑶', 2, 2, '13900220008', 'luyao@stu.edu', '2024', '2026-06-11 20:38:23', '2026-06-11 20:38:23', 0),
	(19, 30, '20260209', '崔健', 1, 2, '13900220009', 'cuijian@stu.edu', '2024', '2026-06-11 20:38:23', '2026-06-11 20:38:23', 0),
	(20, 31, '20260210', '贾玲', 2, 2, '13900220010', 'jialing@stu.edu', '2024', '2026-06-11 20:38:23', '2026-06-11 20:38:23', 0),
	(21, 32, '20260301', '欧阳', 1, 3, '13900330001', 'ouyang@stu.edu', '2024', '2026-06-11 20:38:23', '2026-06-11 20:38:23', 0),
	(22, 33, '20260302', '慕容', 2, 3, '13900330002', 'murong@stu.edu', '2024', '2026-06-11 20:38:23', '2026-06-11 20:38:23', 0),
	(23, 34, '20260303', '诸葛', 1, 3, '13900330003', 'zhuge@stu.edu', '2024', '2026-06-11 20:38:23', '2026-06-11 20:38:23', 0),
	(24, 35, '20260304', '东方', 2, 3, '13900330004', 'dongfang@stu.edu', '2024', '2026-06-11 20:38:23', '2026-06-11 20:38:23', 0),
	(25, 36, '20260305', '独孤', 1, 3, '13900330005', 'dugu@stu.edu', '2024', '2026-06-11 20:38:23', '2026-06-11 20:38:23', 0),
	(26, 37, '20260306', '令狐', 2, 3, '13900330006', 'linghu@stu.edu', '2024', '2026-06-11 20:38:23', '2026-06-11 20:38:23', 0),
	(27, 38, '20260307', '南宫', 1, 3, '13900330007', 'nangong@stu.edu', '2024', '2026-06-11 20:38:23', '2026-06-11 20:38:23', 0),
	(28, 39, '20260308', '西门', 2, 3, '13900330008', 'ximen@stu.edu', '2024', '2026-06-11 20:38:23', '2026-06-11 20:38:23', 0),
	(29, 40, '20260309', '北堂', 1, 3, '13900330009', 'beitang@stu.edu', '2024', '2026-06-11 20:38:23', '2026-06-11 20:38:23', 0),
	(30, 41, '20260310', '端木', 2, 3, '13900330010', 'duanmu@stu.edu', '2024', '2026-06-11 20:38:23', '2026-06-11 20:38:23', 0);

-- 正在导出表  student_score_admin.sys_role 的数据：~0 rows (大约)
REPLACE INTO `sys_role` (`id`, `role_name`, `role_code`, `description`, `status`, `create_time`, `update_time`, `is_deleted`) VALUES
	(1, '管理员', 'admin', '系统管理员', 1, '2026-06-11 20:38:23', '2026-06-11 20:38:23', 0),
	(2, '教师', 'teacher', '教师角色', 1, '2026-06-11 20:38:23', '2026-06-11 20:38:23', 0),
	(3, '学生', 'student', '学生角色', 1, '2026-06-11 20:38:23', '2026-06-11 20:38:23', 0);

-- 正在导出表  student_score_admin.sys_user 的数据：~0 rows (大约)
REPLACE INTO `sys_user` (`id`, `username`, `password`, `role_id`, `status`, `last_login_time`, `create_time`, `update_time`, `is_deleted`) VALUES
	(1, 'admin', '123456', 1, 1, NULL, '2026-06-11 20:38:23', '2026-06-11 20:38:23', 0),
	(2, 'T001', '123456', 2, 1, NULL, '2026-06-11 20:38:23', '2026-06-11 20:38:23', 0),
	(3, 'T002', '123456', 2, 1, NULL, '2026-06-11 20:38:23', '2026-06-11 20:38:23', 0),
	(4, 'T003', '123456', 2, 1, NULL, '2026-06-11 20:38:23', '2026-06-11 20:38:23', 0),
	(5, 'T004', '123456', 2, 1, NULL, '2026-06-11 20:38:23', '2026-06-11 20:38:23', 0),
	(6, 'T005', '123456', 2, 1, NULL, '2026-06-11 20:38:23', '2026-06-11 20:38:23', 0),
	(7, 'T006', '123456', 2, 1, NULL, '2026-06-11 20:38:23', '2026-06-11 20:38:23', 0),
	(8, 'T007', '123456', 2, 1, NULL, '2026-06-11 20:38:23', '2026-06-11 20:38:23', 0),
	(9, 'T008', '123456', 2, 1, NULL, '2026-06-11 20:38:23', '2026-06-11 20:38:23', 0),
	(10, 'T009', '123456', 2, 1, NULL, '2026-06-11 20:38:23', '2026-06-11 20:38:23', 0),
	(11, 'T010', '123456', 2, 1, NULL, '2026-06-11 20:38:23', '2026-06-11 20:38:23', 0),
	(12, '20260101', '123456', 3, 1, NULL, '2026-06-11 20:38:23', '2026-06-11 20:38:23', 0),
	(13, '20260102', '123456', 3, 1, NULL, '2026-06-11 20:38:23', '2026-06-11 20:38:23', 0),
	(14, '20260103', '123456', 3, 1, NULL, '2026-06-11 20:38:23', '2026-06-11 20:38:23', 0),
	(15, '20260104', '123456', 3, 1, NULL, '2026-06-11 20:38:23', '2026-06-11 20:38:23', 0),
	(16, '20260105', '123456', 3, 1, NULL, '2026-06-11 20:38:23', '2026-06-11 20:38:23', 0),
	(17, '20260106', '123456', 3, 1, NULL, '2026-06-11 20:38:23', '2026-06-11 20:38:23', 0),
	(18, '20260107', '123456', 3, 1, NULL, '2026-06-11 20:38:23', '2026-06-11 20:38:23', 0),
	(19, '20260108', '123456', 3, 1, NULL, '2026-06-11 20:38:23', '2026-06-11 20:38:23', 0),
	(20, '20260109', '123456', 3, 1, NULL, '2026-06-11 20:38:23', '2026-06-11 20:38:23', 0),
	(21, '20260110', '123456', 3, 1, NULL, '2026-06-11 20:38:23', '2026-06-11 20:38:23', 0),
	(22, '20260111', '123456', 3, 1, NULL, '2026-06-11 20:38:23', '2026-06-11 20:38:23', 0),
	(23, '20260112', '123456', 3, 1, NULL, '2026-06-11 20:38:23', '2026-06-11 20:38:23', 0),
	(24, '20260113', '123456', 3, 1, NULL, '2026-06-11 20:38:23', '2026-06-11 20:38:23', 0),
	(25, '20260114', '123456', 3, 1, NULL, '2026-06-11 20:38:23', '2026-06-11 20:38:23', 0),
	(26, '20260115', '123456', 3, 1, NULL, '2026-06-11 20:38:23', '2026-06-11 20:38:23', 0),
	(27, '20260116', '123456', 3, 1, NULL, '2026-06-11 20:38:23', '2026-06-11 20:38:23', 0),
	(28, '20260117', '123456', 3, 1, NULL, '2026-06-11 20:38:23', '2026-06-11 20:38:23', 0),
	(29, '20260118', '123456', 3, 1, NULL, '2026-06-11 20:38:23', '2026-06-11 20:38:23', 0),
	(30, '20260119', '123456', 3, 1, NULL, '2026-06-11 20:38:23', '2026-06-11 20:38:23', 0),
	(31, '20260120', '123456', 3, 1, NULL, '2026-06-11 20:38:23', '2026-06-11 20:38:23', 0),
	(32, '20260121', '123456', 3, 1, NULL, '2026-06-11 20:38:23', '2026-06-11 20:38:23', 0),
	(33, '20260122', '123456', 3, 1, NULL, '2026-06-11 20:38:23', '2026-06-11 20:38:23', 0),
	(34, '20260123', '123456', 3, 1, NULL, '2026-06-11 20:38:23', '2026-06-11 20:38:23', 0),
	(35, '20260124', '123456', 3, 1, NULL, '2026-06-11 20:38:23', '2026-06-11 20:38:23', 0),
	(36, '20260125', '123456', 3, 1, NULL, '2026-06-11 20:38:23', '2026-06-11 20:38:23', 0),
	(37, '20260126', '123456', 3, 1, NULL, '2026-06-11 20:38:23', '2026-06-11 20:38:23', 0),
	(38, '20260127', '123456', 3, 1, NULL, '2026-06-11 20:38:23', '2026-06-11 20:38:23', 0),
	(39, '20260128', '123456', 3, 1, NULL, '2026-06-11 20:38:23', '2026-06-11 20:38:23', 0),
	(40, '20260129', '123456', 3, 1, NULL, '2026-06-11 20:38:23', '2026-06-11 20:38:23', 0),
	(41, '20260130', '123456', 3, 1, NULL, '2026-06-11 20:38:23', '2026-06-11 20:38:23', 0);

-- 正在导出表  student_score_admin.teacher 的数据：~0 rows (大约)
REPLACE INTO `teacher` (`id`, `user_id`, `teacher_no`, `name`, `gender`, `title`, `phone`, `email`, `create_time`, `update_time`, `is_deleted`) VALUES
	(1, 2, 'T001', '王语文', 1, '高级教师', '13810000001', 'yuwen.wang@school.edu', '2026-06-11 20:38:23', '2026-06-11 20:38:23', 0),
	(2, 3, 'T002', '李数学', 2, '一级教师', '13810000002', 'shuxue.li@school.edu', '2026-06-11 20:38:23', '2026-06-11 20:38:23', 0),
	(3, 4, 'T003', '张英语', 1, '高级教师', '13810000003', 'yingyu.zhang@school.edu', '2026-06-11 20:38:23', '2026-06-11 20:38:23', 0),
	(4, 5, 'T004', '刘物理', 2, '一级教师', '13810000004', 'wuli.liu@school.edu', '2026-06-11 20:38:23', '2026-06-11 20:38:23', 0),
	(5, 6, 'T005', '陈化学', 1, '高级教师', '13810000005', 'huaxue.chen@school.edu', '2026-06-11 20:38:23', '2026-06-11 20:38:23', 0),
	(6, 7, 'T006', '赵生物', 2, '一级教师', '13810000006', 'shengwu.zhao@school.edu', '2026-06-11 20:38:23', '2026-06-11 20:38:23', 0),
	(7, 8, 'T007', '周历史', 1, '高级教师', '13810000007', 'lishi.zhou@school.edu', '2026-06-11 20:38:23', '2026-06-11 20:38:23', 0),
	(8, 9, 'T008', '吴地理', 2, '一级教师', '13810000008', 'dili.wu@school.edu', '2026-06-11 20:38:23', '2026-06-11 20:38:23', 0),
	(9, 10, 'T009', '郑政治', 1, '高级教师', '13810000009', 'zhengzhi.zheng@school.edu', '2026-06-11 20:38:23', '2026-06-11 20:38:23', 0),
	(10, 11, 'T010', '林体育', 2, '一级教师', '13810000010', 'tiyu.lin@school.edu', '2026-06-11 20:38:23', '2026-06-11 20:38:23', 0);

/*!40103 SET TIME_ZONE=IFNULL(@OLD_TIME_ZONE, 'system') */;
/*!40101 SET SQL_MODE=IFNULL(@OLD_SQL_MODE, '') */;
/*!40014 SET FOREIGN_KEY_CHECKS=IFNULL(@OLD_FOREIGN_KEY_CHECKS, 1) */;
/*!40101 SET CHARACTER_SET_CLIENT=@OLD_CHARACTER_SET_CLIENT */;
/*!40111 SET SQL_NOTES=IFNULL(@OLD_SQL_NOTES, 1) */;
