-- --------------------------------------------------------
-- 主机:                           127.0.0.1
-- 服务器版本:                        8.4.4 - MySQL Community Server - GPL
-- 服务器操作系统:                      Win64
-- HeidiSQL 版本:                  12.10.0.7000
-- --------------------------------------------------------

/*!40101 SET @OLD_CHARACTER_SET_CLIENT=@@CHARACTER_SET_CLIENT */;
/*!40101 SET NAMES utf8 */;
/*!50503 SET NAMES utf8mb4 */;
/*!40103 SET @OLD_TIME_ZONE=@@TIME_ZONE */;
/*!40103 SET TIME_ZONE='+00:00' */;
/*!40014 SET @OLD_FOREIGN_KEY_CHECKS=@@FOREIGN_KEY_CHECKS, FOREIGN_KEY_CHECKS=0 */;
/*!40101 SET @OLD_SQL_MODE=@@SQL_MODE, SQL_MODE='NO_AUTO_VALUE_ON_ZERO' */;
/*!40111 SET @OLD_SQL_NOTES=@@SQL_NOTES, SQL_NOTES=0 */;

-- 正在导出表  student_score_admin.class_info 的数据：~3 rows (大约)
REPLACE INTO `class_info` (`id`, `class_code`, `class_name`, `major`, `grade`, `head_teacher_id`, `create_time`, `update_time`, `is_deleted`) VALUES
	(1, 'G3-01', '高三1班', '理科', '2026', 1, '2026-06-11 20:38:23', '2026-06-11 20:38:23', 0),
	(2, 'G3-02', '高三2班', '理科', '2026', 2, '2026-06-11 20:38:23', '2026-06-11 20:38:23', 0),
	(3, 'G3-03', '高三3班', '文科', '2026', 3, '2026-06-11 20:38:23', '2026-06-11 20:38:23', 0);

-- 正在导出表  student_score_admin.course 的数据：~9 rows (大约)
REPLACE INTO `course` (`id`, `course_code`, `course_name`, `credit`, `teacher_id`, `academic_year`, `semester`, `course_type`, `create_time`, `update_time`, `is_deleted`) VALUES
	(1, 'CHN25101', '语文', 5.0, 1, '2025-2026', '第一学期', '必修', '2026-06-11 20:38:23', '2026-06-11 20:38:23', 0),
	(2, 'MATH25101', '数学', 5.0, 2, '2025-2026', '第一学期', '必修', '2026-06-11 20:38:23', '2026-06-11 20:38:23', 0),
	(3, 'ENG25101', '英语', 5.0, 3, '2025-2026', '第一学期', '必修', '2026-06-11 20:38:23', '2026-06-11 20:38:23', 0),
	(4, 'PHY25101', '物理', 4.0, 4, '2025-2026', '第一学期', '选修', '2026-06-11 20:38:23', '2026-06-11 20:38:23', 0),
	(5, 'CHE25101', '化学', 4.0, 5, '2025-2026', '第一学期', '选修', '2026-06-11 20:38:23', '2026-06-11 20:38:23', 0),
	(6, 'BIO25101', '生物', 3.0, 6, '2025-2026', '第一学期', '选修', '2026-06-11 20:38:23', '2026-06-11 20:38:23', 0),
	(7, 'HIS25101', '历史', 3.0, 7, '2025-2026', '第一学期', '选修', '2026-06-11 20:38:23', '2026-06-11 20:38:23', 0),
	(8, 'GEO25101', '地理', 3.0, 8, '2025-2026', '第一学期', '选修', '2026-06-11 20:38:23', '2026-06-11 20:38:23', 0),
	(9, 'POL25101', '政治', 3.0, 9, '2025-2026', '第一学期', '选修', '2026-06-11 20:38:23', '2026-06-11 20:38:23', 0),
	-- 2025-2026 第二学期
	(10, 'CHN25201', '语文', 5.0, 1, '2025-2026', '第二学期', '必修', '2026-06-11 20:38:23', '2026-06-11 20:38:23', 0),
	(11, 'MATH25201', '数学', 5.0, 2, '2025-2026', '第二学期', '必修', '2026-06-11 20:38:23', '2026-06-11 20:38:23', 0),
	(12, 'ENG25201', '英语', 5.0, 3, '2025-2026', '第二学期', '必修', '2026-06-11 20:38:23', '2026-06-11 20:38:23', 0),
	(13, 'PHY25201', '物理', 4.0, 4, '2025-2026', '第二学期', '选修', '2026-06-11 20:38:23', '2026-06-11 20:38:23', 0),
	(14, 'CHE25201', '化学', 4.0, 5, '2025-2026', '第二学期', '选修', '2026-06-11 20:38:23', '2026-06-11 20:38:23', 0),
	(15, 'BIO25201', '生物', 3.0, 6, '2025-2026', '第二学期', '选修', '2026-06-11 20:38:23', '2026-06-11 20:38:23', 0),
	(16, 'HIS25201', '历史', 3.0, 7, '2025-2026', '第二学期', '选修', '2026-06-11 20:38:23', '2026-06-11 20:38:23', 0),
	(17, 'GEO25201', '地理', 3.0, 8, '2025-2026', '第二学期', '选修', '2026-06-11 20:38:23', '2026-06-11 20:38:23', 0),
	(18, 'POL25201', '政治', 3.0, 9, '2025-2026', '第二学期', '选修', '2026-06-11 20:38:23', '2026-06-11 20:38:23', 0),
	-- 2024-2025 第一学期
	(19, 'CHN24101', '语文', 5.0, 1, '2024-2025', '第一学期', '必修', '2026-06-11 20:38:23', '2026-06-11 20:38:23', 0),
	(20, 'MATH24101', '数学', 5.0, 2, '2024-2025', '第一学期', '必修', '2026-06-11 20:38:23', '2026-06-11 20:38:23', 0),
	(21, 'ENG24101', '英语', 5.0, 3, '2024-2025', '第一学期', '必修', '2026-06-11 20:38:23', '2026-06-11 20:38:23', 0),
	(22, 'PHY24101', '物理', 4.0, 4, '2024-2025', '第一学期', '选修', '2026-06-11 20:38:23', '2026-06-11 20:38:23', 0),
	(23, 'CHE24101', '化学', 4.0, 5, '2024-2025', '第一学期', '选修', '2026-06-11 20:38:23', '2026-06-11 20:38:23', 0),
	(24, 'BIO24101', '生物', 3.0, 6, '2024-2025', '第一学期', '选修', '2026-06-11 20:38:23', '2026-06-11 20:38:23', 0),
	(25, 'HIS24101', '历史', 3.0, 7, '2024-2025', '第一学期', '选修', '2026-06-11 20:38:23', '2026-06-11 20:38:23', 0),
	(26, 'GEO24101', '地理', 3.0, 8, '2024-2025', '第一学期', '选修', '2026-06-11 20:38:23', '2026-06-11 20:38:23', 0),
	(27, 'POL24101', '政治', 3.0, 9, '2024-2025', '第一学期', '选修', '2026-06-11 20:38:23', '2026-06-11 20:38:23', 0),
	-- 2024-2025 第二学期
	(28, 'CHN24201', '语文', 5.0, 1, '2024-2025', '第二学期', '必修', '2026-06-11 20:38:23', '2026-06-11 20:38:23', 0),
	(29, 'MATH24201', '数学', 5.0, 2, '2024-2025', '第二学期', '必修', '2026-06-11 20:38:23', '2026-06-11 20:38:23', 0),
	(30, 'ENG24201', '英语', 5.0, 3, '2024-2025', '第二学期', '必修', '2026-06-11 20:38:23', '2026-06-11 20:38:23', 0),
	(31, 'PHY24201', '物理', 4.0, 4, '2024-2025', '第二学期', '选修', '2026-06-11 20:38:23', '2026-06-11 20:38:23', 0),
	(32, 'CHE24201', '化学', 4.0, 5, '2024-2025', '第二学期', '选修', '2026-06-11 20:38:23', '2026-06-11 20:38:23', 0),
	(33, 'BIO24201', '生物', 3.0, 6, '2024-2025', '第二学期', '选修', '2026-06-11 20:38:23', '2026-06-11 20:38:23', 0),
	(34, 'HIS24201', '历史', 3.0, 7, '2024-2025', '第二学期', '选修', '2026-06-11 20:38:23', '2026-06-11 20:38:23', 0),
	(35, 'GEO24201', '地理', 3.0, 8, '2024-2025', '第二学期', '选修', '2026-06-11 20:38:23', '2026-06-11 20:38:23', 0),
	(36, 'POL24201', '政治', 3.0, 9, '2024-2025', '第二学期', '选修', '2026-06-11 20:38:23', '2026-06-11 20:38:23', 0),
	-- 2023-2024 第一学期
	(37, 'CHN23101', '语文', 5.0, 1, '2023-2024', '第一学期', '必修', '2026-06-11 20:38:23', '2026-06-11 20:38:23', 0),
	(38, 'MATH23101', '数学', 5.0, 2, '2023-2024', '第一学期', '必修', '2026-06-11 20:38:23', '2026-06-11 20:38:23', 0),
	(39, 'ENG23101', '英语', 5.0, 3, '2023-2024', '第一学期', '必修', '2026-06-11 20:38:23', '2026-06-11 20:38:23', 0),
	(40, 'PHY23101', '物理', 4.0, 4, '2023-2024', '第一学期', '选修', '2026-06-11 20:38:23', '2026-06-11 20:38:23', 0),
	(41, 'CHE23101', '化学', 4.0, 5, '2023-2024', '第一学期', '选修', '2026-06-11 20:38:23', '2026-06-11 20:38:23', 0),
	(42, 'BIO23101', '生物', 3.0, 6, '2023-2024', '第一学期', '选修', '2026-06-11 20:38:23', '2026-06-11 20:38:23', 0),
	(43, 'HIS23101', '历史', 3.0, 7, '2023-2024', '第一学期', '选修', '2026-06-11 20:38:23', '2026-06-11 20:38:23', 0),
	(44, 'GEO23101', '地理', 3.0, 8, '2023-2024', '第一学期', '选修', '2026-06-11 20:38:23', '2026-06-11 20:38:23', 0),
	(45, 'POL23101', '政治', 3.0, 9, '2023-2024', '第一学期', '选修', '2026-06-11 20:38:23', '2026-06-11 20:38:23', 0),
	-- 2023-2024 第二学期
	(46, 'CHN23201', '语文', 5.0, 1, '2023-2024', '第二学期', '必修', '2026-06-11 20:38:23', '2026-06-11 20:38:23', 0),
	(47, 'MATH23201', '数学', 5.0, 2, '2023-2024', '第二学期', '必修', '2026-06-11 20:38:23', '2026-06-11 20:38:23', 0),
	(48, 'ENG23201', '英语', 5.0, 3, '2023-2024', '第二学期', '必修', '2026-06-11 20:38:23', '2026-06-11 20:38:23', 0),
	(49, 'PHY23201', '物理', 4.0, 4, '2023-2024', '第二学期', '选修', '2026-06-11 20:38:23', '2026-06-11 20:38:23', 0),
	(50, 'CHE23201', '化学', 4.0, 5, '2023-2024', '第二学期', '选修', '2026-06-11 20:38:23', '2026-06-11 20:38:23', 0),
	(51, 'BIO23201', '生物', 3.0, 6, '2023-2024', '第二学期', '选修', '2026-06-11 20:38:23', '2026-06-11 20:38:23', 0),
	(52, 'HIS23201', '历史', 3.0, 7, '2023-2024', '第二学期', '选修', '2026-06-11 20:38:23', '2026-06-11 20:38:23', 0),
	(53, 'GEO23201', '地理', 3.0, 8, '2023-2024', '第二学期', '选修', '2026-06-11 20:38:23', '2026-06-11 20:38:23', 0),
	(54, 'POL23201', '政治', 3.0, 9, '2023-2024', '第二学期', '选修', '2026-06-11 20:38:23', '2026-06-11 20:38:23', 0);

-- 正在导出表  student_score_admin.score_record 的数据：~2160 rows (大约)
REPLACE INTO `score_record` (`id`, `student_id`, `course_id`, `score_value`, `exam_type`, `remark`, `create_time`, `update_time`, `is_deleted`) VALUES
	(1, 1, 1, 103.00, '期末', '正常成绩', '2026-06-11 20:38:23', '2026-06-11 20:38:23', 0),
	(2, 1, 2, 88.00, '期末', '正常成绩', '2026-06-11 20:38:23', '2026-06-11 20:38:23', 0),
	(3, 1, 3, 94.00, '期末', '正常成绩', '2026-06-11 20:38:23', '2026-06-11 20:38:23', 0),
	(4, 1, 4, 62.00, '期末', '正常成绩', '2026-06-11 20:38:23', '2026-06-11 20:38:23', 0),
	(5, 1, 5, 74.00, '期末', '正常成绩', '2026-06-11 20:38:23', '2026-06-11 20:38:23', 0),
	(6, 1, 6, 86.00, '期末', '正常成绩', '2026-06-11 20:38:23', '2026-06-11 20:38:23', 0),
	(7, 2, 1, 111.00, '期末', '正常成绩', '2026-06-11 20:38:23', '2026-06-11 20:38:23', 0),
	(8, 2, 2, 133.00, '期末', '正常成绩', '2026-06-11 20:38:23', '2026-06-11 20:38:23', 0),
	(9, 2, 3, 133.00, '期末', '正常成绩', '2026-06-11 20:38:23', '2026-06-11 20:38:23', 0),
	(10, 2, 4, 95.00, '期末', '正常成绩', '2026-06-11 20:38:23', '2026-06-11 20:38:23', 0),
	(11, 2, 5, 83.00, '期末', '正常成绩', '2026-06-11 20:38:23', '2026-06-11 20:38:23', 0),
	(12, 2, 6, 93.00, '期末', '正常成绩', '2026-06-11 20:38:23', '2026-06-11 20:38:23', 0),
	(13, 3, 1, 120.00, '期末', '正常成绩', '2026-06-11 20:38:23', '2026-06-11 20:38:23', 0),
	(14, 3, 2, 123.00, '期末', '正常成绩', '2026-06-11 20:38:23', '2026-06-11 20:38:23', 0),
	(15, 3, 3, 124.00, '期末', '正常成绩', '2026-06-11 20:38:23', '2026-06-11 20:38:23', 0),
	(16, 3, 4, 84.00, '期末', '正常成绩', '2026-06-11 20:38:23', '2026-06-11 20:38:23', 0),
	(17, 3, 5, 76.00, '期末', '正常成绩', '2026-06-11 20:38:23', '2026-06-11 20:38:23', 0),
	(18, 3, 6, 92.00, '期末', '正常成绩', '2026-06-11 20:38:23', '2026-06-11 20:38:23', 0),
	(19, 4, 1, 88.00, '期末', '正常成绩', '2026-06-11 20:38:23', '2026-06-11 20:38:23', 0),
	(20, 4, 2, 113.00, '期末', '正常成绩', '2026-06-11 20:38:23', '2026-06-11 20:38:23', 0),
	(21, 4, 3, 89.00, '期末', '正常成绩', '2026-06-11 20:38:23', '2026-06-11 20:38:23', 0),
	(22, 4, 4, 70.00, '期末', '正常成绩', '2026-06-11 20:38:23', '2026-06-11 20:38:23', 0),
	(23, 4, 5, 77.00, '期末', '正常成绩', '2026-06-11 20:38:23', '2026-06-11 20:38:23', 0),
	(24, 4, 6, 86.00, '期末', '正常成绩', '2026-06-11 20:38:23', '2026-06-11 20:38:23', 0),
	(25, 5, 1, 126.00, '期末', '正常成绩', '2026-06-11 20:38:23', '2026-06-11 20:38:23', 0),
	(26, 5, 2, 120.00, '期末', '正常成绩', '2026-06-11 20:38:23', '2026-06-11 20:38:23', 0),
	(27, 5, 3, 122.00, '期末', '正常成绩', '2026-06-11 20:38:23', '2026-06-11 20:38:23', 0),
	(28, 5, 4, 95.00, '期末', '正常成绩', '2026-06-11 20:38:23', '2026-06-11 20:38:23', 0),
	(29, 5, 5, 92.00, '期末', '正常成绩', '2026-06-11 20:38:23', '2026-06-11 20:38:23', 0),
	(30, 5, 6, 83.00, '期末', '正常成绩', '2026-06-11 20:38:23', '2026-06-11 20:38:23', 0),
	(31, 6, 1, 115.00, '期末', '正常成绩', '2026-06-11 20:38:23', '2026-06-11 20:38:23', 0),
	(32, 6, 2, 100.00, '期末', '正常成绩', '2026-06-11 20:38:23', '2026-06-11 20:38:23', 0),
	(33, 6, 3, 88.00, '期末', '正常成绩', '2026-06-11 20:38:23', '2026-06-11 20:38:23', 0),
	(34, 6, 4, 83.00, '期末', '正常成绩', '2026-06-11 20:38:23', '2026-06-11 20:38:23', 0),
	(35, 6, 5, 76.00, '期末', '正常成绩', '2026-06-11 20:38:23', '2026-06-11 20:38:23', 0),
	(36, 6, 6, 81.00, '期末', '正常成绩', '2026-06-11 20:38:23', '2026-06-11 20:38:23', 0),
	(37, 7, 1, 122.00, '期末', '正常成绩', '2026-06-11 20:38:23', '2026-06-11 20:38:23', 0),
	(38, 7, 2, 135.00, '期末', '正常成绩', '2026-06-11 20:38:23', '2026-06-11 20:38:23', 0),
	(39, 7, 3, 135.00, '期末', '正常成绩', '2026-06-11 20:38:23', '2026-06-11 20:38:23', 0),
	(40, 7, 4, 95.00, '期末', '正常成绩', '2026-06-11 20:38:23', '2026-06-11 20:38:23', 0),
	(41, 7, 5, 79.00, '期末', '正常成绩', '2026-06-11 20:38:23', '2026-06-11 20:38:23', 0),
	(42, 7, 6, 93.00, '期末', '正常成绩', '2026-06-11 20:38:23', '2026-06-11 20:38:23', 0),
	(43, 8, 1, 104.00, '期末', '正常成绩', '2026-06-11 20:38:23', '2026-06-11 20:38:23', 0),
	(44, 8, 2, 113.00, '期末', '正常成绩', '2026-06-11 20:38:23', '2026-06-11 20:38:23', 0),
	(45, 8, 3, 104.00, '期末', '正常成绩', '2026-06-11 20:38:23', '2026-06-11 20:38:23', 0),
	(46, 8, 4, 72.00, '期末', '正常成绩', '2026-06-11 20:38:23', '2026-06-11 20:38:23', 0),
	(47, 8, 5, 66.00, '期末', '正常成绩', '2026-06-11 20:38:23', '2026-06-11 20:38:23', 0),
	(48, 8, 6, 85.00, '期末', '正常成绩', '2026-06-11 20:38:23', '2026-06-11 20:38:23', 0),
	(49, 9, 1, 92.00, '期末', '正常成绩', '2026-06-11 20:38:23', '2026-06-11 20:38:23', 0),
	(50, 9, 2, 98.00, '期末', '正常成绩', '2026-06-11 20:38:23', '2026-06-11 20:38:23', 0),
	(51, 9, 3, 94.00, '期末', '正常成绩', '2026-06-11 20:38:23', '2026-06-11 20:38:23', 0),
	(52, 9, 4, 79.00, '期末', '正常成绩', '2026-06-11 20:38:23', '2026-06-11 20:38:23', 0),
	(53, 9, 5, 76.00, '期末', '正常成绩', '2026-06-11 20:38:23', '2026-06-11 20:38:23', 0),
	(54, 9, 6, 67.00, '期末', '正常成绩', '2026-06-11 20:38:23', '2026-06-11 20:38:23', 0),
	(55, 10, 1, 122.00, '期末', '正常成绩', '2026-06-11 20:38:23', '2026-06-11 20:38:23', 0),
	(56, 10, 2, 105.00, '期末', '正常成绩', '2026-06-11 20:38:23', '2026-06-11 20:38:23', 0),
	(57, 10, 3, 95.00, '期末', '正常成绩', '2026-06-11 20:38:23', '2026-06-11 20:38:23', 0),
	(58, 10, 4, 76.00, '期末', '正常成绩', '2026-06-11 20:38:23', '2026-06-11 20:38:23', 0),
	(59, 10, 5, 65.00, '期末', '正常成绩', '2026-06-11 20:38:23', '2026-06-11 20:38:23', 0),
	(60, 10, 6, 70.00, '期末', '正常成绩', '2026-06-11 20:38:23', '2026-06-11 20:38:23', 0),
	(61, 11, 1, 64.00, '期末', '正常成绩', '2026-06-11 20:38:23', '2026-06-11 20:38:23', 0),
	(62, 11, 2, 84.00, '期末', '正常成绩', '2026-06-11 20:38:23', '2026-06-11 20:38:23', 0),
	(63, 11, 3, 59.00, '期末', '正常成绩', '2026-06-11 20:38:23', '2026-06-11 20:38:23', 0),
	(64, 11, 4, 42.00, '期末', '正常成绩', '2026-06-11 20:38:23', '2026-06-11 20:38:23', 0),
	(65, 11, 5, 46.00, '期末', '正常成绩', '2026-06-11 20:38:23', '2026-06-11 20:38:23', 0),
	(66, 11, 6, 45.00, '期末', '正常成绩', '2026-06-11 20:38:23', '2026-06-11 20:38:23', 0),
	(67, 12, 1, 82.00, '期末', '正常成绩', '2026-06-11 20:38:23', '2026-06-11 20:38:23', 0),
	(68, 12, 2, 73.00, '期末', '正常成绩', '2026-06-11 20:38:23', '2026-06-11 20:38:23', 0),
	(69, 12, 3, 73.00, '期末', '正常成绩', '2026-06-11 20:38:23', '2026-06-11 20:38:23', 0),
	(70, 12, 4, 55.00, '期末', '正常成绩', '2026-06-11 20:38:23', '2026-06-11 20:38:23', 0),
	(71, 12, 5, 34.00, '期末', '正常成绩', '2026-06-11 20:38:23', '2026-06-11 20:38:23', 0),
	(72, 12, 6, 50.00, '期末', '正常成绩', '2026-06-11 20:38:23', '2026-06-11 20:38:23', 0),
	(73, 13, 1, 112.00, '期末', '正常成绩', '2026-06-11 20:38:23', '2026-06-11 20:38:23', 0),
	(74, 13, 2, 102.00, '期末', '正常成绩', '2026-06-11 20:38:23', '2026-06-11 20:38:23', 0),
	(75, 13, 3, 122.00, '期末', '正常成绩', '2026-06-11 20:38:23', '2026-06-11 20:38:23', 0),
	(76, 13, 4, 98.00, '期末', '正常成绩', '2026-06-11 20:38:23', '2026-06-11 20:38:23', 0),
	(77, 13, 5, 94.00, '期末', '正常成绩', '2026-06-11 20:38:23', '2026-06-11 20:38:23', 0),
	(78, 13, 6, 100.00, '期末', '正常成绩', '2026-06-11 20:38:23', '2026-06-11 20:38:23', 0),
	(79, 14, 1, 126.00, '期末', '正常成绩', '2026-06-11 20:38:23', '2026-06-11 20:38:23', 0),
	(80, 14, 2, 137.00, '期末', '正常成绩', '2026-06-11 20:38:23', '2026-06-11 20:38:23', 0),
	(81, 14, 3, 103.00, '期末', '正常成绩', '2026-06-11 20:38:23', '2026-06-11 20:38:23', 0),
	(82, 14, 4, 85.00, '期末', '正常成绩', '2026-06-11 20:38:23', '2026-06-11 20:38:23', 0),
	(83, 14, 5, 93.00, '期末', '正常成绩', '2026-06-11 20:38:23', '2026-06-11 20:38:23', 0),
	(84, 14, 6, 97.00, '期末', '正常成绩', '2026-06-11 20:38:23', '2026-06-11 20:38:23', 0),
	(85, 15, 1, 111.00, '期末', '正常成绩', '2026-06-11 20:38:23', '2026-06-11 20:38:23', 0),
	(86, 15, 2, 97.00, '期末', '正常成绩', '2026-06-11 20:38:23', '2026-06-11 20:38:23', 0),
	(87, 15, 3, 81.00, '期末', '正常成绩', '2026-06-11 20:38:23', '2026-06-11 20:38:23', 0),
	(88, 15, 4, 64.00, '期末', '正常成绩', '2026-06-11 20:38:23', '2026-06-11 20:38:23', 0),
	(89, 15, 5, 73.00, '期末', '正常成绩', '2026-06-11 20:38:23', '2026-06-11 20:38:23', 0),
	(90, 15, 6, 85.00, '期末', '正常成绩', '2026-06-11 20:38:23', '2026-06-11 20:38:23', 0),
	(91, 16, 1, 128.00, '期末', '正常成绩', '2026-06-11 20:38:23', '2026-06-11 20:38:23', 0),
	(92, 16, 2, 113.00, '期末', '正常成绩', '2026-06-11 20:38:23', '2026-06-11 20:38:23', 0),
	(93, 16, 3, 132.00, '期末', '正常成绩', '2026-06-11 20:38:23', '2026-06-11 20:38:23', 0),
	(94, 16, 4, 94.00, '期末', '正常成绩', '2026-06-11 20:38:23', '2026-06-11 20:38:23', 0),
	(95, 16, 5, 82.00, '期末', '正常成绩', '2026-06-11 20:38:23', '2026-06-11 20:38:23', 0),
	(96, 16, 6, 79.00, '期末', '正常成绩', '2026-06-11 20:38:23', '2026-06-11 20:38:23', 0),
	(97, 17, 1, 111.00, '期末', '正常成绩', '2026-06-11 20:38:23', '2026-06-11 20:38:23', 0),
	(98, 17, 2, 125.00, '期末', '正常成绩', '2026-06-11 20:38:23', '2026-06-11 20:38:23', 0),
	(99, 17, 3, 86.00, '期末', '正常成绩', '2026-06-11 20:38:23', '2026-06-11 20:38:23', 0),
	(100, 17, 4, 73.00, '期末', '正常成绩', '2026-06-11 20:38:23', '2026-06-11 20:38:23', 0),
	(101, 17, 5, 62.00, '期末', '正常成绩', '2026-06-11 20:38:23', '2026-06-11 20:38:23', 0),
	(102, 17, 6, 76.00, '期末', '正常成绩', '2026-06-11 20:38:23', '2026-06-11 20:38:23', 0),
	(103, 18, 1, 108.00, '期末', '正常成绩', '2026-06-11 20:38:23', '2026-06-11 20:38:23', 0),
	(104, 18, 2, 95.00, '期末', '正常成绩', '2026-06-11 20:38:23', '2026-06-11 20:38:23', 0),
	(105, 18, 3, 117.00, '期末', '正常成绩', '2026-06-11 20:38:23', '2026-06-11 20:38:23', 0),
	(106, 18, 4, 74.00, '期末', '正常成绩', '2026-06-11 20:38:23', '2026-06-11 20:38:23', 0),
	(107, 18, 5, 76.00, '期末', '正常成绩', '2026-06-11 20:38:23', '2026-06-11 20:38:23', 0),
	(108, 18, 6, 84.00, '期末', '正常成绩', '2026-06-11 20:38:23', '2026-06-11 20:38:23', 0),
	(109, 19, 1, 128.00, '期末', '正常成绩', '2026-06-11 20:38:23', '2026-06-11 20:38:23', 0),
	(110, 19, 2, 127.00, '期末', '正常成绩', '2026-06-11 20:38:23', '2026-06-11 20:38:23', 0),
	(111, 19, 3, 123.00, '期末', '正常成绩', '2026-06-11 20:38:23', '2026-06-11 20:38:23', 0),
	(112, 19, 4, 77.00, '期末', '正常成绩', '2026-06-11 20:38:23', '2026-06-11 20:38:23', 0),
	(113, 19, 5, 80.00, '期末', '正常成绩', '2026-06-11 20:38:23', '2026-06-11 20:38:23', 0),
	(114, 19, 6, 87.00, '期末', '正常成绩', '2026-06-11 20:38:23', '2026-06-11 20:38:23', 0),
	(115, 20, 1, 110.00, '期末', '正常成绩', '2026-06-11 20:38:23', '2026-06-11 20:38:23', 0),
	(116, 20, 2, 115.00, '期末', '正常成绩', '2026-06-11 20:38:23', '2026-06-11 20:38:23', 0),
	(117, 20, 3, 100.00, '期末', '正常成绩', '2026-06-11 20:38:23', '2026-06-11 20:38:23', 0),
	(118, 20, 4, 74.00, '期末', '正常成绩', '2026-06-11 20:38:23', '2026-06-11 20:38:23', 0),
	(119, 20, 5, 81.00, '期末', '正常成绩', '2026-06-11 20:38:23', '2026-06-11 20:38:23', 0),
	(120, 20, 6, 90.00, '期末', '正常成绩', '2026-06-11 20:38:23', '2026-06-11 20:38:23', 0),
	(121, 21, 1, 89.00, '期末', '正常成绩', '2026-06-11 20:38:23', '2026-06-11 20:38:23', 0),
	(122, 21, 2, 112.00, '期末', '正常成绩', '2026-06-11 20:38:23', '2026-06-11 20:38:23', 0),
	(123, 21, 3, 114.00, '期末', '正常成绩', '2026-06-11 20:38:23', '2026-06-11 20:38:23', 0),
	(124, 21, 7, 66.00, '期末', '正常成绩', '2026-06-11 20:38:23', '2026-06-11 20:38:23', 0),
	(125, 21, 8, 62.00, '期末', '正常成绩', '2026-06-11 20:38:23', '2026-06-11 20:38:23', 0),
	(126, 21, 9, 72.00, '期末', '正常成绩', '2026-06-11 20:38:23', '2026-06-11 20:38:23', 0),
	(127, 22, 1, 105.00, '期末', '正常成绩', '2026-06-11 20:38:23', '2026-06-11 20:38:23', 0),
	(128, 22, 2, 112.00, '期末', '正常成绩', '2026-06-11 20:38:23', '2026-06-11 20:38:23', 0),
	(129, 22, 3, 94.00, '期末', '正常成绩', '2026-06-11 20:38:23', '2026-06-11 20:38:23', 0),
	(130, 22, 7, 86.00, '期末', '正常成绩', '2026-06-11 20:38:23', '2026-06-11 20:38:23', 0),
	(131, 22, 8, 64.00, '期末', '正常成绩', '2026-06-11 20:38:23', '2026-06-11 20:38:23', 0),
	(132, 22, 9, 70.00, '期末', '正常成绩', '2026-06-11 20:38:23', '2026-06-11 20:38:23', 0),
	(133, 23, 1, 98.00, '期末', '正常成绩', '2026-06-11 20:38:23', '2026-06-11 20:38:23', 0),
	(134, 23, 2, 138.00, '期末', '正常成绩', '2026-06-11 20:38:23', '2026-06-11 20:38:23', 0),
	(135, 23, 3, 137.00, '期末', '正常成绩', '2026-06-11 20:38:23', '2026-06-11 20:38:23', 0),
	(136, 23, 7, 80.00, '期末', '正常成绩', '2026-06-11 20:38:23', '2026-06-11 20:38:23', 0),
	(137, 23, 8, 80.00, '期末', '正常成绩', '2026-06-11 20:38:23', '2026-06-11 20:38:23', 0),
	(138, 23, 9, 92.00, '期末', '正常成绩', '2026-06-11 20:38:23', '2026-06-11 20:38:23', 0),
	(139, 24, 1, 130.00, '期末', '正常成绩', '2026-06-11 20:38:23', '2026-06-11 20:38:23', 0),
	(140, 24, 2, 122.00, '期末', '正常成绩', '2026-06-11 20:38:23', '2026-06-11 20:38:23', 0),
	(141, 24, 3, 120.00, '期末', '正常成绩', '2026-06-11 20:38:23', '2026-06-11 20:38:23', 0),
	(142, 24, 7, 92.00, '期末', '正常成绩', '2026-06-11 20:38:23', '2026-06-11 20:38:23', 0),
	(143, 24, 8, 87.00, '期末', '正常成绩', '2026-06-11 20:38:23', '2026-06-11 20:38:23', 0),
	(144, 24, 9, 78.00, '期末', '正常成绩', '2026-06-11 20:38:23', '2026-06-11 20:38:23', 0),
	(145, 25, 1, 88.00, '期末', '正常成绩', '2026-06-11 20:38:23', '2026-06-11 20:38:23', 0),
	(146, 25, 2, 80.00, '期末', '正常成绩', '2026-06-11 20:38:23', '2026-06-11 20:38:23', 0),
	(147, 25, 3, 78.00, '期末', '正常成绩', '2026-06-11 20:38:23', '2026-06-11 20:38:23', 0),
	(148, 25, 7, 41.00, '期末', '正常成绩', '2026-06-11 20:38:23', '2026-06-11 20:38:23', 0),
	(149, 25, 8, 50.00, '期末', '正常成绩', '2026-06-11 20:38:23', '2026-06-11 20:38:23', 0),
	(150, 25, 9, 57.00, '期末', '正常成绩', '2026-06-11 20:38:23', '2026-06-11 20:38:23', 0),
	(151, 26, 1, 128.00, '期末', '正常成绩', '2026-06-11 20:38:23', '2026-06-11 20:38:23', 0),
	(152, 26, 2, 120.00, '期末', '正常成绩', '2026-06-11 20:38:23', '2026-06-11 20:38:23', 0),
	(153, 26, 3, 138.00, '期末', '正常成绩', '2026-06-11 20:38:23', '2026-06-11 20:38:23', 0),
	(154, 26, 7, 85.00, '期末', '正常成绩', '2026-06-11 20:38:23', '2026-06-11 20:38:23', 0),
	(155, 26, 8, 88.00, '期末', '正常成绩', '2026-06-11 20:38:23', '2026-06-11 20:38:23', 0),
	(156, 26, 9, 84.00, '期末', '正常成绩', '2026-06-11 20:38:23', '2026-06-11 20:38:23', 0),
	(157, 27, 1, 104.00, '期末', '正常成绩', '2026-06-11 20:38:23', '2026-06-11 20:38:23', 0),
	(158, 27, 2, 113.00, '期末', '正常成绩', '2026-06-11 20:38:23', '2026-06-11 20:38:23', 0),
	(159, 27, 3, 109.00, '期末', '正常成绩', '2026-06-11 20:38:23', '2026-06-11 20:38:23', 0),
	(160, 27, 7, 70.00, '期末', '正常成绩', '2026-06-11 20:38:23', '2026-06-11 20:38:23', 0),
	(161, 27, 8, 79.00, '期末', '正常成绩', '2026-06-11 20:38:23', '2026-06-11 20:38:23', 0),
	(162, 27, 9, 64.00, '期末', '正常成绩', '2026-06-11 20:38:23', '2026-06-11 20:38:23', 0),
	(163, 28, 1, 115.00, '期末', '正常成绩', '2026-06-11 20:38:23', '2026-06-11 20:38:23', 0),
	(164, 28, 2, 96.00, '期末', '正常成绩', '2026-06-11 20:38:23', '2026-06-11 20:38:23', 0),
	(165, 28, 3, 115.00, '期末', '正常成绩', '2026-06-11 20:38:23', '2026-06-11 20:38:23', 0),
	(166, 28, 7, 79.00, '期末', '正常成绩', '2026-06-11 20:38:23', '2026-06-11 20:38:23', 0),
	(167, 28, 8, 67.00, '期末', '正常成绩', '2026-06-11 20:38:23', '2026-06-11 20:38:23', 0),
	(168, 28, 9, 84.00, '期末', '正常成绩', '2026-06-11 20:38:23', '2026-06-11 20:38:23', 0),
	(169, 29, 1, 122.00, '期末', '正常成绩', '2026-06-11 20:38:23', '2026-06-11 20:38:23', 0),
	(170, 29, 2, 133.00, '期末', '正常成绩', '2026-06-11 20:38:23', '2026-06-11 20:38:23', 0),
	(171, 29, 3, 123.00, '期末', '正常成绩', '2026-06-11 20:38:23', '2026-06-11 20:38:23', 0),
	(172, 29, 7, 92.00, '期末', '正常成绩', '2026-06-11 20:38:23', '2026-06-11 20:38:23', 0),
	(173, 29, 8, 96.00, '期末', '正常成绩', '2026-06-11 20:38:23', '2026-06-11 20:38:23', 0),
	(174, 29, 9, 84.00, '期末', '正常成绩', '2026-06-11 20:38:23', '2026-06-11 20:38:23', 0),
	(175, 30, 1, 103.00, '期末', '正常成绩', '2026-06-11 20:38:23', '2026-06-11 20:38:23', 0),
	(176, 30, 2, 108.00, '期末', '正常成绩', '2026-06-11 20:38:23', '2026-06-11 20:38:23', 0),
	(177, 30, 3, 100.00, '期末', '正常成绩', '2026-06-11 20:38:23', '2026-06-11 20:38:23', 0),
	(178, 30, 7, 86.00, '期末', '正常成绩', '2026-06-11 20:38:23', '2026-06-11 20:38:23', 0),
	(179, 30, 8, 62.00, '期末', '正常成绩', '2026-06-11 20:38:23', '2026-06-11 20:38:23', 0),
	(180, 30, 9, 80.00, '期末', '正常成绩', '2026-06-11 20:38:23', '2026-06-11 20:38:23', 0),
	(181, 1, 1, 108.00, '期中', '正常成绩', '2026-06-14 16:41:54', '2026-06-14 16:42:09', 0),
	(182, 1, 2, 86.00, '期中', '正常成绩', '2026-06-14 16:41:54', '2026-06-14 16:42:09', 0),
	(183, 1, 3, 107.00, '期中', '正常成绩', '2026-06-14 16:41:54', '2026-06-14 16:42:09', 0),
	(184, 1, 4, 65.00, '期中', '正常成绩', '2026-06-14 16:41:54', '2026-06-14 16:42:09', 0),
	(185, 1, 5, 56.00, '期中', '正常成绩', '2026-06-14 16:41:54', '2026-06-14 16:42:09', 0),
	(186, 1, 6, 60.00, '期中', '正常成绩', '2026-06-14 16:41:54', '2026-06-14 16:42:09', 0),
	(187, 2, 1, 124.00, '期中', '正常成绩', '2026-06-14 16:41:54', '2026-06-14 16:42:09', 0),
	(188, 2, 2, 133.00, '期中', '正常成绩', '2026-06-14 16:41:54', '2026-06-14 16:42:09', 0),
	(189, 2, 3, 134.00, '期中', '正常成绩', '2026-06-14 16:41:54', '2026-06-14 16:42:09', 0),
	(190, 2, 4, 76.00, '期中', '正常成绩', '2026-06-14 16:41:54', '2026-06-14 16:42:09', 0),
	(191, 2, 5, 88.00, '期中', '正常成绩', '2026-06-14 16:41:54', '2026-06-14 16:42:09', 0),
	(192, 2, 6, 87.00, '期中', '正常成绩', '2026-06-14 16:41:54', '2026-06-14 16:42:09', 0),
	(193, 3, 1, 124.00, '期中', '正常成绩', '2026-06-14 16:41:54', '2026-06-14 16:42:09', 0),
	(194, 3, 2, 137.00, '期中', '正常成绩', '2026-06-14 16:41:54', '2026-06-14 16:42:09', 0),
	(195, 3, 3, 136.00, '期中', '正常成绩', '2026-06-14 16:41:54', '2026-06-14 16:42:09', 0),
	(196, 3, 4, 100.00, '期中', '正常成绩', '2026-06-14 16:41:54', '2026-06-14 16:42:09', 0),
	(197, 3, 5, 91.00, '期中', '正常成绩', '2026-06-14 16:41:54', '2026-06-14 16:42:09', 0),
	(198, 3, 6, 100.00, '期中', '正常成绩', '2026-06-14 16:41:54', '2026-06-14 16:42:09', 0),
	(199, 4, 1, 92.00, '期中', '正常成绩', '2026-06-14 16:41:54', '2026-06-14 16:42:09', 0),
	(200, 4, 2, 117.00, '期中', '正常成绩', '2026-06-14 16:41:54', '2026-06-14 16:42:09', 0),
	(201, 4, 3, 99.00, '期中', '正常成绩', '2026-06-14 16:41:54', '2026-06-14 16:42:09', 0),
	(202, 4, 4, 74.00, '期中', '正常成绩', '2026-06-14 16:41:54', '2026-06-14 16:42:09', 0),
	(203, 4, 5, 63.00, '期中', '正常成绩', '2026-06-14 16:41:54', '2026-06-14 16:42:09', 0),
	(204, 4, 6, 67.00, '期中', '正常成绩', '2026-06-14 16:41:54', '2026-06-14 16:42:09', 0),
	(205, 5, 1, 127.00, '期中', '正常成绩', '2026-06-14 16:41:54', '2026-06-14 16:42:09', 0),
	(206, 5, 2, 113.00, '期中', '正常成绩', '2026-06-14 16:41:54', '2026-06-14 16:42:09', 0),
	(207, 5, 3, 123.00, '期中', '正常成绩', '2026-06-14 16:41:54', '2026-06-14 16:42:09', 0),
	(208, 5, 4, 87.00, '期中', '正常成绩', '2026-06-14 16:41:54', '2026-06-14 16:42:09', 0),
	(209, 5, 5, 76.00, '期中', '正常成绩', '2026-06-14 16:41:54', '2026-06-14 16:42:09', 0),
	(210, 5, 6, 84.00, '期中', '正常成绩', '2026-06-14 16:41:54', '2026-06-14 16:42:09', 0),
	(211, 6, 1, 113.00, '期中', '正常成绩', '2026-06-14 16:41:54', '2026-06-14 16:42:09', 0),
	(212, 6, 2, 92.00, '期中', '正常成绩', '2026-06-14 16:41:54', '2026-06-14 16:42:09', 0),
	(213, 6, 3, 118.00, '期中', '正常成绩', '2026-06-14 16:41:54', '2026-06-14 16:42:09', 0),
	(214, 6, 4, 73.00, '期中', '正常成绩', '2026-06-14 16:41:54', '2026-06-14 16:42:09', 0),
	(215, 6, 5, 72.00, '期中', '正常成绩', '2026-06-14 16:41:54', '2026-06-14 16:42:09', 0),
	(216, 6, 6, 74.00, '期中', '正常成绩', '2026-06-14 16:41:54', '2026-06-14 16:42:09', 0),
	(217, 7, 1, 128.00, '期中', '正常成绩', '2026-06-14 16:41:54', '2026-06-14 16:42:09', 0),
	(218, 7, 2, 129.00, '期中', '正常成绩', '2026-06-14 16:41:54', '2026-06-14 16:42:09', 0),
	(219, 7, 3, 124.00, '期中', '正常成绩', '2026-06-14 16:41:54', '2026-06-14 16:42:09', 0),
	(220, 7, 4, 76.00, '期中', '正常成绩', '2026-06-14 16:41:54', '2026-06-14 16:42:09', 0),
	(221, 7, 5, 74.00, '期中', '正常成绩', '2026-06-14 16:41:54', '2026-06-14 16:42:09', 0),
	(222, 7, 6, 90.00, '期中', '正常成绩', '2026-06-14 16:41:54', '2026-06-14 16:42:09', 0),
	(223, 8, 1, 97.00, '期中', '正常成绩', '2026-06-14 16:41:54', '2026-06-14 16:42:09', 0),
	(224, 8, 2, 93.00, '期中', '正常成绩', '2026-06-14 16:41:54', '2026-06-14 16:42:09', 0),
	(225, 8, 3, 101.00, '期中', '正常成绩', '2026-06-14 16:41:54', '2026-06-14 16:42:09', 0),
	(226, 8, 4, 74.00, '期中', '正常成绩', '2026-06-14 16:41:54', '2026-06-14 16:42:09', 0),
	(227, 8, 5, 73.00, '期中', '正常成绩', '2026-06-14 16:41:54', '2026-06-14 16:42:09', 0),
	(228, 8, 6, 62.00, '期中', '正常成绩', '2026-06-14 16:41:54', '2026-06-14 16:42:09', 0),
	(229, 9, 1, 92.00, '期中', '正常成绩', '2026-06-14 16:41:54', '2026-06-14 16:42:09', 0),
	(230, 9, 2, 101.00, '期中', '正常成绩', '2026-06-14 16:41:54', '2026-06-14 16:42:09', 0),
	(231, 9, 3, 118.00, '期中', '正常成绩', '2026-06-14 16:41:54', '2026-06-14 16:42:09', 0),
	(232, 9, 4, 61.00, '期中', '正常成绩', '2026-06-14 16:41:54', '2026-06-14 16:42:09', 0),
	(233, 9, 5, 73.00, '期中', '正常成绩', '2026-06-14 16:41:54', '2026-06-14 16:42:09', 0),
	(234, 9, 6, 59.00, '期中', '正常成绩', '2026-06-14 16:41:54', '2026-06-14 16:42:09', 0),
	(235, 10, 1, 83.00, '期中', '正常成绩', '2026-06-14 16:41:54', '2026-06-14 16:42:09', 0),
	(236, 10, 2, 100.00, '期中', '正常成绩', '2026-06-14 16:41:54', '2026-06-14 16:42:09', 0),
	(237, 10, 3, 88.00, '期中', '正常成绩', '2026-06-14 16:41:54', '2026-06-14 16:42:09', 0),
	(238, 10, 4, 70.00, '期中', '正常成绩', '2026-06-14 16:41:54', '2026-06-14 16:42:09', 0),
	(239, 10, 5, 76.00, '期中', '正常成绩', '2026-06-14 16:41:54', '2026-06-14 16:42:09', 0),
	(240, 10, 6, 74.00, '期中', '正常成绩', '2026-06-14 16:41:54', '2026-06-14 16:42:09', 0),
	(241, 11, 1, 82.00, '期中', '正常成绩', '2026-06-14 16:41:54', '2026-06-14 16:42:09', 0),
	(242, 11, 2, 69.00, '期中', '正常成绩', '2026-06-14 16:41:54', '2026-06-14 16:42:09', 0),
	(243, 11, 3, 61.00, '期中', '正常成绩', '2026-06-14 16:41:54', '2026-06-14 16:42:09', 0),
	(244, 11, 4, 31.00, '期中', '正常成绩', '2026-06-14 16:41:54', '2026-06-14 16:42:09', 0),
	(245, 11, 5, 46.00, '期中', '正常成绩', '2026-06-14 16:41:54', '2026-06-14 16:42:09', 0),
	(246, 11, 6, 30.00, '期中', '正常成绩', '2026-06-14 16:41:54', '2026-06-14 16:42:09', 0),
	(247, 12, 1, 74.00, '期中', '正常成绩', '2026-06-14 16:41:54', '2026-06-14 16:42:09', 0),
	(248, 12, 2, 80.00, '期中', '正常成绩', '2026-06-14 16:41:54', '2026-06-14 16:42:09', 0),
	(249, 12, 3, 69.00, '期中', '正常成绩', '2026-06-14 16:41:54', '2026-06-14 16:42:09', 0),
	(250, 12, 4, 41.00, '期中', '正常成绩', '2026-06-14 16:41:54', '2026-06-14 16:42:09', 0),
	(251, 12, 5, 73.00, '期中', '正常成绩', '2026-06-14 16:41:54', '2026-06-14 16:42:09', 0),
	(252, 12, 6, 32.00, '期中', '正常成绩', '2026-06-14 16:41:54', '2026-06-14 16:42:09', 0),
	(253, 13, 1, 125.00, '期中', '正常成绩', '2026-06-14 16:41:54', '2026-06-14 16:42:09', 0),
	(254, 13, 2, 132.00, '期中', '正常成绩', '2026-06-14 16:41:54', '2026-06-14 16:42:09', 0),
	(255, 13, 3, 125.00, '期中', '正常成绩', '2026-06-14 16:41:54', '2026-06-14 16:42:09', 0),
	(256, 13, 4, 95.00, '期中', '正常成绩', '2026-06-14 16:41:54', '2026-06-14 16:42:09', 0),
	(257, 13, 5, 90.00, '期中', '正常成绩', '2026-06-14 16:41:54', '2026-06-14 16:42:09', 0),
	(258, 13, 6, 82.00, '期中', '正常成绩', '2026-06-14 16:41:54', '2026-06-14 16:42:09', 0),
	(259, 14, 1, 128.00, '期中', '正常成绩', '2026-06-14 16:41:54', '2026-06-14 16:42:09', 0),
	(260, 14, 2, 107.00, '期中', '正常成绩', '2026-06-14 16:41:54', '2026-06-14 16:42:09', 0),
	(261, 14, 3, 127.00, '期中', '正常成绩', '2026-06-14 16:41:54', '2026-06-14 16:42:09', 0),
	(262, 14, 4, 90.00, '期中', '正常成绩', '2026-06-14 16:41:54', '2026-06-14 16:42:09', 0),
	(263, 14, 5, 80.00, '期中', '正常成绩', '2026-06-14 16:41:54', '2026-06-14 16:42:09', 0),
	(264, 14, 6, 80.00, '期中', '正常成绩', '2026-06-14 16:41:54', '2026-06-14 16:42:09', 0),
	(265, 15, 1, 105.00, '期中', '正常成绩', '2026-06-14 16:41:54', '2026-06-14 16:42:09', 0),
	(266, 15, 2, 101.00, '期中', '正常成绩', '2026-06-14 16:41:54', '2026-06-14 16:42:09', 0),
	(267, 15, 3, 114.00, '期中', '正常成绩', '2026-06-14 16:41:54', '2026-06-14 16:42:09', 0),
	(268, 15, 4, 87.00, '期中', '正常成绩', '2026-06-14 16:41:54', '2026-06-14 16:42:09', 0),
	(269, 15, 5, 66.00, '期中', '正常成绩', '2026-06-14 16:41:54', '2026-06-14 16:42:09', 0),
	(270, 15, 6, 63.00, '期中', '正常成绩', '2026-06-14 16:41:54', '2026-06-14 16:42:09', 0),
	(271, 16, 1, 126.00, '期中', '正常成绩', '2026-06-14 16:41:54', '2026-06-14 16:42:09', 0),
	(272, 16, 2, 127.00, '期中', '正常成绩', '2026-06-14 16:41:54', '2026-06-14 16:42:09', 0),
	(273, 16, 3, 134.00, '期中', '正常成绩', '2026-06-14 16:41:54', '2026-06-14 16:42:09', 0),
	(274, 16, 4, 93.00, '期中', '正常成绩', '2026-06-14 16:41:54', '2026-06-14 16:42:09', 0),
	(275, 16, 5, 89.00, '期中', '正常成绩', '2026-06-14 16:41:54', '2026-06-14 16:42:09', 0),
	(276, 16, 6, 81.00, '期中', '正常成绩', '2026-06-14 16:41:54', '2026-06-14 16:42:09', 0),
	(277, 17, 1, 105.00, '期中', '正常成绩', '2026-06-14 16:41:54', '2026-06-14 16:42:09', 0),
	(278, 17, 2, 89.00, '期中', '正常成绩', '2026-06-14 16:41:54', '2026-06-14 16:42:09', 0),
	(279, 17, 3, 115.00, '期中', '正常成绩', '2026-06-14 16:41:54', '2026-06-14 16:42:09', 0),
	(280, 17, 4, 76.00, '期中', '正常成绩', '2026-06-14 16:41:54', '2026-06-14 16:42:09', 0),
	(281, 17, 5, 80.00, '期中', '正常成绩', '2026-06-14 16:41:54', '2026-06-14 16:42:09', 0),
	(282, 17, 6, 61.00, '期中', '正常成绩', '2026-06-14 16:41:54', '2026-06-14 16:42:09', 0),
	(283, 18, 1, 93.00, '期中', '正常成绩', '2026-06-14 16:41:54', '2026-06-14 16:42:09', 0),
	(284, 18, 2, 93.00, '期中', '正常成绩', '2026-06-14 16:41:54', '2026-06-14 16:42:09', 0),
	(285, 18, 3, 86.00, '期中', '正常成绩', '2026-06-14 16:41:54', '2026-06-14 16:42:09', 0),
	(286, 18, 4, 73.00, '期中', '正常成绩', '2026-06-14 16:41:54', '2026-06-14 16:42:09', 0),
	(287, 18, 5, 61.00, '期中', '正常成绩', '2026-06-14 16:41:54', '2026-06-14 16:42:09', 0),
	(288, 18, 6, 62.00, '期中', '正常成绩', '2026-06-14 16:41:54', '2026-06-14 16:42:09', 0),
	(289, 19, 1, 126.00, '期中', '正常成绩', '2026-06-14 16:41:54', '2026-06-14 16:42:09', 0),
	(290, 19, 2, 116.00, '期中', '正常成绩', '2026-06-14 16:41:54', '2026-06-14 16:42:09', 0),
	(291, 19, 3, 131.00, '期中', '正常成绩', '2026-06-14 16:41:54', '2026-06-14 16:42:09', 0),
	(292, 19, 4, 81.00, '期中', '正常成绩', '2026-06-14 16:41:54', '2026-06-14 16:42:09', 0),
	(293, 19, 5, 90.00, '期中', '正常成绩', '2026-06-14 16:41:54', '2026-06-14 16:42:09', 0),
	(294, 19, 6, 82.00, '期中', '正常成绩', '2026-06-14 16:41:54', '2026-06-14 16:42:09', 0),
	(295, 20, 1, 99.00, '期中', '正常成绩', '2026-06-14 16:41:54', '2026-06-14 16:42:09', 0),
	(296, 20, 2, 85.00, '期中', '正常成绩', '2026-06-14 16:41:54', '2026-06-14 16:42:09', 0),
	(297, 20, 3, 111.00, '期中', '正常成绩', '2026-06-14 16:41:54', '2026-06-14 16:42:09', 0),
	(298, 20, 4, 61.00, '期中', '正常成绩', '2026-06-14 16:41:54', '2026-06-14 16:42:09', 0),
	(299, 20, 5, 68.00, '期中', '正常成绩', '2026-06-14 16:41:54', '2026-06-14 16:42:09', 0),
	(300, 20, 6, 78.00, '期中', '正常成绩', '2026-06-14 16:41:54', '2026-06-14 16:42:09', 0),
	(301, 21, 1, 117.00, '期中', '正常成绩', '2026-06-14 16:41:54', '2026-06-14 16:42:09', 0),
	(302, 21, 2, 103.00, '期中', '正常成绩', '2026-06-14 16:41:54', '2026-06-14 16:42:09', 0),
	(303, 21, 3, 120.00, '期中', '正常成绩', '2026-06-14 16:41:54', '2026-06-14 16:42:09', 0),
	(304, 21, 7, 74.00, '期中', '正常成绩', '2026-06-14 16:41:54', '2026-06-14 16:42:09', 0),
	(305, 21, 8, 62.00, '期中', '正常成绩', '2026-06-14 16:41:54', '2026-06-14 16:42:09', 0),
	(306, 21, 9, 74.00, '期中', '正常成绩', '2026-06-14 16:41:54', '2026-06-14 16:42:09', 0),
	(307, 22, 1, 113.00, '期中', '正常成绩', '2026-06-14 16:41:54', '2026-06-14 16:42:09', 0),
	(308, 22, 2, 103.00, '期中', '正常成绩', '2026-06-14 16:41:54', '2026-06-14 16:42:09', 0),
	(309, 22, 3, 87.00, '期中', '正常成绩', '2026-06-14 16:41:54', '2026-06-14 16:42:09', 0),
	(310, 22, 7, 64.00, '期中', '正常成绩', '2026-06-14 16:41:54', '2026-06-14 16:42:09', 0),
	(311, 22, 8, 59.00, '期中', '正常成绩', '2026-06-14 16:41:54', '2026-06-14 16:42:09', 0),
	(312, 22, 9, 57.00, '期中', '正常成绩', '2026-06-14 16:41:54', '2026-06-14 16:42:09', 0),
	(313, 23, 1, 134.00, '期中', '正常成绩', '2026-06-14 16:41:54', '2026-06-14 16:42:09', 0),
	(314, 23, 2, 105.00, '期中', '正常成绩', '2026-06-14 16:41:54', '2026-06-14 16:42:09', 0),
	(315, 23, 3, 109.00, '期中', '正常成绩', '2026-06-14 16:41:54', '2026-06-14 16:42:09', 0),
	(316, 23, 7, 86.00, '期中', '正常成绩', '2026-06-14 16:41:54', '2026-06-14 16:42:09', 0),
	(317, 23, 8, 83.00, '期中', '正常成绩', '2026-06-14 16:41:54', '2026-06-14 16:42:09', 0),
	(318, 23, 9, 63.00, '期中', '正常成绩', '2026-06-14 16:41:54', '2026-06-14 16:42:09', 0),
	(319, 24, 1, 135.00, '期中', '正常成绩', '2026-06-14 16:41:54', '2026-06-14 16:42:09', 0),
	(320, 24, 2, 130.00, '期中', '正常成绩', '2026-06-14 16:41:54', '2026-06-14 16:42:09', 0),
	(321, 24, 3, 131.00, '期中', '正常成绩', '2026-06-14 16:41:54', '2026-06-14 16:42:09', 0),
	(322, 24, 7, 88.00, '期中', '正常成绩', '2026-06-14 16:41:54', '2026-06-14 16:42:09', 0),
	(323, 24, 8, 95.00, '期中', '正常成绩', '2026-06-14 16:41:54', '2026-06-14 16:42:09', 0),
	(324, 24, 9, 74.00, '期中', '正常成绩', '2026-06-14 16:41:54', '2026-06-14 16:42:09', 0),
	(325, 25, 1, 68.00, '期中', '正常成绩', '2026-06-14 16:41:54', '2026-06-14 16:42:09', 0),
	(326, 25, 2, 76.00, '期中', '正常成绩', '2026-06-14 16:41:54', '2026-06-14 16:42:09', 0),
	(327, 25, 3, 76.00, '期中', '正常成绩', '2026-06-14 16:41:54', '2026-06-14 16:42:09', 0),
	(328, 25, 7, 56.00, '期中', '正常成绩', '2026-06-14 16:41:54', '2026-06-14 16:42:09', 0),
	(329, 25, 8, 40.00, '期中', '正常成绩', '2026-06-14 16:41:54', '2026-06-14 16:42:09', 0),
	(330, 25, 9, 39.00, '期中', '正常成绩', '2026-06-14 16:41:54', '2026-06-14 16:42:09', 0),
	(331, 26, 1, 130.00, '期中', '正常成绩', '2026-06-14 16:41:54', '2026-06-14 16:42:09', 0),
	(332, 26, 2, 115.00, '期中', '正常成绩', '2026-06-14 16:41:54', '2026-06-14 16:42:09', 0),
	(333, 26, 3, 131.00, '期中', '正常成绩', '2026-06-14 16:41:54', '2026-06-14 16:42:09', 0),
	(334, 26, 7, 85.00, '期中', '正常成绩', '2026-06-14 16:41:54', '2026-06-14 16:42:09', 0),
	(335, 26, 8, 90.00, '期中', '正常成绩', '2026-06-14 16:41:54', '2026-06-14 16:42:09', 0),
	(336, 26, 9, 100.00, '期中', '正常成绩', '2026-06-14 16:41:54', '2026-06-14 16:42:09', 0),
	(337, 27, 1, 91.00, '期中', '正常成绩', '2026-06-14 16:41:54', '2026-06-14 16:42:09', 0),
	(338, 27, 2, 91.00, '期中', '正常成绩', '2026-06-14 16:41:54', '2026-06-14 16:42:09', 0),
	(339, 27, 3, 99.00, '期中', '正常成绩', '2026-06-14 16:41:54', '2026-06-14 16:42:09', 0),
	(340, 27, 7, 78.00, '期中', '正常成绩', '2026-06-14 16:41:54', '2026-06-14 16:42:09', 0),
	(341, 27, 8, 86.00, '期中', '正常成绩', '2026-06-14 16:41:54', '2026-06-14 16:42:09', 0),
	(342, 27, 9, 59.00, '期中', '正常成绩', '2026-06-14 16:41:54', '2026-06-14 16:42:09', 0),
	(343, 28, 1, 89.00, '期中', '正常成绩', '2026-06-14 16:41:54', '2026-06-14 16:42:09', 0),
	(344, 28, 2, 115.00, '期中', '正常成绩', '2026-06-14 16:41:54', '2026-06-14 16:42:09', 0),
	(345, 28, 3, 106.00, '期中', '正常成绩', '2026-06-14 16:41:54', '2026-06-14 16:42:09', 0),
	(346, 28, 7, 55.00, '期中', '正常成绩', '2026-06-14 16:41:54', '2026-06-14 16:42:09', 0),
	(347, 28, 8, 79.00, '期中', '正常成绩', '2026-06-14 16:41:54', '2026-06-14 16:42:09', 0),
	(348, 28, 9, 66.00, '期中', '正常成绩', '2026-06-14 16:41:54', '2026-06-14 16:42:09', 0),
	(349, 29, 1, 124.00, '期中', '正常成绩', '2026-06-14 16:41:54', '2026-06-14 16:42:09', 0),
	(350, 29, 2, 116.00, '期中', '正常成绩', '2026-06-14 16:41:54', '2026-06-14 16:42:09', 0),
	(351, 29, 3, 124.00, '期中', '正常成绩', '2026-06-14 16:41:54', '2026-06-14 16:42:09', 0),
	(352, 29, 7, 91.00, '期中', '正常成绩', '2026-06-14 16:41:54', '2026-06-14 16:42:09', 0),
	(353, 29, 8, 97.00, '期中', '正常成绩', '2026-06-14 16:41:54', '2026-06-14 16:42:09', 0),
	(354, 29, 9, 100.00, '期中', '正常成绩', '2026-06-14 16:41:54', '2026-06-14 16:42:09', 0),
	(355, 30, 1, 98.00, '期中', '正常成绩', '2026-06-14 16:41:54', '2026-06-14 16:42:09', 0),
	(356, 30, 2, 98.00, '期中', '正常成绩', '2026-06-14 16:41:54', '2026-06-14 16:42:09', 0),
	(357, 30, 3, 95.00, '期中', '正常成绩', '2026-06-14 16:41:54', '2026-06-14 16:42:09', 0),
	(358, 30, 7, 87.00, '期中', '正常成绩', '2026-06-14 16:41:54', '2026-06-14 16:42:09', 0),
	(359, 30, 8, 58.00, '期中', '正常成绩', '2026-06-14 16:41:54', '2026-06-14 16:42:09', 0),
	(360, 30, 9, 73.00, '期中', '正常成绩', '2026-06-14 16:41:54', '2026-06-14 16:42:09', 0),
	(361, 1, 10, 106.00, '期末', '正常成绩', '2026-06-11 20:38:23', '2026-06-11 20:38:23', 0),
	(362, 1, 11, 88.00, '期末', '正常成绩', '2026-06-11 20:38:23', '2026-06-11 20:38:23', 0),
	(363, 1, 12, 98.00, '期末', '正常成绩', '2026-06-11 20:38:23', '2026-06-11 20:38:23', 0),
	(364, 1, 13, 88.00, '期末', '正常成绩', '2026-06-11 20:38:23', '2026-06-11 20:38:23', 0),
	(365, 1, 14, 73.00, '期末', '正常成绩', '2026-06-11 20:38:23', '2026-06-11 20:38:23', 0),
	(366, 1, 15, 87.00, '期末', '正常成绩', '2026-06-11 20:38:23', '2026-06-11 20:38:23', 0),
	(367, 2, 10, 131.00, '期末', '正常成绩', '2026-06-11 20:38:23', '2026-06-11 20:38:23', 0),
	(368, 2, 11, 139.00, '期末', '正常成绩', '2026-06-11 20:38:23', '2026-06-11 20:38:23', 0),
	(369, 2, 12, 126.00, '期末', '正常成绩', '2026-06-11 20:38:23', '2026-06-11 20:38:23', 0),
	(370, 2, 13, 94.00, '期末', '正常成绩', '2026-06-11 20:38:23', '2026-06-11 20:38:23', 0),
	(371, 2, 14, 89.00, '期末', '正常成绩', '2026-06-11 20:38:23', '2026-06-11 20:38:23', 0),
	(372, 2, 15, 100.00, '期末', '正常成绩', '2026-06-11 20:38:23', '2026-06-11 20:38:23', 0),
	(373, 3, 10, 134.00, '期末', '正常成绩', '2026-06-11 20:38:23', '2026-06-11 20:38:23', 0),
	(374, 3, 11, 115.00, '期末', '正常成绩', '2026-06-11 20:38:23', '2026-06-11 20:38:23', 0),
	(375, 3, 12, 138.00, '期末', '正常成绩', '2026-06-11 20:38:23', '2026-06-11 20:38:23', 0),
	(376, 3, 13, 92.00, '期末', '正常成绩', '2026-06-11 20:38:23', '2026-06-11 20:38:23', 0),
	(377, 3, 14, 89.00, '期末', '正常成绩', '2026-06-11 20:38:23', '2026-06-11 20:38:23', 0),
	(378, 3, 15, 68.00, '期末', '正常成绩', '2026-06-11 20:38:23', '2026-06-11 20:38:23', 0),
	(379, 4, 10, 102.00, '期末', '正常成绩', '2026-06-11 20:38:23', '2026-06-11 20:38:23', 0),
	(380, 4, 11, 102.00, '期末', '正常成绩', '2026-06-11 20:38:23', '2026-06-11 20:38:23', 0),
	(381, 4, 12, 117.00, '期末', '正常成绩', '2026-06-11 20:38:23', '2026-06-11 20:38:23', 0),
	(382, 4, 13, 84.00, '期末', '正常成绩', '2026-06-11 20:38:23', '2026-06-11 20:38:23', 0),
	(383, 4, 14, 80.00, '期末', '正常成绩', '2026-06-11 20:38:23', '2026-06-11 20:38:23', 0),
	(384, 4, 15, 73.00, '期末', '正常成绩', '2026-06-11 20:38:23', '2026-06-11 20:38:23', 0),
	(385, 5, 10, 131.00, '期末', '正常成绩', '2026-06-11 20:38:23', '2026-06-11 20:38:23', 0),
	(386, 5, 11, 126.00, '期末', '正常成绩', '2026-06-11 20:38:23', '2026-06-11 20:38:23', 0),
	(387, 5, 12, 126.00, '期末', '正常成绩', '2026-06-11 20:38:23', '2026-06-11 20:38:23', 0),
	(388, 5, 13, 92.00, '期末', '正常成绩', '2026-06-11 20:38:23', '2026-06-11 20:38:23', 0),
	(389, 5, 14, 60.00, '期末', '正常成绩', '2026-06-11 20:38:23', '2026-06-11 20:38:23', 0),
	(390, 5, 15, 95.00, '期末', '正常成绩', '2026-06-11 20:38:23', '2026-06-11 20:38:23', 0),
	(391, 6, 10, 91.00, '期末', '正常成绩', '2026-06-11 20:38:23', '2026-06-11 20:38:23', 0),
	(392, 6, 11, 109.00, '期末', '正常成绩', '2026-06-11 20:38:23', '2026-06-11 20:38:23', 0),
	(393, 6, 12, 103.00, '期末', '正常成绩', '2026-06-11 20:38:23', '2026-06-11 20:38:23', 0),
	(394, 6, 13, 65.00, '期末', '正常成绩', '2026-06-11 20:38:23', '2026-06-11 20:38:23', 0),
	(395, 6, 14, 69.00, '期末', '正常成绩', '2026-06-11 20:38:23', '2026-06-11 20:38:23', 0),
	(396, 6, 15, 81.00, '期末', '正常成绩', '2026-06-11 20:38:23', '2026-06-11 20:38:23', 0),
	(397, 7, 10, 129.00, '期末', '正常成绩', '2026-06-11 20:38:23', '2026-06-11 20:38:23', 0),
	(398, 7, 11, 138.00, '期末', '正常成绩', '2026-06-11 20:38:23', '2026-06-11 20:38:23', 0),
	(399, 7, 12, 124.00, '期末', '正常成绩', '2026-06-11 20:38:23', '2026-06-11 20:38:23', 0),
	(400, 7, 13, 82.00, '期末', '正常成绩', '2026-06-11 20:38:23', '2026-06-11 20:38:23', 0),
	(401, 7, 14, 95.00, '期末', '正常成绩', '2026-06-11 20:38:23', '2026-06-11 20:38:23', 0),
	(402, 7, 15, 96.00, '期末', '正常成绩', '2026-06-11 20:38:23', '2026-06-11 20:38:23', 0),
	(403, 8, 10, 95.00, '期末', '正常成绩', '2026-06-11 20:38:23', '2026-06-11 20:38:23', 0),
	(404, 8, 11, 107.00, '期末', '正常成绩', '2026-06-11 20:38:23', '2026-06-11 20:38:23', 0),
	(405, 8, 12, 90.00, '期末', '正常成绩', '2026-06-11 20:38:23', '2026-06-11 20:38:23', 0),
	(406, 8, 13, 78.00, '期末', '正常成绩', '2026-06-11 20:38:23', '2026-06-11 20:38:23', 0),
	(407, 8, 14, 82.00, '期末', '正常成绩', '2026-06-11 20:38:23', '2026-06-11 20:38:23', 0),
	(408, 8, 15, 64.00, '期末', '正常成绩', '2026-06-11 20:38:23', '2026-06-11 20:38:23', 0),
	(409, 9, 10, 118.00, '期末', '正常成绩', '2026-06-11 20:38:23', '2026-06-11 20:38:23', 0),
	(410, 9, 11, 88.00, '期末', '正常成绩', '2026-06-11 20:38:23', '2026-06-11 20:38:23', 0),
	(411, 9, 12, 99.00, '期末', '正常成绩', '2026-06-11 20:38:23', '2026-06-11 20:38:23', 0),
	(412, 9, 13, 89.00, '期末', '正常成绩', '2026-06-11 20:38:23', '2026-06-11 20:38:23', 0),
	(413, 9, 14, 71.00, '期末', '正常成绩', '2026-06-11 20:38:23', '2026-06-11 20:38:23', 0),
	(414, 9, 15, 85.00, '期末', '正常成绩', '2026-06-11 20:38:23', '2026-06-11 20:38:23', 0),
	(415, 10, 10, 93.00, '期末', '正常成绩', '2026-06-11 20:38:23', '2026-06-11 20:38:23', 0),
	(416, 10, 11, 107.00, '期末', '正常成绩', '2026-06-11 20:38:23', '2026-06-11 20:38:23', 0),
	(417, 10, 12, 105.00, '期末', '正常成绩', '2026-06-11 20:38:23', '2026-06-11 20:38:23', 0),
	(418, 10, 13, 78.00, '期末', '正常成绩', '2026-06-11 20:38:23', '2026-06-11 20:38:23', 0),
	(419, 10, 14, 76.00, '期末', '正常成绩', '2026-06-11 20:38:23', '2026-06-11 20:38:23', 0),
	(420, 10, 15, 78.00, '期末', '正常成绩', '2026-06-11 20:38:23', '2026-06-11 20:38:23', 0),
	(421, 11, 10, 62.00, '期末', '正常成绩', '2026-06-11 20:38:23', '2026-06-11 20:38:23', 0),
	(422, 11, 11, 61.00, '期末', '正常成绩', '2026-06-11 20:38:23', '2026-06-11 20:38:23', 0),
	(423, 11, 12, 68.00, '期末', '正常成绩', '2026-06-11 20:38:23', '2026-06-11 20:38:23', 0),
	(424, 11, 13, 61.00, '期末', '正常成绩', '2026-06-11 20:38:23', '2026-06-11 20:38:23', 0),
	(425, 11, 14, 38.00, '期末', '正常成绩', '2026-06-11 20:38:23', '2026-06-11 20:38:23', 0),
	(426, 11, 15, 49.00, '期末', '正常成绩', '2026-06-11 20:38:23', '2026-06-11 20:38:23', 0),
	(427, 12, 10, 63.00, '期末', '正常成绩', '2026-06-11 20:38:23', '2026-06-11 20:38:23', 0),
	(428, 12, 11, 56.00, '期末', '正常成绩', '2026-06-11 20:38:23', '2026-06-11 20:38:23', 0),
	(429, 12, 12, 69.00, '期末', '正常成绩', '2026-06-11 20:38:23', '2026-06-11 20:38:23', 0),
	(430, 12, 13, 61.00, '期末', '正常成绩', '2026-06-11 20:38:23', '2026-06-11 20:38:23', 0),
	(431, 12, 14, 37.00, '期末', '正常成绩', '2026-06-11 20:38:23', '2026-06-11 20:38:23', 0),
	(432, 12, 15, 42.00, '期末', '正常成绩', '2026-06-11 20:38:23', '2026-06-11 20:38:23', 0),
	(433, 13, 10, 130.00, '期末', '正常成绩', '2026-06-11 20:38:23', '2026-06-11 20:38:23', 0),
	(434, 13, 11, 124.00, '期末', '正常成绩', '2026-06-11 20:38:23', '2026-06-11 20:38:23', 0),
	(435, 13, 12, 125.00, '期末', '正常成绩', '2026-06-11 20:38:23', '2026-06-11 20:38:23', 0),
	(436, 13, 13, 92.00, '期末', '正常成绩', '2026-06-11 20:38:23', '2026-06-11 20:38:23', 0),
	(437, 13, 14, 98.00, '期末', '正常成绩', '2026-06-11 20:38:23', '2026-06-11 20:38:23', 0),
	(438, 13, 15, 64.00, '期末', '正常成绩', '2026-06-11 20:38:23', '2026-06-11 20:38:23', 0),
	(439, 14, 10, 134.00, '期末', '正常成绩', '2026-06-11 20:38:23', '2026-06-11 20:38:23', 0),
	(440, 14, 11, 121.00, '期末', '正常成绩', '2026-06-11 20:38:23', '2026-06-11 20:38:23', 0),
	(441, 14, 12, 134.00, '期末', '正常成绩', '2026-06-11 20:38:23', '2026-06-11 20:38:23', 0),
	(442, 14, 13, 92.00, '期末', '正常成绩', '2026-06-11 20:38:23', '2026-06-11 20:38:23', 0),
	(443, 14, 14, 100.00, '期末', '正常成绩', '2026-06-11 20:38:23', '2026-06-11 20:38:23', 0),
	(444, 14, 15, 84.00, '期末', '正常成绩', '2026-06-11 20:38:23', '2026-06-11 20:38:23', 0),
	(445, 15, 10, 100.00, '期末', '正常成绩', '2026-06-11 20:38:23', '2026-06-11 20:38:23', 0),
	(446, 15, 11, 101.00, '期末', '正常成绩', '2026-06-11 20:38:23', '2026-06-11 20:38:23', 0),
	(447, 15, 12, 118.00, '期末', '正常成绩', '2026-06-11 20:38:23', '2026-06-11 20:38:23', 0),
	(448, 15, 13, 69.00, '期末', '正常成绩', '2026-06-11 20:38:23', '2026-06-11 20:38:23', 0),
	(449, 15, 14, 83.00, '期末', '正常成绩', '2026-06-11 20:38:23', '2026-06-11 20:38:23', 0),
	(450, 15, 15, 68.00, '期末', '正常成绩', '2026-06-11 20:38:23', '2026-06-11 20:38:23', 0),
	(451, 16, 10, 124.00, '期末', '正常成绩', '2026-06-11 20:38:23', '2026-06-11 20:38:23', 0),
	(452, 16, 11, 126.00, '期末', '正常成绩', '2026-06-11 20:38:23', '2026-06-11 20:38:23', 0),
	(453, 16, 12, 100.00, '期末', '正常成绩', '2026-06-11 20:38:23', '2026-06-11 20:38:23', 0),
	(454, 16, 13, 86.00, '期末', '正常成绩', '2026-06-11 20:38:23', '2026-06-11 20:38:23', 0),
	(455, 16, 14, 83.00, '期末', '正常成绩', '2026-06-11 20:38:23', '2026-06-11 20:38:23', 0),
	(456, 16, 15, 87.00, '期末', '正常成绩', '2026-06-11 20:38:23', '2026-06-11 20:38:23', 0),
	(457, 17, 10, 97.00, '期末', '正常成绩', '2026-06-11 20:38:23', '2026-06-11 20:38:23', 0),
	(458, 17, 11, 108.00, '期末', '正常成绩', '2026-06-11 20:38:23', '2026-06-11 20:38:23', 0),
	(459, 17, 12, 105.00, '期末', '正常成绩', '2026-06-11 20:38:23', '2026-06-11 20:38:23', 0),
	(460, 17, 13, 67.00, '期末', '正常成绩', '2026-06-11 20:38:23', '2026-06-11 20:38:23', 0),
	(461, 17, 14, 67.00, '期末', '正常成绩', '2026-06-11 20:38:23', '2026-06-11 20:38:23', 0),
	(462, 17, 15, 63.00, '期末', '正常成绩', '2026-06-11 20:38:23', '2026-06-11 20:38:23', 0),
	(463, 18, 10, 101.00, '期末', '正常成绩', '2026-06-11 20:38:23', '2026-06-11 20:38:23', 0),
	(464, 18, 11, 84.00, '期末', '正常成绩', '2026-06-11 20:38:23', '2026-06-11 20:38:23', 0),
	(465, 18, 12, 98.00, '期末', '正常成绩', '2026-06-11 20:38:23', '2026-06-11 20:38:23', 0),
	(466, 18, 13, 83.00, '期末', '正常成绩', '2026-06-11 20:38:23', '2026-06-11 20:38:23', 0),
	(467, 18, 14, 60.00, '期末', '正常成绩', '2026-06-11 20:38:23', '2026-06-11 20:38:23', 0),
	(468, 18, 15, 64.00, '期末', '正常成绩', '2026-06-11 20:38:23', '2026-06-11 20:38:23', 0),
	(469, 19, 10, 127.00, '期末', '正常成绩', '2026-06-11 20:38:23', '2026-06-11 20:38:23', 0),
	(470, 19, 11, 127.00, '期末', '正常成绩', '2026-06-11 20:38:23', '2026-06-11 20:38:23', 0),
	(471, 19, 12, 137.00, '期末', '正常成绩', '2026-06-11 20:38:23', '2026-06-11 20:38:23', 0),
	(472, 19, 13, 100.00, '期末', '正常成绩', '2026-06-11 20:38:23', '2026-06-11 20:38:23', 0),
	(473, 19, 14, 92.00, '期末', '正常成绩', '2026-06-11 20:38:23', '2026-06-11 20:38:23', 0),
	(474, 19, 15, 76.00, '期末', '正常成绩', '2026-06-11 20:38:23', '2026-06-11 20:38:23', 0),
	(475, 20, 10, 119.00, '期末', '正常成绩', '2026-06-11 20:38:23', '2026-06-11 20:38:23', 0),
	(476, 20, 11, 96.00, '期末', '正常成绩', '2026-06-11 20:38:23', '2026-06-11 20:38:23', 0),
	(477, 20, 12, 109.00, '期末', '正常成绩', '2026-06-11 20:38:23', '2026-06-11 20:38:23', 0),
	(478, 20, 13, 59.00, '期末', '正常成绩', '2026-06-11 20:38:23', '2026-06-11 20:38:23', 0),
	(479, 20, 14, 69.00, '期末', '正常成绩', '2026-06-11 20:38:23', '2026-06-11 20:38:23', 0),
	(480, 20, 15, 61.00, '期末', '正常成绩', '2026-06-11 20:38:23', '2026-06-11 20:38:23', 0),
	(481, 21, 10, 98.00, '期末', '正常成绩', '2026-06-11 20:38:23', '2026-06-11 20:38:23', 0),
	(482, 21, 11, 108.00, '期末', '正常成绩', '2026-06-11 20:38:23', '2026-06-11 20:38:23', 0),
	(483, 21, 12, 103.00, '期末', '正常成绩', '2026-06-11 20:38:23', '2026-06-11 20:38:23', 0),
	(484, 21, 16, 84.00, '期末', '正常成绩', '2026-06-11 20:38:23', '2026-06-11 20:38:23', 0),
	(485, 21, 17, 61.00, '期末', '正常成绩', '2026-06-11 20:38:23', '2026-06-11 20:38:23', 0),
	(486, 21, 18, 81.00, '期末', '正常成绩', '2026-06-11 20:38:23', '2026-06-11 20:38:23', 0),
	(487, 22, 10, 107.00, '期末', '正常成绩', '2026-06-11 20:38:23', '2026-06-11 20:38:23', 0),
	(488, 22, 11, 115.00, '期末', '正常成绩', '2026-06-11 20:38:23', '2026-06-11 20:38:23', 0),
	(489, 22, 12, 103.00, '期末', '正常成绩', '2026-06-11 20:38:23', '2026-06-11 20:38:23', 0),
	(490, 22, 16, 81.00, '期末', '正常成绩', '2026-06-11 20:38:23', '2026-06-11 20:38:23', 0),
	(491, 22, 17, 71.00, '期末', '正常成绩', '2026-06-11 20:38:23', '2026-06-11 20:38:23', 0),
	(492, 22, 18, 78.00, '期末', '正常成绩', '2026-06-11 20:38:23', '2026-06-11 20:38:23', 0),
	(493, 23, 10, 128.00, '期末', '正常成绩', '2026-06-11 20:38:23', '2026-06-11 20:38:23', 0),
	(494, 23, 11, 111.00, '期末', '正常成绩', '2026-06-11 20:38:23', '2026-06-11 20:38:23', 0),
	(495, 23, 12, 125.00, '期末', '正常成绩', '2026-06-11 20:38:23', '2026-06-11 20:38:23', 0),
	(496, 23, 16, 90.00, '期末', '正常成绩', '2026-06-11 20:38:23', '2026-06-11 20:38:23', 0),
	(497, 23, 17, 88.00, '期末', '正常成绩', '2026-06-11 20:38:23', '2026-06-11 20:38:23', 0),
	(498, 23, 18, 89.00, '期末', '正常成绩', '2026-06-11 20:38:23', '2026-06-11 20:38:23', 0),
	(499, 24, 10, 138.00, '期末', '正常成绩', '2026-06-11 20:38:23', '2026-06-11 20:38:23', 0),
	(500, 24, 11, 140.00, '期末', '正常成绩', '2026-06-11 20:38:23', '2026-06-11 20:38:23', 0),
	(501, 24, 12, 132.00, '期末', '正常成绩', '2026-06-11 20:38:23', '2026-06-11 20:38:23', 0),
	(502, 24, 16, 97.00, '期末', '正常成绩', '2026-06-11 20:38:23', '2026-06-11 20:38:23', 0),
	(503, 24, 17, 90.00, '期末', '正常成绩', '2026-06-11 20:38:23', '2026-06-11 20:38:23', 0),
	(504, 24, 18, 72.00, '期末', '正常成绩', '2026-06-11 20:38:23', '2026-06-11 20:38:23', 0),
	(505, 25, 10, 81.00, '期末', '正常成绩', '2026-06-11 20:38:23', '2026-06-11 20:38:23', 0),
	(506, 25, 11, 61.00, '期末', '正常成绩', '2026-06-11 20:38:23', '2026-06-11 20:38:23', 0),
	(507, 25, 12, 102.00, '期末', '正常成绩', '2026-06-11 20:38:23', '2026-06-11 20:38:23', 0),
	(508, 25, 16, 27.00, '期末', '正常成绩', '2026-06-11 20:38:23', '2026-06-11 20:38:23', 0),
	(509, 25, 17, 43.00, '期末', '正常成绩', '2026-06-11 20:38:23', '2026-06-11 20:38:23', 0),
	(510, 25, 18, 40.00, '期末', '正常成绩', '2026-06-11 20:38:23', '2026-06-11 20:38:23', 0),
	(511, 26, 10, 122.00, '期末', '正常成绩', '2026-06-11 20:38:23', '2026-06-11 20:38:23', 0),
	(512, 26, 11, 119.00, '期末', '正常成绩', '2026-06-11 20:38:23', '2026-06-11 20:38:23', 0),
	(513, 26, 12, 113.00, '期末', '正常成绩', '2026-06-11 20:38:23', '2026-06-11 20:38:23', 0),
	(514, 26, 16, 100.00, '期末', '正常成绩', '2026-06-11 20:38:23', '2026-06-11 20:38:23', 0),
	(515, 26, 17, 96.00, '期末', '正常成绩', '2026-06-11 20:38:23', '2026-06-11 20:38:23', 0),
	(516, 26, 18, 89.00, '期末', '正常成绩', '2026-06-11 20:38:23', '2026-06-11 20:38:23', 0),
	(517, 27, 10, 104.00, '期末', '正常成绩', '2026-06-11 20:38:23', '2026-06-11 20:38:23', 0),
	(518, 27, 11, 105.00, '期末', '正常成绩', '2026-06-11 20:38:23', '2026-06-11 20:38:23', 0),
	(519, 27, 12, 88.00, '期末', '正常成绩', '2026-06-11 20:38:23', '2026-06-11 20:38:23', 0),
	(520, 27, 16, 68.00, '期末', '正常成绩', '2026-06-11 20:38:23', '2026-06-11 20:38:23', 0),
	(521, 27, 17, 61.00, '期末', '正常成绩', '2026-06-11 20:38:23', '2026-06-11 20:38:23', 0),
	(522, 27, 18, 70.00, '期末', '正常成绩', '2026-06-11 20:38:23', '2026-06-11 20:38:23', 0),
	(523, 28, 10, 108.00, '期末', '正常成绩', '2026-06-11 20:38:23', '2026-06-11 20:38:23', 0),
	(524, 28, 11, 112.00, '期末', '正常成绩', '2026-06-11 20:38:23', '2026-06-11 20:38:23', 0),
	(525, 28, 12, 99.00, '期末', '正常成绩', '2026-06-11 20:38:23', '2026-06-11 20:38:23', 0),
	(526, 28, 16, 58.00, '期末', '正常成绩', '2026-06-11 20:38:23', '2026-06-11 20:38:23', 0),
	(527, 28, 17, 83.00, '期末', '正常成绩', '2026-06-11 20:38:23', '2026-06-11 20:38:23', 0),
	(528, 28, 18, 64.00, '期末', '正常成绩', '2026-06-11 20:38:23', '2026-06-11 20:38:23', 0),
	(529, 29, 10, 129.00, '期末', '正常成绩', '2026-06-11 20:38:23', '2026-06-11 20:38:23', 0),
	(530, 29, 11, 123.00, '期末', '正常成绩', '2026-06-11 20:38:23', '2026-06-11 20:38:23', 0),
	(531, 29, 12, 109.00, '期末', '正常成绩', '2026-06-11 20:38:23', '2026-06-11 20:38:23', 0),
	(532, 29, 16, 98.00, '期末', '正常成绩', '2026-06-11 20:38:23', '2026-06-11 20:38:23', 0),
	(533, 29, 17, 97.00, '期末', '正常成绩', '2026-06-11 20:38:23', '2026-06-11 20:38:23', 0),
	(534, 29, 18, 85.00, '期末', '正常成绩', '2026-06-11 20:38:23', '2026-06-11 20:38:23', 0),
	(535, 30, 10, 124.00, '期末', '正常成绩', '2026-06-11 20:38:23', '2026-06-11 20:38:23', 0),
	(536, 30, 11, 117.00, '期末', '正常成绩', '2026-06-11 20:38:23', '2026-06-11 20:38:23', 0),
	(537, 30, 12, 95.00, '期末', '正常成绩', '2026-06-11 20:38:23', '2026-06-11 20:38:23', 0),
	(538, 30, 16, 65.00, '期末', '正常成绩', '2026-06-11 20:38:23', '2026-06-11 20:38:23', 0),
	(539, 30, 17, 80.00, '期末', '正常成绩', '2026-06-11 20:38:23', '2026-06-11 20:38:23', 0),
	(540, 30, 18, 73.00, '期末', '正常成绩', '2026-06-11 20:38:23', '2026-06-11 20:38:23', 0),
	(541, 1, 10, 98.00, '期中', '正常成绩', '2026-06-14 16:41:54', '2026-06-14 16:42:09', 0),
	(542, 1, 11, 110.00, '期中', '正常成绩', '2026-06-14 16:41:54', '2026-06-14 16:42:09', 0),
	(543, 1, 12, 94.00, '期中', '正常成绩', '2026-06-14 16:41:54', '2026-06-14 16:42:09', 0),
	(544, 1, 13, 59.00, '期中', '正常成绩', '2026-06-14 16:41:54', '2026-06-14 16:42:09', 0),
	(545, 1, 14, 71.00, '期中', '正常成绩', '2026-06-14 16:41:54', '2026-06-14 16:42:09', 0),
	(546, 1, 15, 84.00, '期中', '正常成绩', '2026-06-14 16:41:54', '2026-06-14 16:42:09', 0),
	(547, 2, 10, 124.00, '期中', '正常成绩', '2026-06-14 16:41:54', '2026-06-14 16:42:09', 0),
	(548, 2, 11, 131.00, '期中', '正常成绩', '2026-06-14 16:41:54', '2026-06-14 16:42:09', 0),
	(549, 2, 12, 119.00, '期中', '正常成绩', '2026-06-14 16:41:54', '2026-06-14 16:42:09', 0),
	(550, 2, 13, 78.00, '期中', '正常成绩', '2026-06-14 16:41:54', '2026-06-14 16:42:09', 0),
	(551, 2, 14, 100.00, '期中', '正常成绩', '2026-06-14 16:41:54', '2026-06-14 16:42:09', 0),
	(552, 2, 15, 96.00, '期中', '正常成绩', '2026-06-14 16:41:54', '2026-06-14 16:42:09', 0),
	(553, 3, 10, 137.00, '期中', '正常成绩', '2026-06-14 16:41:54', '2026-06-14 16:42:09', 0),
	(554, 3, 11, 124.00, '期中', '正常成绩', '2026-06-14 16:41:54', '2026-06-14 16:42:09', 0),
	(555, 3, 12, 124.00, '期中', '正常成绩', '2026-06-14 16:41:54', '2026-06-14 16:42:09', 0),
	(556, 3, 13, 80.00, '期中', '正常成绩', '2026-06-14 16:41:54', '2026-06-14 16:42:09', 0),
	(557, 3, 14, 62.00, '期中', '正常成绩', '2026-06-14 16:41:54', '2026-06-14 16:42:09', 0),
	(558, 3, 15, 76.00, '期中', '正常成绩', '2026-06-14 16:41:54', '2026-06-14 16:42:09', 0),
	(559, 4, 10, 105.00, '期中', '正常成绩', '2026-06-14 16:41:54', '2026-06-14 16:42:09', 0),
	(560, 4, 11, 92.00, '期中', '正常成绩', '2026-06-14 16:41:54', '2026-06-14 16:42:09', 0),
	(561, 4, 12, 97.00, '期中', '正常成绩', '2026-06-14 16:41:54', '2026-06-14 16:42:09', 0),
	(562, 4, 13, 77.00, '期中', '正常成绩', '2026-06-14 16:41:54', '2026-06-14 16:42:09', 0),
	(563, 4, 14, 72.00, '期中', '正常成绩', '2026-06-14 16:41:54', '2026-06-14 16:42:09', 0),
	(564, 4, 15, 67.00, '期中', '正常成绩', '2026-06-14 16:41:54', '2026-06-14 16:42:09', 0),
	(565, 5, 10, 120.00, '期中', '正常成绩', '2026-06-14 16:41:54', '2026-06-14 16:42:09', 0),
	(566, 5, 11, 125.00, '期中', '正常成绩', '2026-06-14 16:41:54', '2026-06-14 16:42:09', 0),
	(567, 5, 12, 115.00, '期中', '正常成绩', '2026-06-14 16:41:54', '2026-06-14 16:42:09', 0),
	(568, 5, 13, 100.00, '期中', '正常成绩', '2026-06-14 16:41:54', '2026-06-14 16:42:09', 0),
	(569, 5, 14, 88.00, '期中', '正常成绩', '2026-06-14 16:41:54', '2026-06-14 16:42:09', 0),
	(570, 5, 15, 93.00, '期中', '正常成绩', '2026-06-14 16:41:54', '2026-06-14 16:42:09', 0),
	(571, 6, 10, 88.00, '期中', '正常成绩', '2026-06-14 16:41:54', '2026-06-14 16:42:09', 0),
	(572, 6, 11, 112.00, '期中', '正常成绩', '2026-06-14 16:41:54', '2026-06-14 16:42:09', 0),
	(573, 6, 12, 89.00, '期中', '正常成绩', '2026-06-14 16:41:54', '2026-06-14 16:42:09', 0),
	(574, 6, 13, 67.00, '期中', '正常成绩', '2026-06-14 16:41:54', '2026-06-14 16:42:09', 0),
	(575, 6, 14, 69.00, '期中', '正常成绩', '2026-06-14 16:41:54', '2026-06-14 16:42:09', 0),
	(576, 6, 15, 75.00, '期中', '正常成绩', '2026-06-14 16:41:54', '2026-06-14 16:42:09', 0),
	(577, 7, 10, 119.00, '期中', '正常成绩', '2026-06-14 16:41:54', '2026-06-14 16:42:09', 0),
	(578, 7, 11, 122.00, '期中', '正常成绩', '2026-06-14 16:41:54', '2026-06-14 16:42:09', 0),
	(579, 7, 12, 139.00, '期中', '正常成绩', '2026-06-14 16:41:54', '2026-06-14 16:42:09', 0),
	(580, 7, 13, 83.00, '期中', '正常成绩', '2026-06-14 16:41:54', '2026-06-14 16:42:09', 0),
	(581, 7, 14, 86.00, '期中', '正常成绩', '2026-06-14 16:41:54', '2026-06-14 16:42:09', 0),
	(582, 7, 15, 87.00, '期中', '正常成绩', '2026-06-14 16:41:54', '2026-06-14 16:42:09', 0),
	(583, 8, 10, 88.00, '期中', '正常成绩', '2026-06-14 16:41:54', '2026-06-14 16:42:09', 0),
	(584, 8, 11, 91.00, '期中', '正常成绩', '2026-06-14 16:41:54', '2026-06-14 16:42:09', 0),
	(585, 8, 12, 113.00, '期中', '正常成绩', '2026-06-14 16:41:54', '2026-06-14 16:42:09', 0),
	(586, 8, 13, 77.00, '期中', '正常成绩', '2026-06-14 16:41:54', '2026-06-14 16:42:09', 0),
	(587, 8, 14, 65.00, '期中', '正常成绩', '2026-06-14 16:41:54', '2026-06-14 16:42:09', 0),
	(588, 8, 15, 60.00, '期中', '正常成绩', '2026-06-14 16:41:54', '2026-06-14 16:42:09', 0),
	(589, 9, 10, 88.00, '期中', '正常成绩', '2026-06-14 16:41:54', '2026-06-14 16:42:09', 0),
	(590, 9, 11, 107.00, '期中', '正常成绩', '2026-06-14 16:41:54', '2026-06-14 16:42:09', 0),
	(591, 9, 12, 109.00, '期中', '正常成绩', '2026-06-14 16:41:54', '2026-06-14 16:42:09', 0),
	(592, 9, 13, 63.00, '期中', '正常成绩', '2026-06-14 16:41:54', '2026-06-14 16:42:09', 0),
	(593, 9, 14, 75.00, '期中', '正常成绩', '2026-06-14 16:41:54', '2026-06-14 16:42:09', 0),
	(594, 9, 15, 83.00, '期中', '正常成绩', '2026-06-14 16:41:54', '2026-06-14 16:42:09', 0),
	(595, 10, 10, 86.00, '期中', '正常成绩', '2026-06-14 16:41:54', '2026-06-14 16:42:09', 0),
	(596, 10, 11, 87.00, '期中', '正常成绩', '2026-06-14 16:41:54', '2026-06-14 16:42:09', 0),
	(597, 10, 12, 114.00, '期中', '正常成绩', '2026-06-14 16:41:54', '2026-06-14 16:42:09', 0),
	(598, 10, 13, 66.00, '期中', '正常成绩', '2026-06-14 16:41:54', '2026-06-14 16:42:09', 0),
	(599, 10, 14, 70.00, '期中', '正常成绩', '2026-06-14 16:41:54', '2026-06-14 16:42:09', 0),
	(600, 10, 15, 75.00, '期中', '正常成绩', '2026-06-14 16:41:54', '2026-06-14 16:42:09', 0),
	(601, 11, 10, 85.00, '期中', '正常成绩', '2026-06-14 16:41:54', '2026-06-14 16:42:09', 0),
	(602, 11, 11, 63.00, '期中', '正常成绩', '2026-06-14 16:41:54', '2026-06-14 16:42:09', 0),
	(603, 11, 12, 87.00, '期中', '正常成绩', '2026-06-14 16:41:54', '2026-06-14 16:42:09', 0),
	(604, 11, 13, 39.00, '期中', '正常成绩', '2026-06-14 16:41:54', '2026-06-14 16:42:09', 0),
	(605, 11, 14, 54.00, '期中', '正常成绩', '2026-06-14 16:41:54', '2026-06-14 16:42:09', 0),
	(606, 11, 15, 43.00, '期中', '正常成绩', '2026-06-14 16:41:54', '2026-06-14 16:42:09', 0),
	(607, 12, 10, 65.00, '期中', '正常成绩', '2026-06-14 16:41:54', '2026-06-14 16:42:09', 0),
	(608, 12, 11, 76.00, '期中', '正常成绩', '2026-06-14 16:41:54', '2026-06-14 16:42:09', 0),
	(609, 12, 12, 63.00, '期中', '正常成绩', '2026-06-14 16:41:54', '2026-06-14 16:42:09', 0),
	(610, 12, 13, 42.00, '期中', '正常成绩', '2026-06-14 16:41:54', '2026-06-14 16:42:09', 0),
	(611, 12, 14, 41.00, '期中', '正常成绩', '2026-06-14 16:41:54', '2026-06-14 16:42:09', 0),
	(612, 12, 15, 51.00, '期中', '正常成绩', '2026-06-14 16:41:54', '2026-06-14 16:42:09', 0),
	(613, 13, 10, 127.00, '期中', '正常成绩', '2026-06-14 16:41:54', '2026-06-14 16:42:09', 0),
	(614, 13, 11, 116.00, '期中', '正常成绩', '2026-06-14 16:41:54', '2026-06-14 16:42:09', 0),
	(615, 13, 12, 118.00, '期中', '正常成绩', '2026-06-14 16:41:54', '2026-06-14 16:42:09', 0),
	(616, 13, 13, 100.00, '期中', '正常成绩', '2026-06-14 16:41:54', '2026-06-14 16:42:09', 0),
	(617, 13, 14, 86.00, '期中', '正常成绩', '2026-06-14 16:41:54', '2026-06-14 16:42:09', 0),
	(618, 13, 15, 82.00, '期中', '正常成绩', '2026-06-14 16:41:54', '2026-06-14 16:42:09', 0),
	(619, 14, 10, 137.00, '期中', '正常成绩', '2026-06-14 16:41:54', '2026-06-14 16:42:09', 0),
	(620, 14, 11, 112.00, '期中', '正常成绩', '2026-06-14 16:41:54', '2026-06-14 16:42:09', 0),
	(621, 14, 12, 126.00, '期中', '正常成绩', '2026-06-14 16:41:54', '2026-06-14 16:42:09', 0),
	(622, 14, 13, 100.00, '期中', '正常成绩', '2026-06-14 16:41:54', '2026-06-14 16:42:09', 0),
	(623, 14, 14, 74.00, '期中', '正常成绩', '2026-06-14 16:41:54', '2026-06-14 16:42:09', 0),
	(624, 14, 15, 92.00, '期中', '正常成绩', '2026-06-14 16:41:54', '2026-06-14 16:42:09', 0),
	(625, 15, 10, 110.00, '期中', '正常成绩', '2026-06-14 16:41:54', '2026-06-14 16:42:09', 0),
	(626, 15, 11, 93.00, '期中', '正常成绩', '2026-06-14 16:41:54', '2026-06-14 16:42:09', 0),
	(627, 15, 12, 81.00, '期中', '正常成绩', '2026-06-14 16:41:54', '2026-06-14 16:42:09', 0),
	(628, 15, 13, 72.00, '期中', '正常成绩', '2026-06-14 16:41:54', '2026-06-14 16:42:09', 0),
	(629, 15, 14, 86.00, '期中', '正常成绩', '2026-06-14 16:41:54', '2026-06-14 16:42:09', 0),
	(630, 15, 15, 57.00, '期中', '正常成绩', '2026-06-14 16:41:54', '2026-06-14 16:42:09', 0),
	(631, 16, 10, 122.00, '期中', '正常成绩', '2026-06-14 16:41:54', '2026-06-14 16:42:09', 0),
	(632, 16, 11, 132.00, '期中', '正常成绩', '2026-06-14 16:41:54', '2026-06-14 16:42:09', 0),
	(633, 16, 12, 110.00, '期中', '正常成绩', '2026-06-14 16:41:54', '2026-06-14 16:42:09', 0),
	(634, 16, 13, 92.00, '期中', '正常成绩', '2026-06-14 16:41:54', '2026-06-14 16:42:09', 0),
	(635, 16, 14, 90.00, '期中', '正常成绩', '2026-06-14 16:41:54', '2026-06-14 16:42:09', 0),
	(636, 16, 15, 90.00, '期中', '正常成绩', '2026-06-14 16:41:54', '2026-06-14 16:42:09', 0),
	(637, 17, 10, 118.00, '期中', '正常成绩', '2026-06-14 16:41:54', '2026-06-14 16:42:09', 0),
	(638, 17, 11, 94.00, '期中', '正常成绩', '2026-06-14 16:41:54', '2026-06-14 16:42:09', 0),
	(639, 17, 12, 104.00, '期中', '正常成绩', '2026-06-14 16:41:54', '2026-06-14 16:42:09', 0),
	(640, 17, 13, 65.00, '期中', '正常成绩', '2026-06-14 16:41:54', '2026-06-14 16:42:09', 0),
	(641, 17, 14, 71.00, '期中', '正常成绩', '2026-06-14 16:41:54', '2026-06-14 16:42:09', 0),
	(642, 17, 15, 63.00, '期中', '正常成绩', '2026-06-14 16:41:54', '2026-06-14 16:42:09', 0),
	(643, 18, 10, 104.00, '期中', '正常成绩', '2026-06-14 16:41:54', '2026-06-14 16:42:09', 0),
	(644, 18, 11, 95.00, '期中', '正常成绩', '2026-06-14 16:41:54', '2026-06-14 16:42:09', 0),
	(645, 18, 12, 103.00, '期中', '正常成绩', '2026-06-14 16:41:54', '2026-06-14 16:42:09', 0),
	(646, 18, 13, 80.00, '期中', '正常成绩', '2026-06-14 16:41:54', '2026-06-14 16:42:09', 0),
	(647, 18, 14, 57.00, '期中', '正常成绩', '2026-06-14 16:41:54', '2026-06-14 16:42:09', 0),
	(648, 18, 15, 73.00, '期中', '正常成绩', '2026-06-14 16:41:54', '2026-06-14 16:42:09', 0),
	(649, 19, 10, 132.00, '期中', '正常成绩', '2026-06-14 16:41:54', '2026-06-14 16:42:09', 0),
	(650, 19, 11, 136.00, '期中', '正常成绩', '2026-06-14 16:41:54', '2026-06-14 16:42:09', 0),
	(651, 19, 12, 113.00, '期中', '正常成绩', '2026-06-14 16:41:54', '2026-06-14 16:42:09', 0),
	(652, 19, 13, 87.00, '期中', '正常成绩', '2026-06-14 16:41:54', '2026-06-14 16:42:09', 0),
	(653, 19, 14, 79.00, '期中', '正常成绩', '2026-06-14 16:41:54', '2026-06-14 16:42:09', 0),
	(654, 19, 15, 91.00, '期中', '正常成绩', '2026-06-14 16:41:54', '2026-06-14 16:42:09', 0),
	(655, 20, 10, 118.00, '期中', '正常成绩', '2026-06-14 16:41:54', '2026-06-14 16:42:09', 0),
	(656, 20, 11, 86.00, '期中', '正常成绩', '2026-06-14 16:41:54', '2026-06-14 16:42:09', 0),
	(657, 20, 12, 107.00, '期中', '正常成绩', '2026-06-14 16:41:54', '2026-06-14 16:42:09', 0),
	(658, 20, 13, 72.00, '期中', '正常成绩', '2026-06-14 16:41:54', '2026-06-14 16:42:09', 0),
	(659, 20, 14, 63.00, '期中', '正常成绩', '2026-06-14 16:41:54', '2026-06-14 16:42:09', 0),
	(660, 20, 15, 63.00, '期中', '正常成绩', '2026-06-14 16:41:54', '2026-06-14 16:42:09', 0),
	(661, 21, 10, 113.00, '期中', '正常成绩', '2026-06-14 16:41:54', '2026-06-14 16:42:09', 0),
	(662, 21, 11, 102.00, '期中', '正常成绩', '2026-06-14 16:41:54', '2026-06-14 16:42:09', 0),
	(663, 21, 12, 114.00, '期中', '正常成绩', '2026-06-14 16:41:54', '2026-06-14 16:42:09', 0),
	(664, 21, 16, 74.00, '期中', '正常成绩', '2026-06-14 16:41:54', '2026-06-14 16:42:09', 0),
	(665, 21, 17, 72.00, '期中', '正常成绩', '2026-06-14 16:41:54', '2026-06-14 16:42:09', 0),
	(666, 21, 18, 78.00, '期中', '正常成绩', '2026-06-14 16:41:54', '2026-06-14 16:42:09', 0),
	(667, 22, 10, 122.00, '期中', '正常成绩', '2026-06-14 16:41:54', '2026-06-14 16:42:09', 0),
	(668, 22, 11, 87.00, '期中', '正常成绩', '2026-06-14 16:41:54', '2026-06-14 16:42:09', 0),
	(669, 22, 12, 113.00, '期中', '正常成绩', '2026-06-14 16:41:54', '2026-06-14 16:42:09', 0),
	(670, 22, 16, 67.00, '期中', '正常成绩', '2026-06-14 16:41:54', '2026-06-14 16:42:09', 0),
	(671, 22, 17, 76.00, '期中', '正常成绩', '2026-06-14 16:41:54', '2026-06-14 16:42:09', 0),
	(672, 22, 18, 78.00, '期中', '正常成绩', '2026-06-14 16:41:54', '2026-06-14 16:42:09', 0),
	(673, 23, 10, 120.00, '期中', '正常成绩', '2026-06-14 16:41:54', '2026-06-14 16:42:09', 0),
	(674, 23, 11, 125.00, '期中', '正常成绩', '2026-06-14 16:41:54', '2026-06-14 16:42:09', 0),
	(675, 23, 12, 125.00, '期中', '正常成绩', '2026-06-14 16:41:54', '2026-06-14 16:42:09', 0),
	(676, 23, 16, 76.00, '期中', '正常成绩', '2026-06-14 16:41:54', '2026-06-14 16:42:09', 0),
	(677, 23, 17, 93.00, '期中', '正常成绩', '2026-06-14 16:41:54', '2026-06-14 16:42:09', 0),
	(678, 23, 18, 75.00, '期中', '正常成绩', '2026-06-14 16:41:54', '2026-06-14 16:42:09', 0),
	(679, 24, 10, 130.00, '期中', '正常成绩', '2026-06-14 16:41:54', '2026-06-14 16:42:09', 0),
	(680, 24, 11, 112.00, '期中', '正常成绩', '2026-06-14 16:41:54', '2026-06-14 16:42:09', 0),
	(681, 24, 12, 107.00, '期中', '正常成绩', '2026-06-14 16:41:54', '2026-06-14 16:42:09', 0),
	(682, 24, 16, 90.00, '期中', '正常成绩', '2026-06-14 16:41:54', '2026-06-14 16:42:09', 0),
	(683, 24, 17, 77.00, '期中', '正常成绩', '2026-06-14 16:41:54', '2026-06-14 16:42:09', 0),
	(684, 24, 18, 94.00, '期中', '正常成绩', '2026-06-14 16:41:54', '2026-06-14 16:42:09', 0),
	(685, 25, 10, 53.00, '期中', '正常成绩', '2026-06-14 16:41:54', '2026-06-14 16:42:09', 0),
	(686, 25, 11, 69.00, '期中', '正常成绩', '2026-06-14 16:41:54', '2026-06-14 16:42:09', 0),
	(687, 25, 12, 82.00, '期中', '正常成绩', '2026-06-14 16:41:54', '2026-06-14 16:42:09', 0),
	(688, 25, 16, 53.00, '期中', '正常成绩', '2026-06-14 16:41:54', '2026-06-14 16:42:09', 0),
	(689, 25, 17, 42.00, '期中', '正常成绩', '2026-06-14 16:41:54', '2026-06-14 16:42:09', 0),
	(690, 25, 18, 44.00, '期中', '正常成绩', '2026-06-14 16:41:54', '2026-06-14 16:42:09', 0),
	(691, 26, 10, 135.00, '期中', '正常成绩', '2026-06-14 16:41:54', '2026-06-14 16:42:09', 0),
	(692, 26, 11, 128.00, '期中', '正常成绩', '2026-06-14 16:41:54', '2026-06-14 16:42:09', 0),
	(693, 26, 12, 123.00, '期中', '正常成绩', '2026-06-14 16:41:54', '2026-06-14 16:42:09', 0),
	(694, 26, 16, 88.00, '期中', '正常成绩', '2026-06-14 16:41:54', '2026-06-14 16:42:09', 0),
	(695, 26, 17, 93.00, '期中', '正常成绩', '2026-06-14 16:41:54', '2026-06-14 16:42:09', 0),
	(696, 26, 18, 90.00, '期中', '正常成绩', '2026-06-14 16:41:54', '2026-06-14 16:42:09', 0),
	(697, 27, 10, 104.00, '期中', '正常成绩', '2026-06-14 16:41:54', '2026-06-14 16:42:09', 0),
	(698, 27, 11, 113.00, '期中', '正常成绩', '2026-06-14 16:41:54', '2026-06-14 16:42:09', 0),
	(699, 27, 12, 100.00, '期中', '正常成绩', '2026-06-14 16:41:54', '2026-06-14 16:42:09', 0),
	(700, 27, 16, 61.00, '期中', '正常成绩', '2026-06-14 16:41:54', '2026-06-14 16:42:09', 0),
	(701, 27, 17, 63.00, '期中', '正常成绩', '2026-06-14 16:41:54', '2026-06-14 16:42:09', 0),
	(702, 27, 18, 67.00, '期中', '正常成绩', '2026-06-14 16:41:54', '2026-06-14 16:42:09', 0),
	(703, 28, 10, 99.00, '期中', '正常成绩', '2026-06-14 16:41:54', '2026-06-14 16:42:09', 0),
	(704, 28, 11, 95.00, '期中', '正常成绩', '2026-06-14 16:41:54', '2026-06-14 16:42:09', 0),
	(705, 28, 12, 98.00, '期中', '正常成绩', '2026-06-14 16:41:54', '2026-06-14 16:42:09', 0),
	(706, 28, 16, 63.00, '期中', '正常成绩', '2026-06-14 16:41:54', '2026-06-14 16:42:09', 0),
	(707, 28, 17, 79.00, '期中', '正常成绩', '2026-06-14 16:41:54', '2026-06-14 16:42:09', 0),
	(708, 28, 18, 81.00, '期中', '正常成绩', '2026-06-14 16:41:54', '2026-06-14 16:42:09', 0),
	(709, 29, 10, 122.00, '期中', '正常成绩', '2026-06-14 16:41:54', '2026-06-14 16:42:09', 0),
	(710, 29, 11, 119.00, '期中', '正常成绩', '2026-06-14 16:41:54', '2026-06-14 16:42:09', 0),
	(711, 29, 12, 134.00, '期中', '正常成绩', '2026-06-14 16:41:54', '2026-06-14 16:42:09', 0),
	(712, 29, 16, 81.00, '期中', '正常成绩', '2026-06-14 16:41:54', '2026-06-14 16:42:09', 0),
	(713, 29, 17, 76.00, '期中', '正常成绩', '2026-06-14 16:41:54', '2026-06-14 16:42:09', 0),
	(714, 29, 18, 86.00, '期中', '正常成绩', '2026-06-14 16:41:54', '2026-06-14 16:42:09', 0),
	(715, 30, 10, 113.00, '期中', '正常成绩', '2026-06-14 16:41:54', '2026-06-14 16:42:09', 0),
	(716, 30, 11, 104.00, '期中', '正常成绩', '2026-06-14 16:41:54', '2026-06-14 16:42:09', 0),
	(717, 30, 12, 114.00, '期中', '正常成绩', '2026-06-14 16:41:54', '2026-06-14 16:42:09', 0),
	(718, 30, 16, 62.00, '期中', '正常成绩', '2026-06-14 16:41:54', '2026-06-14 16:42:09', 0),
	(719, 30, 17, 66.00, '期中', '正常成绩', '2026-06-14 16:41:54', '2026-06-14 16:42:09', 0),
	(720, 30, 18, 65.00, '期中', '正常成绩', '2026-06-14 16:41:54', '2026-06-14 16:42:09', 0),
	(721, 1, 19, 101.00, '期末', '正常成绩', '2026-06-11 20:38:23', '2026-06-11 20:38:23', 0),
	(722, 1, 20, 101.00, '期末', '正常成绩', '2026-06-11 20:38:23', '2026-06-11 20:38:23', 0),
	(723, 1, 21, 102.00, '期末', '正常成绩', '2026-06-11 20:38:23', '2026-06-11 20:38:23', 0),
	(724, 1, 22, 70.00, '期末', '正常成绩', '2026-06-11 20:38:23', '2026-06-11 20:38:23', 0),
	(725, 1, 23, 74.00, '期末', '正常成绩', '2026-06-11 20:38:23', '2026-06-11 20:38:23', 0),
	(726, 1, 24, 57.00, '期末', '正常成绩', '2026-06-11 20:38:23', '2026-06-11 20:38:23', 0),
	(727, 2, 19, 119.00, '期末', '正常成绩', '2026-06-11 20:38:23', '2026-06-11 20:38:23', 0),
	(728, 2, 20, 140.00, '期末', '正常成绩', '2026-06-11 20:38:23', '2026-06-11 20:38:23', 0),
	(729, 2, 21, 125.00, '期末', '正常成绩', '2026-06-11 20:38:23', '2026-06-11 20:38:23', 0),
	(730, 2, 22, 93.00, '期末', '正常成绩', '2026-06-11 20:38:23', '2026-06-11 20:38:23', 0),
	(731, 2, 23, 96.00, '期末', '正常成绩', '2026-06-11 20:38:23', '2026-06-11 20:38:23', 0),
	(732, 2, 24, 81.00, '期末', '正常成绩', '2026-06-11 20:38:23', '2026-06-11 20:38:23', 0),
	(733, 3, 19, 139.00, '期末', '正常成绩', '2026-06-11 20:38:23', '2026-06-11 20:38:23', 0),
	(734, 3, 20, 133.00, '期末', '正常成绩', '2026-06-11 20:38:23', '2026-06-11 20:38:23', 0),
	(735, 3, 21, 131.00, '期末', '正常成绩', '2026-06-11 20:38:23', '2026-06-11 20:38:23', 0),
	(736, 3, 22, 90.00, '期末', '正常成绩', '2026-06-11 20:38:23', '2026-06-11 20:38:23', 0),
	(737, 3, 23, 88.00, '期末', '正常成绩', '2026-06-11 20:38:23', '2026-06-11 20:38:23', 0),
	(738, 3, 24, 86.00, '期末', '正常成绩', '2026-06-11 20:38:23', '2026-06-11 20:38:23', 0),
	(739, 4, 19, 87.00, '期末', '正常成绩', '2026-06-11 20:38:23', '2026-06-11 20:38:23', 0),
	(740, 4, 20, 90.00, '期末', '正常成绩', '2026-06-11 20:38:23', '2026-06-11 20:38:23', 0),
	(741, 4, 21, 122.00, '期末', '正常成绩', '2026-06-11 20:38:23', '2026-06-11 20:38:23', 0),
	(742, 4, 22, 87.00, '期末', '正常成绩', '2026-06-11 20:38:23', '2026-06-11 20:38:23', 0),
	(743, 4, 23, 67.00, '期末', '正常成绩', '2026-06-11 20:38:23', '2026-06-11 20:38:23', 0),
	(744, 4, 24, 75.00, '期末', '正常成绩', '2026-06-11 20:38:23', '2026-06-11 20:38:23', 0),
	(745, 5, 19, 121.00, '期末', '正常成绩', '2026-06-11 20:38:23', '2026-06-11 20:38:23', 0),
	(746, 5, 20, 140.00, '期末', '正常成绩', '2026-06-11 20:38:23', '2026-06-11 20:38:23', 0),
	(747, 5, 21, 116.00, '期末', '正常成绩', '2026-06-11 20:38:23', '2026-06-11 20:38:23', 0),
	(748, 5, 22, 96.00, '期末', '正常成绩', '2026-06-11 20:38:23', '2026-06-11 20:38:23', 0),
	(749, 5, 23, 68.00, '期末', '正常成绩', '2026-06-11 20:38:23', '2026-06-11 20:38:23', 0),
	(750, 5, 24, 99.00, '期末', '正常成绩', '2026-06-11 20:38:23', '2026-06-11 20:38:23', 0),
	(751, 6, 19, 110.00, '期末', '正常成绩', '2026-06-11 20:38:23', '2026-06-11 20:38:23', 0),
	(752, 6, 20, 97.00, '期末', '正常成绩', '2026-06-11 20:38:23', '2026-06-11 20:38:23', 0),
	(753, 6, 21, 116.00, '期末', '正常成绩', '2026-06-11 20:38:23', '2026-06-11 20:38:23', 0),
	(754, 6, 22, 78.00, '期末', '正常成绩', '2026-06-11 20:38:23', '2026-06-11 20:38:23', 0),
	(755, 6, 23, 67.00, '期末', '正常成绩', '2026-06-11 20:38:23', '2026-06-11 20:38:23', 0),
	(756, 6, 24, 68.00, '期末', '正常成绩', '2026-06-11 20:38:23', '2026-06-11 20:38:23', 0),
	(757, 7, 19, 134.00, '期末', '正常成绩', '2026-06-11 20:38:23', '2026-06-11 20:38:23', 0),
	(758, 7, 20, 121.00, '期末', '正常成绩', '2026-06-11 20:38:23', '2026-06-11 20:38:23', 0),
	(759, 7, 21, 132.00, '期末', '正常成绩', '2026-06-11 20:38:23', '2026-06-11 20:38:23', 0),
	(760, 7, 22, 82.00, '期末', '正常成绩', '2026-06-11 20:38:23', '2026-06-11 20:38:23', 0),
	(761, 7, 23, 98.00, '期末', '正常成绩', '2026-06-11 20:38:23', '2026-06-11 20:38:23', 0),
	(762, 7, 24, 96.00, '期末', '正常成绩', '2026-06-11 20:38:23', '2026-06-11 20:38:23', 0),
	(763, 8, 19, 102.00, '期末', '正常成绩', '2026-06-11 20:38:23', '2026-06-11 20:38:23', 0),
	(764, 8, 20, 108.00, '期末', '正常成绩', '2026-06-11 20:38:23', '2026-06-11 20:38:23', 0),
	(765, 8, 21, 82.00, '期末', '正常成绩', '2026-06-11 20:38:23', '2026-06-11 20:38:23', 0),
	(766, 8, 22, 60.00, '期末', '正常成绩', '2026-06-11 20:38:23', '2026-06-11 20:38:23', 0),
	(767, 8, 23, 80.00, '期末', '正常成绩', '2026-06-11 20:38:23', '2026-06-11 20:38:23', 0),
	(768, 8, 24, 85.00, '期末', '正常成绩', '2026-06-11 20:38:23', '2026-06-11 20:38:23', 0),
	(769, 9, 19, 100.00, '期末', '正常成绩', '2026-06-11 20:38:23', '2026-06-11 20:38:23', 0),
	(770, 9, 20, 94.00, '期末', '正常成绩', '2026-06-11 20:38:23', '2026-06-11 20:38:23', 0),
	(771, 9, 21, 119.00, '期末', '正常成绩', '2026-06-11 20:38:23', '2026-06-11 20:38:23', 0),
	(772, 9, 22, 72.00, '期末', '正常成绩', '2026-06-11 20:38:23', '2026-06-11 20:38:23', 0),
	(773, 9, 23, 83.00, '期末', '正常成绩', '2026-06-11 20:38:23', '2026-06-11 20:38:23', 0),
	(774, 9, 24, 83.00, '期末', '正常成绩', '2026-06-11 20:38:23', '2026-06-11 20:38:23', 0),
	(775, 10, 19, 112.00, '期末', '正常成绩', '2026-06-11 20:38:23', '2026-06-11 20:38:23', 0),
	(776, 10, 20, 112.00, '期末', '正常成绩', '2026-06-11 20:38:23', '2026-06-11 20:38:23', 0),
	(777, 10, 21, 111.00, '期末', '正常成绩', '2026-06-11 20:38:23', '2026-06-11 20:38:23', 0),
	(778, 10, 22, 70.00, '期末', '正常成绩', '2026-06-11 20:38:23', '2026-06-11 20:38:23', 0),
	(779, 10, 23, 76.00, '期末', '正常成绩', '2026-06-11 20:38:23', '2026-06-11 20:38:23', 0),
	(780, 10, 24, 71.00, '期末', '正常成绩', '2026-06-11 20:38:23', '2026-06-11 20:38:23', 0),
	(781, 11, 19, 77.00, '期末', '正常成绩', '2026-06-11 20:38:23', '2026-06-11 20:38:23', 0),
	(782, 11, 20, 73.00, '期末', '正常成绩', '2026-06-11 20:38:23', '2026-06-11 20:38:23', 0),
	(783, 11, 21, 65.00, '期末', '正常成绩', '2026-06-11 20:38:23', '2026-06-11 20:38:23', 0),
	(784, 11, 22, 58.00, '期末', '正常成绩', '2026-06-11 20:38:23', '2026-06-11 20:38:23', 0),
	(785, 11, 23, 57.00, '期末', '正常成绩', '2026-06-11 20:38:23', '2026-06-11 20:38:23', 0),
	(786, 11, 24, 63.00, '期末', '正常成绩', '2026-06-11 20:38:23', '2026-06-11 20:38:23', 0),
	(787, 12, 19, 56.00, '期末', '正常成绩', '2026-06-11 20:38:23', '2026-06-11 20:38:23', 0),
	(788, 12, 20, 67.00, '期末', '正常成绩', '2026-06-11 20:38:23', '2026-06-11 20:38:23', 0),
	(789, 12, 21, 69.00, '期末', '正常成绩', '2026-06-11 20:38:23', '2026-06-11 20:38:23', 0),
	(790, 12, 22, 59.00, '期末', '正常成绩', '2026-06-11 20:38:23', '2026-06-11 20:38:23', 0),
	(791, 12, 23, 49.00, '期末', '正常成绩', '2026-06-11 20:38:23', '2026-06-11 20:38:23', 0),
	(792, 12, 24, 47.00, '期末', '正常成绩', '2026-06-11 20:38:23', '2026-06-11 20:38:23', 0),
	(793, 13, 19, 140.00, '期末', '正常成绩', '2026-06-11 20:38:23', '2026-06-11 20:38:23', 0),
	(794, 13, 20, 129.00, '期末', '正常成绩', '2026-06-11 20:38:23', '2026-06-11 20:38:23', 0),
	(795, 13, 21, 131.00, '期末', '正常成绩', '2026-06-11 20:38:23', '2026-06-11 20:38:23', 0),
	(796, 13, 22, 98.00, '期末', '正常成绩', '2026-06-11 20:38:23', '2026-06-11 20:38:23', 0),
	(797, 13, 23, 90.00, '期末', '正常成绩', '2026-06-11 20:38:23', '2026-06-11 20:38:23', 0),
	(798, 13, 24, 91.00, '期末', '正常成绩', '2026-06-11 20:38:23', '2026-06-11 20:38:23', 0),
	(799, 14, 19, 131.00, '期末', '正常成绩', '2026-06-11 20:38:23', '2026-06-11 20:38:23', 0),
	(800, 14, 20, 129.00, '期末', '正常成绩', '2026-06-11 20:38:23', '2026-06-11 20:38:23', 0),
	(801, 14, 21, 140.00, '期末', '正常成绩', '2026-06-11 20:38:23', '2026-06-11 20:38:23', 0),
	(802, 14, 22, 98.00, '期末', '正常成绩', '2026-06-11 20:38:23', '2026-06-11 20:38:23', 0),
	(803, 14, 23, 70.00, '期末', '正常成绩', '2026-06-11 20:38:23', '2026-06-11 20:38:23', 0),
	(804, 14, 24, 100.00, '期末', '正常成绩', '2026-06-11 20:38:23', '2026-06-11 20:38:23', 0),
	(805, 15, 19, 118.00, '期末', '正常成绩', '2026-06-11 20:38:23', '2026-06-11 20:38:23', 0),
	(806, 15, 20, 92.00, '期末', '正常成绩', '2026-06-11 20:38:23', '2026-06-11 20:38:23', 0),
	(807, 15, 21, 114.00, '期末', '正常成绩', '2026-06-11 20:38:23', '2026-06-11 20:38:23', 0),
	(808, 15, 22, 80.00, '期末', '正常成绩', '2026-06-11 20:38:23', '2026-06-11 20:38:23', 0),
	(809, 15, 23, 62.00, '期末', '正常成绩', '2026-06-11 20:38:23', '2026-06-11 20:38:23', 0),
	(810, 15, 24, 81.00, '期末', '正常成绩', '2026-06-11 20:38:23', '2026-06-11 20:38:23', 0),
	(811, 16, 19, 118.00, '期末', '正常成绩', '2026-06-11 20:38:23', '2026-06-11 20:38:23', 0),
	(812, 16, 20, 133.00, '期末', '正常成绩', '2026-06-11 20:38:23', '2026-06-11 20:38:23', 0),
	(813, 16, 21, 114.00, '期末', '正常成绩', '2026-06-11 20:38:23', '2026-06-11 20:38:23', 0),
	(814, 16, 22, 93.00, '期末', '正常成绩', '2026-06-11 20:38:23', '2026-06-11 20:38:23', 0),
	(815, 16, 23, 79.00, '期末', '正常成绩', '2026-06-11 20:38:23', '2026-06-11 20:38:23', 0),
	(816, 16, 24, 93.00, '期末', '正常成绩', '2026-06-11 20:38:23', '2026-06-11 20:38:23', 0),
	(817, 17, 19, 123.00, '期末', '正常成绩', '2026-06-11 20:38:23', '2026-06-11 20:38:23', 0),
	(818, 17, 20, 101.00, '期末', '正常成绩', '2026-06-11 20:38:23', '2026-06-11 20:38:23', 0),
	(819, 17, 21, 113.00, '期末', '正常成绩', '2026-06-11 20:38:23', '2026-06-11 20:38:23', 0),
	(820, 17, 22, 74.00, '期末', '正常成绩', '2026-06-11 20:38:23', '2026-06-11 20:38:23', 0),
	(821, 17, 23, 76.00, '期末', '正常成绩', '2026-06-11 20:38:23', '2026-06-11 20:38:23', 0),
	(822, 17, 24, 64.00, '期末', '正常成绩', '2026-06-11 20:38:23', '2026-06-11 20:38:23', 0),
	(823, 18, 19, 98.00, '期末', '正常成绩', '2026-06-11 20:38:23', '2026-06-11 20:38:23', 0),
	(824, 18, 20, 114.00, '期末', '正常成绩', '2026-06-11 20:38:23', '2026-06-11 20:38:23', 0),
	(825, 18, 21, 98.00, '期末', '正常成绩', '2026-06-11 20:38:23', '2026-06-11 20:38:23', 0),
	(826, 18, 22, 68.00, '期末', '正常成绩', '2026-06-11 20:38:23', '2026-06-11 20:38:23', 0),
	(827, 18, 23, 75.00, '期末', '正常成绩', '2026-06-11 20:38:23', '2026-06-11 20:38:23', 0),
	(828, 18, 24, 65.00, '期末', '正常成绩', '2026-06-11 20:38:23', '2026-06-11 20:38:23', 0),
	(829, 19, 19, 119.00, '期末', '正常成绩', '2026-06-11 20:38:23', '2026-06-11 20:38:23', 0),
	(830, 19, 20, 123.00, '期末', '正常成绩', '2026-06-11 20:38:23', '2026-06-11 20:38:23', 0),
	(831, 19, 21, 140.00, '期末', '正常成绩', '2026-06-11 20:38:23', '2026-06-11 20:38:23', 0),
	(832, 19, 22, 95.00, '期末', '正常成绩', '2026-06-11 20:38:23', '2026-06-11 20:38:23', 0),
	(833, 19, 23, 84.00, '期末', '正常成绩', '2026-06-11 20:38:23', '2026-06-11 20:38:23', 0),
	(834, 19, 24, 97.00, '期末', '正常成绩', '2026-06-11 20:38:23', '2026-06-11 20:38:23', 0),
	(835, 20, 19, 90.00, '期末', '正常成绩', '2026-06-11 20:38:23', '2026-06-11 20:38:23', 0),
	(836, 20, 20, 114.00, '期末', '正常成绩', '2026-06-11 20:38:23', '2026-06-11 20:38:23', 0),
	(837, 20, 21, 104.00, '期末', '正常成绩', '2026-06-11 20:38:23', '2026-06-11 20:38:23', 0),
	(838, 20, 22, 72.00, '期末', '正常成绩', '2026-06-11 20:38:23', '2026-06-11 20:38:23', 0),
	(839, 20, 23, 84.00, '期末', '正常成绩', '2026-06-11 20:38:23', '2026-06-11 20:38:23', 0),
	(840, 20, 24, 67.00, '期末', '正常成绩', '2026-06-11 20:38:23', '2026-06-11 20:38:23', 0),
	(841, 21, 19, 95.00, '期末', '正常成绩', '2026-06-11 20:38:23', '2026-06-11 20:38:23', 0),
	(842, 21, 20, 89.00, '期末', '正常成绩', '2026-06-11 20:38:23', '2026-06-11 20:38:23', 0),
	(843, 21, 21, 105.00, '期末', '正常成绩', '2026-06-11 20:38:23', '2026-06-11 20:38:23', 0),
	(844, 21, 25, 62.00, '期末', '正常成绩', '2026-06-11 20:38:23', '2026-06-11 20:38:23', 0),
	(845, 21, 26, 75.00, '期末', '正常成绩', '2026-06-11 20:38:23', '2026-06-11 20:38:23', 0),
	(846, 21, 27, 76.00, '期末', '正常成绩', '2026-06-11 20:38:23', '2026-06-11 20:38:23', 0),
	(847, 22, 19, 112.00, '期末', '正常成绩', '2026-06-11 20:38:23', '2026-06-11 20:38:23', 0),
	(848, 22, 20, 120.00, '期末', '正常成绩', '2026-06-11 20:38:23', '2026-06-11 20:38:23', 0),
	(849, 22, 21, 89.00, '期末', '正常成绩', '2026-06-11 20:38:23', '2026-06-11 20:38:23', 0),
	(850, 22, 25, 74.00, '期末', '正常成绩', '2026-06-11 20:38:23', '2026-06-11 20:38:23', 0),
	(851, 22, 26, 63.00, '期末', '正常成绩', '2026-06-11 20:38:23', '2026-06-11 20:38:23', 0),
	(852, 22, 27, 72.00, '期末', '正常成绩', '2026-06-11 20:38:23', '2026-06-11 20:38:23', 0),
	(853, 23, 19, 124.00, '期末', '正常成绩', '2026-06-11 20:38:23', '2026-06-11 20:38:23', 0),
	(854, 23, 20, 135.00, '期末', '正常成绩', '2026-06-11 20:38:23', '2026-06-11 20:38:23', 0),
	(855, 23, 21, 139.00, '期末', '正常成绩', '2026-06-11 20:38:23', '2026-06-11 20:38:23', 0),
	(856, 23, 25, 89.00, '期末', '正常成绩', '2026-06-11 20:38:23', '2026-06-11 20:38:23', 0),
	(857, 23, 26, 94.00, '期末', '正常成绩', '2026-06-11 20:38:23', '2026-06-11 20:38:23', 0),
	(858, 23, 27, 99.00, '期末', '正常成绩', '2026-06-11 20:38:23', '2026-06-11 20:38:23', 0),
	(859, 24, 19, 131.00, '期末', '正常成绩', '2026-06-11 20:38:23', '2026-06-11 20:38:23', 0),
	(860, 24, 20, 131.00, '期末', '正常成绩', '2026-06-11 20:38:23', '2026-06-11 20:38:23', 0),
	(861, 24, 21, 115.00, '期末', '正常成绩', '2026-06-11 20:38:23', '2026-06-11 20:38:23', 0),
	(862, 24, 25, 79.00, '期末', '正常成绩', '2026-06-11 20:38:23', '2026-06-11 20:38:23', 0),
	(863, 24, 26, 85.00, '期末', '正常成绩', '2026-06-11 20:38:23', '2026-06-11 20:38:23', 0),
	(864, 24, 27, 92.00, '期末', '正常成绩', '2026-06-11 20:38:23', '2026-06-11 20:38:23', 0),
	(865, 25, 19, 87.00, '期末', '正常成绩', '2026-06-11 20:38:23', '2026-06-11 20:38:23', 0),
	(866, 25, 20, 80.00, '期末', '正常成绩', '2026-06-11 20:38:23', '2026-06-11 20:38:23', 0),
	(867, 25, 21, 68.00, '期末', '正常成绩', '2026-06-11 20:38:23', '2026-06-11 20:38:23', 0),
	(868, 25, 25, 40.00, '期末', '正常成绩', '2026-06-11 20:38:23', '2026-06-11 20:38:23', 0),
	(869, 25, 26, 55.00, '期末', '正常成绩', '2026-06-11 20:38:23', '2026-06-11 20:38:23', 0),
	(870, 25, 27, 45.00, '期末', '正常成绩', '2026-06-11 20:38:23', '2026-06-11 20:38:23', 0),
	(871, 26, 19, 102.00, '期末', '正常成绩', '2026-06-11 20:38:23', '2026-06-11 20:38:23', 0),
	(872, 26, 20, 113.00, '期末', '正常成绩', '2026-06-11 20:38:23', '2026-06-11 20:38:23', 0),
	(873, 26, 21, 116.00, '期末', '正常成绩', '2026-06-11 20:38:23', '2026-06-11 20:38:23', 0),
	(874, 26, 25, 84.00, '期末', '正常成绩', '2026-06-11 20:38:23', '2026-06-11 20:38:23', 0),
	(875, 26, 26, 99.00, '期末', '正常成绩', '2026-06-11 20:38:23', '2026-06-11 20:38:23', 0),
	(876, 26, 27, 100.00, '期末', '正常成绩', '2026-06-11 20:38:23', '2026-06-11 20:38:23', 0),
	(877, 27, 19, 121.00, '期末', '正常成绩', '2026-06-11 20:38:23', '2026-06-11 20:38:23', 0),
	(878, 27, 20, 94.00, '期末', '正常成绩', '2026-06-11 20:38:23', '2026-06-11 20:38:23', 0),
	(879, 27, 21, 105.00, '期末', '正常成绩', '2026-06-11 20:38:23', '2026-06-11 20:38:23', 0),
	(880, 27, 25, 86.00, '期末', '正常成绩', '2026-06-11 20:38:23', '2026-06-11 20:38:23', 0),
	(881, 27, 26, 63.00, '期末', '正常成绩', '2026-06-11 20:38:23', '2026-06-11 20:38:23', 0),
	(882, 27, 27, 84.00, '期末', '正常成绩', '2026-06-11 20:38:23', '2026-06-11 20:38:23', 0),
	(883, 28, 19, 100.00, '期末', '正常成绩', '2026-06-11 20:38:23', '2026-06-11 20:38:23', 0),
	(884, 28, 20, 110.00, '期末', '正常成绩', '2026-06-11 20:38:23', '2026-06-11 20:38:23', 0),
	(885, 28, 21, 106.00, '期末', '正常成绩', '2026-06-11 20:38:23', '2026-06-11 20:38:23', 0),
	(886, 28, 25, 64.00, '期末', '正常成绩', '2026-06-11 20:38:23', '2026-06-11 20:38:23', 0),
	(887, 28, 26, 82.00, '期末', '正常成绩', '2026-06-11 20:38:23', '2026-06-11 20:38:23', 0),
	(888, 28, 27, 84.00, '期末', '正常成绩', '2026-06-11 20:38:23', '2026-06-11 20:38:23', 0),
	(889, 29, 19, 124.00, '期末', '正常成绩', '2026-06-11 20:38:23', '2026-06-11 20:38:23', 0),
	(890, 29, 20, 122.00, '期末', '正常成绩', '2026-06-11 20:38:23', '2026-06-11 20:38:23', 0),
	(891, 29, 21, 114.00, '期末', '正常成绩', '2026-06-11 20:38:23', '2026-06-11 20:38:23', 0),
	(892, 29, 25, 88.00, '期末', '正常成绩', '2026-06-11 20:38:23', '2026-06-11 20:38:23', 0),
	(893, 29, 26, 80.00, '期末', '正常成绩', '2026-06-11 20:38:23', '2026-06-11 20:38:23', 0),
	(894, 29, 27, 90.00, '期末', '正常成绩', '2026-06-11 20:38:23', '2026-06-11 20:38:23', 0),
	(895, 30, 19, 93.00, '期末', '正常成绩', '2026-06-11 20:38:23', '2026-06-11 20:38:23', 0),
	(896, 30, 20, 101.00, '期末', '正常成绩', '2026-06-11 20:38:23', '2026-06-11 20:38:23', 0),
	(897, 30, 21, 103.00, '期末', '正常成绩', '2026-06-11 20:38:23', '2026-06-11 20:38:23', 0),
	(898, 30, 25, 60.00, '期末', '正常成绩', '2026-06-11 20:38:23', '2026-06-11 20:38:23', 0),
	(899, 30, 26, 80.00, '期末', '正常成绩', '2026-06-11 20:38:23', '2026-06-11 20:38:23', 0),
	(900, 30, 27, 72.00, '期末', '正常成绩', '2026-06-11 20:38:23', '2026-06-11 20:38:23', 0),
	(901, 1, 19, 105.00, '期中', '正常成绩', '2026-06-14 16:41:54', '2026-06-14 16:42:09', 0),
	(902, 1, 20, 93.00, '期中', '正常成绩', '2026-06-14 16:41:54', '2026-06-14 16:42:09', 0),
	(903, 1, 21, 109.00, '期中', '正常成绩', '2026-06-14 16:41:54', '2026-06-14 16:42:09', 0),
	(904, 1, 22, 75.00, '期中', '正常成绩', '2026-06-14 16:41:54', '2026-06-14 16:42:09', 0),
	(905, 1, 23, 74.00, '期中', '正常成绩', '2026-06-14 16:41:54', '2026-06-14 16:42:09', 0),
	(906, 1, 24, 61.00, '期中', '正常成绩', '2026-06-14 16:41:54', '2026-06-14 16:42:09', 0),
	(907, 2, 19, 129.00, '期中', '正常成绩', '2026-06-14 16:41:54', '2026-06-14 16:42:09', 0),
	(908, 2, 20, 112.00, '期中', '正常成绩', '2026-06-14 16:41:54', '2026-06-14 16:42:09', 0),
	(909, 2, 21, 139.00, '期中', '正常成绩', '2026-06-14 16:41:54', '2026-06-14 16:42:09', 0),
	(910, 2, 22, 95.00, '期中', '正常成绩', '2026-06-14 16:41:54', '2026-06-14 16:42:09', 0),
	(911, 2, 23, 93.00, '期中', '正常成绩', '2026-06-14 16:41:54', '2026-06-14 16:42:09', 0),
	(912, 2, 24, 94.00, '期中', '正常成绩', '2026-06-14 16:41:54', '2026-06-14 16:42:09', 0),
	(913, 3, 19, 120.00, '期中', '正常成绩', '2026-06-14 16:41:54', '2026-06-14 16:42:09', 0),
	(914, 3, 20, 121.00, '期中', '正常成绩', '2026-06-14 16:41:54', '2026-06-14 16:42:09', 0),
	(915, 3, 21, 140.00, '期中', '正常成绩', '2026-06-14 16:41:54', '2026-06-14 16:42:09', 0),
	(916, 3, 22, 87.00, '期中', '正常成绩', '2026-06-14 16:41:54', '2026-06-14 16:42:09', 0),
	(917, 3, 23, 88.00, '期中', '正常成绩', '2026-06-14 16:41:54', '2026-06-14 16:42:09', 0),
	(918, 3, 24, 69.00, '期中', '正常成绩', '2026-06-14 16:41:54', '2026-06-14 16:42:09', 0),
	(919, 4, 19, 99.00, '期中', '正常成绩', '2026-06-14 16:41:54', '2026-06-14 16:42:09', 0),
	(920, 4, 20, 106.00, '期中', '正常成绩', '2026-06-14 16:41:54', '2026-06-14 16:42:09', 0),
	(921, 4, 21, 89.00, '期中', '正常成绩', '2026-06-14 16:41:54', '2026-06-14 16:42:09', 0),
	(922, 4, 22, 73.00, '期中', '正常成绩', '2026-06-14 16:41:54', '2026-06-14 16:42:09', 0),
	(923, 4, 23, 71.00, '期中', '正常成绩', '2026-06-14 16:41:54', '2026-06-14 16:42:09', 0),
	(924, 4, 24, 58.00, '期中', '正常成绩', '2026-06-14 16:41:54', '2026-06-14 16:42:09', 0),
	(925, 5, 19, 116.00, '期中', '正常成绩', '2026-06-14 16:41:54', '2026-06-14 16:42:09', 0),
	(926, 5, 20, 129.00, '期中', '正常成绩', '2026-06-14 16:41:54', '2026-06-14 16:42:09', 0),
	(927, 5, 21, 125.00, '期中', '正常成绩', '2026-06-14 16:41:54', '2026-06-14 16:42:09', 0),
	(928, 5, 22, 91.00, '期中', '正常成绩', '2026-06-14 16:41:54', '2026-06-14 16:42:09', 0),
	(929, 5, 23, 92.00, '期中', '正常成绩', '2026-06-14 16:41:54', '2026-06-14 16:42:09', 0),
	(930, 5, 24, 100.00, '期中', '正常成绩', '2026-06-14 16:41:54', '2026-06-14 16:42:09', 0),
	(931, 6, 19, 115.00, '期中', '正常成绩', '2026-06-14 16:41:54', '2026-06-14 16:42:09', 0),
	(932, 6, 20, 111.00, '期中', '正常成绩', '2026-06-14 16:41:54', '2026-06-14 16:42:09', 0),
	(933, 6, 21, 112.00, '期中', '正常成绩', '2026-06-14 16:41:54', '2026-06-14 16:42:09', 0),
	(934, 6, 22, 73.00, '期中', '正常成绩', '2026-06-14 16:41:54', '2026-06-14 16:42:09', 0),
	(935, 6, 23, 66.00, '期中', '正常成绩', '2026-06-14 16:41:54', '2026-06-14 16:42:09', 0),
	(936, 6, 24, 77.00, '期中', '正常成绩', '2026-06-14 16:41:54', '2026-06-14 16:42:09', 0),
	(937, 7, 19, 111.00, '期中', '正常成绩', '2026-06-14 16:41:54', '2026-06-14 16:42:09', 0),
	(938, 7, 20, 138.00, '期中', '正常成绩', '2026-06-14 16:41:54', '2026-06-14 16:42:09', 0),
	(939, 7, 21, 123.00, '期中', '正常成绩', '2026-06-14 16:41:54', '2026-06-14 16:42:09', 0),
	(940, 7, 22, 94.00, '期中', '正常成绩', '2026-06-14 16:41:54', '2026-06-14 16:42:09', 0),
	(941, 7, 23, 90.00, '期中', '正常成绩', '2026-06-14 16:41:54', '2026-06-14 16:42:09', 0),
	(942, 7, 24, 100.00, '期中', '正常成绩', '2026-06-14 16:41:54', '2026-06-14 16:42:09', 0),
	(943, 8, 19, 111.00, '期中', '正常成绩', '2026-06-14 16:41:54', '2026-06-14 16:42:09', 0),
	(944, 8, 20, 86.00, '期中', '正常成绩', '2026-06-14 16:41:54', '2026-06-14 16:42:09', 0),
	(945, 8, 21, 115.00, '期中', '正常成绩', '2026-06-14 16:41:54', '2026-06-14 16:42:09', 0),
	(946, 8, 22, 58.00, '期中', '正常成绩', '2026-06-14 16:41:54', '2026-06-14 16:42:09', 0),
	(947, 8, 23, 69.00, '期中', '正常成绩', '2026-06-14 16:41:54', '2026-06-14 16:42:09', 0),
	(948, 8, 24, 55.00, '期中', '正常成绩', '2026-06-14 16:41:54', '2026-06-14 16:42:09', 0),
	(949, 9, 19, 101.00, '期中', '正常成绩', '2026-06-14 16:41:54', '2026-06-14 16:42:09', 0),
	(950, 9, 20, 94.00, '期中', '正常成绩', '2026-06-14 16:41:54', '2026-06-14 16:42:09', 0),
	(951, 9, 21, 110.00, '期中', '正常成绩', '2026-06-14 16:41:54', '2026-06-14 16:42:09', 0),
	(952, 9, 22, 58.00, '期中', '正常成绩', '2026-06-14 16:41:54', '2026-06-14 16:42:09', 0),
	(953, 9, 23, 58.00, '期中', '正常成绩', '2026-06-14 16:41:54', '2026-06-14 16:42:09', 0),
	(954, 9, 24, 82.00, '期中', '正常成绩', '2026-06-14 16:41:54', '2026-06-14 16:42:09', 0),
	(955, 10, 19, 89.00, '期中', '正常成绩', '2026-06-14 16:41:54', '2026-06-14 16:42:09', 0),
	(956, 10, 20, 111.00, '期中', '正常成绩', '2026-06-14 16:41:54', '2026-06-14 16:42:09', 0),
	(957, 10, 21, 113.00, '期中', '正常成绩', '2026-06-14 16:41:54', '2026-06-14 16:42:09', 0),
	(958, 10, 22, 52.00, '期中', '正常成绩', '2026-06-14 16:41:54', '2026-06-14 16:42:09', 0),
	(959, 10, 23, 82.00, '期中', '正常成绩', '2026-06-14 16:41:54', '2026-06-14 16:42:09', 0),
	(960, 10, 24, 52.00, '期中', '正常成绩', '2026-06-14 16:41:54', '2026-06-14 16:42:09', 0),
	(961, 11, 19, 71.00, '期中', '正常成绩', '2026-06-14 16:41:54', '2026-06-14 16:42:09', 0),
	(962, 11, 20, 56.00, '期中', '正常成绩', '2026-06-14 16:41:54', '2026-06-14 16:42:09', 0),
	(963, 11, 21, 82.00, '期中', '正常成绩', '2026-06-14 16:41:54', '2026-06-14 16:42:09', 0),
	(964, 11, 22, 30.00, '期中', '正常成绩', '2026-06-14 16:41:54', '2026-06-14 16:42:09', 0),
	(965, 11, 23, 42.00, '期中', '正常成绩', '2026-06-14 16:41:54', '2026-06-14 16:42:09', 0),
	(966, 11, 24, 57.00, '期中', '正常成绩', '2026-06-14 16:41:54', '2026-06-14 16:42:09', 0),
	(967, 12, 19, 66.00, '期中', '正常成绩', '2026-06-14 16:41:54', '2026-06-14 16:42:09', 0),
	(968, 12, 20, 60.00, '期中', '正常成绩', '2026-06-14 16:41:54', '2026-06-14 16:42:09', 0),
	(969, 12, 21, 68.00, '期中', '正常成绩', '2026-06-14 16:41:54', '2026-06-14 16:42:09', 0),
	(970, 12, 22, 38.00, '期中', '正常成绩', '2026-06-14 16:41:54', '2026-06-14 16:42:09', 0),
	(971, 12, 23, 25.00, '期中', '正常成绩', '2026-06-14 16:41:54', '2026-06-14 16:42:09', 0),
	(972, 12, 24, 46.00, '期中', '正常成绩', '2026-06-14 16:41:54', '2026-06-14 16:42:09', 0),
	(973, 13, 19, 108.00, '期中', '正常成绩', '2026-06-14 16:41:54', '2026-06-14 16:42:09', 0),
	(974, 13, 20, 124.00, '期中', '正常成绩', '2026-06-14 16:41:54', '2026-06-14 16:42:09', 0),
	(975, 13, 21, 137.00, '期中', '正常成绩', '2026-06-14 16:41:54', '2026-06-14 16:42:09', 0),
	(976, 13, 22, 91.00, '期中', '正常成绩', '2026-06-14 16:41:54', '2026-06-14 16:42:09', 0),
	(977, 13, 23, 85.00, '期中', '正常成绩', '2026-06-14 16:41:54', '2026-06-14 16:42:09', 0),
	(978, 13, 24, 66.00, '期中', '正常成绩', '2026-06-14 16:41:54', '2026-06-14 16:42:09', 0),
	(979, 14, 19, 116.00, '期中', '正常成绩', '2026-06-14 16:41:54', '2026-06-14 16:42:09', 0),
	(980, 14, 20, 117.00, '期中', '正常成绩', '2026-06-14 16:41:54', '2026-06-14 16:42:09', 0),
	(981, 14, 21, 129.00, '期中', '正常成绩', '2026-06-14 16:41:54', '2026-06-14 16:42:09', 0),
	(982, 14, 22, 86.00, '期中', '正常成绩', '2026-06-14 16:41:54', '2026-06-14 16:42:09', 0),
	(983, 14, 23, 91.00, '期中', '正常成绩', '2026-06-14 16:41:54', '2026-06-14 16:42:09', 0),
	(984, 14, 24, 94.00, '期中', '正常成绩', '2026-06-14 16:41:54', '2026-06-14 16:42:09', 0),
	(985, 15, 19, 83.00, '期中', '正常成绩', '2026-06-14 16:41:54', '2026-06-14 16:42:09', 0),
	(986, 15, 20, 104.00, '期中', '正常成绩', '2026-06-14 16:41:54', '2026-06-14 16:42:09', 0),
	(987, 15, 21, 81.00, '期中', '正常成绩', '2026-06-14 16:41:54', '2026-06-14 16:42:09', 0),
	(988, 15, 22, 72.00, '期中', '正常成绩', '2026-06-14 16:41:54', '2026-06-14 16:42:09', 0),
	(989, 15, 23, 64.00, '期中', '正常成绩', '2026-06-14 16:41:54', '2026-06-14 16:42:09', 0),
	(990, 15, 24, 83.00, '期中', '正常成绩', '2026-06-14 16:41:54', '2026-06-14 16:42:09', 0),
	(991, 16, 19, 117.00, '期中', '正常成绩', '2026-06-14 16:41:54', '2026-06-14 16:42:09', 0),
	(992, 16, 20, 136.00, '期中', '正常成绩', '2026-06-14 16:41:54', '2026-06-14 16:42:09', 0),
	(993, 16, 21, 136.00, '期中', '正常成绩', '2026-06-14 16:41:54', '2026-06-14 16:42:09', 0),
	(994, 16, 22, 86.00, '期中', '正常成绩', '2026-06-14 16:41:54', '2026-06-14 16:42:09', 0),
	(995, 16, 23, 88.00, '期中', '正常成绩', '2026-06-14 16:41:54', '2026-06-14 16:42:09', 0),
	(996, 16, 24, 82.00, '期中', '正常成绩', '2026-06-14 16:41:54', '2026-06-14 16:42:09', 0),
	(997, 17, 19, 103.00, '期中', '正常成绩', '2026-06-14 16:41:54', '2026-06-14 16:42:09', 0),
	(998, 17, 20, 112.00, '期中', '正常成绩', '2026-06-14 16:41:54', '2026-06-14 16:42:09', 0),
	(999, 17, 21, 98.00, '期中', '正常成绩', '2026-06-14 16:41:54', '2026-06-14 16:42:09', 0),
	(1000, 17, 22, 57.00, '期中', '正常成绩', '2026-06-14 16:41:54', '2026-06-14 16:42:09', 0),
	(1001, 17, 23, 61.00, '期中', '正常成绩', '2026-06-14 16:41:54', '2026-06-14 16:42:09', 0),
	(1002, 17, 24, 77.00, '期中', '正常成绩', '2026-06-14 16:41:54', '2026-06-14 16:42:09', 0),
	(1003, 18, 19, 109.00, '期中', '正常成绩', '2026-06-14 16:41:54', '2026-06-14 16:42:09', 0),
	(1004, 18, 20, 84.00, '期中', '正常成绩', '2026-06-14 16:41:54', '2026-06-14 16:42:09', 0),
	(1005, 18, 21, 84.00, '期中', '正常成绩', '2026-06-14 16:41:54', '2026-06-14 16:42:09', 0),
	(1006, 18, 22, 79.00, '期中', '正常成绩', '2026-06-14 16:41:54', '2026-06-14 16:42:09', 0),
	(1007, 18, 23, 85.00, '期中', '正常成绩', '2026-06-14 16:41:54', '2026-06-14 16:42:09', 0),
	(1008, 18, 24, 68.00, '期中', '正常成绩', '2026-06-14 16:41:54', '2026-06-14 16:42:09', 0),
	(1009, 19, 19, 109.00, '期中', '正常成绩', '2026-06-14 16:41:54', '2026-06-14 16:42:09', 0),
	(1010, 19, 20, 119.00, '期中', '正常成绩', '2026-06-14 16:41:54', '2026-06-14 16:42:09', 0),
	(1011, 19, 21, 116.00, '期中', '正常成绩', '2026-06-14 16:41:54', '2026-06-14 16:42:09', 0),
	(1012, 19, 22, 81.00, '期中', '正常成绩', '2026-06-14 16:41:54', '2026-06-14 16:42:09', 0),
	(1013, 19, 23, 89.00, '期中', '正常成绩', '2026-06-14 16:41:54', '2026-06-14 16:42:09', 0),
	(1014, 19, 24, 89.00, '期中', '正常成绩', '2026-06-14 16:41:54', '2026-06-14 16:42:09', 0),
	(1015, 20, 19, 83.00, '期中', '正常成绩', '2026-06-14 16:41:54', '2026-06-14 16:42:09', 0),
	(1016, 20, 20, 95.00, '期中', '正常成绩', '2026-06-14 16:41:54', '2026-06-14 16:42:09', 0),
	(1017, 20, 21, 98.00, '期中', '正常成绩', '2026-06-14 16:41:54', '2026-06-14 16:42:09', 0),
	(1018, 20, 22, 76.00, '期中', '正常成绩', '2026-06-14 16:41:54', '2026-06-14 16:42:09', 0),
	(1019, 20, 23, 65.00, '期中', '正常成绩', '2026-06-14 16:41:54', '2026-06-14 16:42:09', 0),
	(1020, 20, 24, 67.00, '期中', '正常成绩', '2026-06-14 16:41:54', '2026-06-14 16:42:09', 0),
	(1021, 21, 19, 115.00, '期中', '正常成绩', '2026-06-14 16:41:54', '2026-06-14 16:42:09', 0),
	(1022, 21, 20, 102.00, '期中', '正常成绩', '2026-06-14 16:41:54', '2026-06-14 16:42:09', 0),
	(1023, 21, 21, 94.00, '期中', '正常成绩', '2026-06-14 16:41:54', '2026-06-14 16:42:09', 0),
	(1024, 21, 25, 65.00, '期中', '正常成绩', '2026-06-14 16:41:54', '2026-06-14 16:42:09', 0),
	(1025, 21, 26, 64.00, '期中', '正常成绩', '2026-06-14 16:41:54', '2026-06-14 16:42:09', 0),
	(1026, 21, 27, 74.00, '期中', '正常成绩', '2026-06-14 16:41:54', '2026-06-14 16:42:09', 0),
	(1027, 22, 19, 112.00, '期中', '正常成绩', '2026-06-14 16:41:54', '2026-06-14 16:42:09', 0),
	(1028, 22, 20, 101.00, '期中', '正常成绩', '2026-06-14 16:41:54', '2026-06-14 16:42:09', 0),
	(1029, 22, 21, 94.00, '期中', '正常成绩', '2026-06-14 16:41:54', '2026-06-14 16:42:09', 0),
	(1030, 22, 25, 71.00, '期中', '正常成绩', '2026-06-14 16:41:54', '2026-06-14 16:42:09', 0),
	(1031, 22, 26, 77.00, '期中', '正常成绩', '2026-06-14 16:41:54', '2026-06-14 16:42:09', 0),
	(1032, 22, 27, 77.00, '期中', '正常成绩', '2026-06-14 16:41:54', '2026-06-14 16:42:09', 0),
	(1033, 23, 19, 124.00, '期中', '正常成绩', '2026-06-14 16:41:54', '2026-06-14 16:42:09', 0),
	(1034, 23, 20, 131.00, '期中', '正常成绩', '2026-06-14 16:41:54', '2026-06-14 16:42:09', 0),
	(1035, 23, 21, 124.00, '期中', '正常成绩', '2026-06-14 16:41:54', '2026-06-14 16:42:09', 0),
	(1036, 23, 25, 95.00, '期中', '正常成绩', '2026-06-14 16:41:54', '2026-06-14 16:42:09', 0),
	(1037, 23, 26, 83.00, '期中', '正常成绩', '2026-06-14 16:41:54', '2026-06-14 16:42:09', 0),
	(1038, 23, 27, 86.00, '期中', '正常成绩', '2026-06-14 16:41:54', '2026-06-14 16:42:09', 0),
	(1039, 24, 19, 127.00, '期中', '正常成绩', '2026-06-14 16:41:54', '2026-06-14 16:42:09', 0),
	(1040, 24, 20, 122.00, '期中', '正常成绩', '2026-06-14 16:41:54', '2026-06-14 16:42:09', 0),
	(1041, 24, 21, 120.00, '期中', '正常成绩', '2026-06-14 16:41:54', '2026-06-14 16:42:09', 0),
	(1042, 24, 25, 89.00, '期中', '正常成绩', '2026-06-14 16:41:54', '2026-06-14 16:42:09', 0),
	(1043, 24, 26, 88.00, '期中', '正常成绩', '2026-06-14 16:41:54', '2026-06-14 16:42:09', 0),
	(1044, 24, 27, 99.00, '期中', '正常成绩', '2026-06-14 16:41:54', '2026-06-14 16:42:09', 0),
	(1045, 25, 19, 82.00, '期中', '正常成绩', '2026-06-14 16:41:54', '2026-06-14 16:42:09', 0),
	(1046, 25, 20, 83.00, '期中', '正常成绩', '2026-06-14 16:41:54', '2026-06-14 16:42:09', 0),
	(1047, 25, 21, 74.00, '期中', '正常成绩', '2026-06-14 16:41:54', '2026-06-14 16:42:09', 0),
	(1048, 25, 25, 40.00, '期中', '正常成绩', '2026-06-14 16:41:54', '2026-06-14 16:42:09', 0),
	(1049, 25, 26, 42.00, '期中', '正常成绩', '2026-06-14 16:41:54', '2026-06-14 16:42:09', 0),
	(1050, 25, 27, 54.00, '期中', '正常成绩', '2026-06-14 16:41:54', '2026-06-14 16:42:09', 0),
	(1051, 26, 19, 130.00, '期中', '正常成绩', '2026-06-14 16:41:54', '2026-06-14 16:42:09', 0),
	(1052, 26, 20, 118.00, '期中', '正常成绩', '2026-06-14 16:41:54', '2026-06-14 16:42:09', 0),
	(1053, 26, 21, 130.00, '期中', '正常成绩', '2026-06-14 16:41:54', '2026-06-14 16:42:09', 0),
	(1054, 26, 25, 98.00, '期中', '正常成绩', '2026-06-14 16:41:54', '2026-06-14 16:42:09', 0),
	(1055, 26, 26, 87.00, '期中', '正常成绩', '2026-06-14 16:41:54', '2026-06-14 16:42:09', 0),
	(1056, 26, 27, 90.00, '期中', '正常成绩', '2026-06-14 16:41:54', '2026-06-14 16:42:09', 0),
	(1057, 27, 19, 108.00, '期中', '正常成绩', '2026-06-14 16:41:54', '2026-06-14 16:42:09', 0),
	(1058, 27, 20, 84.00, '期中', '正常成绩', '2026-06-14 16:41:54', '2026-06-14 16:42:09', 0),
	(1059, 27, 21, 97.00, '期中', '正常成绩', '2026-06-14 16:41:54', '2026-06-14 16:42:09', 0),
	(1060, 27, 25, 76.00, '期中', '正常成绩', '2026-06-14 16:41:54', '2026-06-14 16:42:09', 0),
	(1061, 27, 26, 74.00, '期中', '正常成绩', '2026-06-14 16:41:54', '2026-06-14 16:42:09', 0),
	(1062, 27, 27, 78.00, '期中', '正常成绩', '2026-06-14 16:41:54', '2026-06-14 16:42:09', 0),
	(1063, 28, 19, 95.00, '期中', '正常成绩', '2026-06-14 16:41:54', '2026-06-14 16:42:09', 0),
	(1064, 28, 20, 105.00, '期中', '正常成绩', '2026-06-14 16:41:54', '2026-06-14 16:42:09', 0),
	(1065, 28, 21, 89.00, '期中', '正常成绩', '2026-06-14 16:41:54', '2026-06-14 16:42:09', 0),
	(1066, 28, 25, 62.00, '期中', '正常成绩', '2026-06-14 16:41:54', '2026-06-14 16:42:09', 0),
	(1067, 28, 26, 55.00, '期中', '正常成绩', '2026-06-14 16:41:54', '2026-06-14 16:42:09', 0),
	(1068, 28, 27, 65.00, '期中', '正常成绩', '2026-06-14 16:41:54', '2026-06-14 16:42:09', 0),
	(1069, 29, 19, 119.00, '期中', '正常成绩', '2026-06-14 16:41:54', '2026-06-14 16:42:09', 0),
	(1070, 29, 20, 129.00, '期中', '正常成绩', '2026-06-14 16:41:54', '2026-06-14 16:42:09', 0),
	(1071, 29, 21, 134.00, '期中', '正常成绩', '2026-06-14 16:41:54', '2026-06-14 16:42:09', 0),
	(1072, 29, 25, 89.00, '期中', '正常成绩', '2026-06-14 16:41:54', '2026-06-14 16:42:09', 0),
	(1073, 29, 26, 78.00, '期中', '正常成绩', '2026-06-14 16:41:54', '2026-06-14 16:42:09', 0),
	(1074, 29, 27, 92.00, '期中', '正常成绩', '2026-06-14 16:41:54', '2026-06-14 16:42:09', 0),
	(1075, 30, 19, 89.00, '期中', '正常成绩', '2026-06-14 16:41:54', '2026-06-14 16:42:09', 0),
	(1076, 30, 20, 105.00, '期中', '正常成绩', '2026-06-14 16:41:54', '2026-06-14 16:42:09', 0),
	(1077, 30, 21, 91.00, '期中', '正常成绩', '2026-06-14 16:41:54', '2026-06-14 16:42:09', 0),
	(1078, 30, 25, 57.00, '期中', '正常成绩', '2026-06-14 16:41:54', '2026-06-14 16:42:09', 0),
	(1079, 30, 26, 74.00, '期中', '正常成绩', '2026-06-14 16:41:54', '2026-06-14 16:42:09', 0),
	(1080, 30, 27, 73.00, '期中', '正常成绩', '2026-06-14 16:41:54', '2026-06-14 16:42:09', 0),
	(1081, 1, 28, 100.00, '期末', '正常成绩', '2026-06-11 20:38:23', '2026-06-11 20:38:23', 0),
	(1082, 1, 29, 91.00, '期末', '正常成绩', '2026-06-11 20:38:23', '2026-06-11 20:38:23', 0),
	(1083, 1, 30, 116.00, '期末', '正常成绩', '2026-06-11 20:38:23', '2026-06-11 20:38:23', 0),
	(1084, 1, 31, 81.00, '期末', '正常成绩', '2026-06-11 20:38:23', '2026-06-11 20:38:23', 0),
	(1085, 1, 32, 86.00, '期末', '正常成绩', '2026-06-11 20:38:23', '2026-06-11 20:38:23', 0),
	(1086, 1, 33, 86.00, '期末', '正常成绩', '2026-06-11 20:38:23', '2026-06-11 20:38:23', 0),
	(1087, 2, 28, 131.00, '期末', '正常成绩', '2026-06-11 20:38:23', '2026-06-11 20:38:23', 0),
	(1088, 2, 29, 129.00, '期末', '正常成绩', '2026-06-11 20:38:23', '2026-06-11 20:38:23', 0),
	(1089, 2, 30, 121.00, '期末', '正常成绩', '2026-06-11 20:38:23', '2026-06-11 20:38:23', 0),
	(1090, 2, 31, 88.00, '期末', '正常成绩', '2026-06-11 20:38:23', '2026-06-11 20:38:23', 0),
	(1091, 2, 32, 83.00, '期末', '正常成绩', '2026-06-11 20:38:23', '2026-06-11 20:38:23', 0),
	(1092, 2, 33, 95.00, '期末', '正常成绩', '2026-06-11 20:38:23', '2026-06-11 20:38:23', 0),
	(1093, 3, 28, 133.00, '期末', '正常成绩', '2026-06-11 20:38:23', '2026-06-11 20:38:23', 0),
	(1094, 3, 29, 128.00, '期末', '正常成绩', '2026-06-11 20:38:23', '2026-06-11 20:38:23', 0),
	(1095, 3, 30, 132.00, '期末', '正常成绩', '2026-06-11 20:38:23', '2026-06-11 20:38:23', 0),
	(1096, 3, 31, 99.00, '期末', '正常成绩', '2026-06-11 20:38:23', '2026-06-11 20:38:23', 0),
	(1097, 3, 32, 99.00, '期末', '正常成绩', '2026-06-11 20:38:23', '2026-06-11 20:38:23', 0),
	(1098, 3, 33, 86.00, '期末', '正常成绩', '2026-06-11 20:38:23', '2026-06-11 20:38:23', 0),
	(1099, 4, 28, 98.00, '期末', '正常成绩', '2026-06-11 20:38:23', '2026-06-11 20:38:23', 0),
	(1100, 4, 29, 126.00, '期末', '正常成绩', '2026-06-11 20:38:23', '2026-06-11 20:38:23', 0),
	(1101, 4, 30, 115.00, '期末', '正常成绩', '2026-06-11 20:38:23', '2026-06-11 20:38:23', 0),
	(1102, 4, 31, 83.00, '期末', '正常成绩', '2026-06-11 20:38:23', '2026-06-11 20:38:23', 0),
	(1103, 4, 32, 82.00, '期末', '正常成绩', '2026-06-11 20:38:23', '2026-06-11 20:38:23', 0),
	(1104, 4, 33, 75.00, '期末', '正常成绩', '2026-06-11 20:38:23', '2026-06-11 20:38:23', 0),
	(1105, 5, 28, 112.00, '期末', '正常成绩', '2026-06-11 20:38:23', '2026-06-11 20:38:23', 0),
	(1106, 5, 29, 107.00, '期末', '正常成绩', '2026-06-11 20:38:23', '2026-06-11 20:38:23', 0),
	(1107, 5, 30, 136.00, '期末', '正常成绩', '2026-06-11 20:38:23', '2026-06-11 20:38:23', 0),
	(1108, 5, 31, 100.00, '期末', '正常成绩', '2026-06-11 20:38:23', '2026-06-11 20:38:23', 0),
	(1109, 5, 32, 81.00, '期末', '正常成绩', '2026-06-11 20:38:23', '2026-06-11 20:38:23', 0),
	(1110, 5, 33, 87.00, '期末', '正常成绩', '2026-06-11 20:38:23', '2026-06-11 20:38:23', 0),
	(1111, 6, 28, 100.00, '期末', '正常成绩', '2026-06-11 20:38:23', '2026-06-11 20:38:23', 0),
	(1112, 6, 29, 96.00, '期末', '正常成绩', '2026-06-11 20:38:23', '2026-06-11 20:38:23', 0),
	(1113, 6, 30, 110.00, '期末', '正常成绩', '2026-06-11 20:38:23', '2026-06-11 20:38:23', 0),
	(1114, 6, 31, 65.00, '期末', '正常成绩', '2026-06-11 20:38:23', '2026-06-11 20:38:23', 0),
	(1115, 6, 32, 77.00, '期末', '正常成绩', '2026-06-11 20:38:23', '2026-06-11 20:38:23', 0),
	(1116, 6, 33, 68.00, '期末', '正常成绩', '2026-06-11 20:38:23', '2026-06-11 20:38:23', 0),
	(1117, 7, 28, 127.00, '期末', '正常成绩', '2026-06-11 20:38:23', '2026-06-11 20:38:23', 0),
	(1118, 7, 29, 123.00, '期末', '正常成绩', '2026-06-11 20:38:23', '2026-06-11 20:38:23', 0),
	(1119, 7, 30, 139.00, '期末', '正常成绩', '2026-06-11 20:38:23', '2026-06-11 20:38:23', 0),
	(1120, 7, 31, 93.00, '期末', '正常成绩', '2026-06-11 20:38:23', '2026-06-11 20:38:23', 0),
	(1121, 7, 32, 87.00, '期末', '正常成绩', '2026-06-11 20:38:23', '2026-06-11 20:38:23', 0),
	(1122, 7, 33, 94.00, '期末', '正常成绩', '2026-06-11 20:38:23', '2026-06-11 20:38:23', 0),
	(1123, 8, 28, 95.00, '期末', '正常成绩', '2026-06-11 20:38:23', '2026-06-11 20:38:23', 0),
	(1124, 8, 29, 111.00, '期末', '正常成绩', '2026-06-11 20:38:23', '2026-06-11 20:38:23', 0),
	(1125, 8, 30, 97.00, '期末', '正常成绩', '2026-06-11 20:38:23', '2026-06-11 20:38:23', 0),
	(1126, 8, 31, 74.00, '期末', '正常成绩', '2026-06-11 20:38:23', '2026-06-11 20:38:23', 0),
	(1127, 8, 32, 72.00, '期末', '正常成绩', '2026-06-11 20:38:23', '2026-06-11 20:38:23', 0),
	(1128, 8, 33, 64.00, '期末', '正常成绩', '2026-06-11 20:38:23', '2026-06-11 20:38:23', 0),
	(1129, 9, 28, 111.00, '期末', '正常成绩', '2026-06-11 20:38:23', '2026-06-11 20:38:23', 0),
	(1130, 9, 29, 106.00, '期末', '正常成绩', '2026-06-11 20:38:23', '2026-06-11 20:38:23', 0),
	(1131, 9, 30, 91.00, '期末', '正常成绩', '2026-06-11 20:38:23', '2026-06-11 20:38:23', 0),
	(1132, 9, 31, 72.00, '期末', '正常成绩', '2026-06-11 20:38:23', '2026-06-11 20:38:23', 0),
	(1133, 9, 32, 82.00, '期末', '正常成绩', '2026-06-11 20:38:23', '2026-06-11 20:38:23', 0),
	(1134, 9, 33, 67.00, '期末', '正常成绩', '2026-06-11 20:38:23', '2026-06-11 20:38:23', 0),
	(1135, 10, 28, 113.00, '期末', '正常成绩', '2026-06-11 20:38:23', '2026-06-11 20:38:23', 0),
	(1136, 10, 29, 106.00, '期末', '正常成绩', '2026-06-11 20:38:23', '2026-06-11 20:38:23', 0),
	(1137, 10, 30, 84.00, '期末', '正常成绩', '2026-06-11 20:38:23', '2026-06-11 20:38:23', 0),
	(1138, 10, 31, 83.00, '期末', '正常成绩', '2026-06-11 20:38:23', '2026-06-11 20:38:23', 0),
	(1139, 10, 32, 74.00, '期末', '正常成绩', '2026-06-11 20:38:23', '2026-06-11 20:38:23', 0),
	(1140, 10, 33, 84.00, '期末', '正常成绩', '2026-06-11 20:38:23', '2026-06-11 20:38:23', 0),
	(1141, 11, 28, 60.00, '期末', '正常成绩', '2026-06-11 20:38:23', '2026-06-11 20:38:23', 0),
	(1142, 11, 29, 75.00, '期末', '正常成绩', '2026-06-11 20:38:23', '2026-06-11 20:38:23', 0),
	(1143, 11, 30, 75.00, '期末', '正常成绩', '2026-06-11 20:38:23', '2026-06-11 20:38:23', 0),
	(1144, 11, 31, 62.00, '期末', '正常成绩', '2026-06-11 20:38:23', '2026-06-11 20:38:23', 0),
	(1145, 11, 32, 44.00, '期末', '正常成绩', '2026-06-11 20:38:23', '2026-06-11 20:38:23', 0),
	(1146, 11, 33, 44.00, '期末', '正常成绩', '2026-06-11 20:38:23', '2026-06-11 20:38:23', 0),
	(1147, 12, 28, 72.00, '期末', '正常成绩', '2026-06-11 20:38:23', '2026-06-11 20:38:23', 0),
	(1148, 12, 29, 75.00, '期末', '正常成绩', '2026-06-11 20:38:23', '2026-06-11 20:38:23', 0),
	(1149, 12, 30, 91.00, '期末', '正常成绩', '2026-06-11 20:38:23', '2026-06-11 20:38:23', 0),
	(1150, 12, 31, 71.00, '期末', '正常成绩', '2026-06-11 20:38:23', '2026-06-11 20:38:23', 0),
	(1151, 12, 32, 75.00, '期末', '正常成绩', '2026-06-11 20:38:23', '2026-06-11 20:38:23', 0),
	(1152, 12, 33, 35.00, '期末', '正常成绩', '2026-06-11 20:38:23', '2026-06-11 20:38:23', 0),
	(1153, 13, 28, 124.00, '期末', '正常成绩', '2026-06-11 20:38:23', '2026-06-11 20:38:23', 0),
	(1154, 13, 29, 120.00, '期末', '正常成绩', '2026-06-11 20:38:23', '2026-06-11 20:38:23', 0),
	(1155, 13, 30, 120.00, '期末', '正常成绩', '2026-06-11 20:38:23', '2026-06-11 20:38:23', 0),
	(1156, 13, 31, 81.00, '期末', '正常成绩', '2026-06-11 20:38:23', '2026-06-11 20:38:23', 0),
	(1157, 13, 32, 91.00, '期末', '正常成绩', '2026-06-11 20:38:23', '2026-06-11 20:38:23', 0),
	(1158, 13, 33, 70.00, '期末', '正常成绩', '2026-06-11 20:38:23', '2026-06-11 20:38:23', 0),
	(1159, 14, 28, 116.00, '期末', '正常成绩', '2026-06-11 20:38:23', '2026-06-11 20:38:23', 0),
	(1160, 14, 29, 114.00, '期末', '正常成绩', '2026-06-11 20:38:23', '2026-06-11 20:38:23', 0),
	(1161, 14, 30, 126.00, '期末', '正常成绩', '2026-06-11 20:38:23', '2026-06-11 20:38:23', 0),
	(1162, 14, 31, 92.00, '期末', '正常成绩', '2026-06-11 20:38:23', '2026-06-11 20:38:23', 0),
	(1163, 14, 32, 80.00, '期末', '正常成绩', '2026-06-11 20:38:23', '2026-06-11 20:38:23', 0),
	(1164, 14, 33, 95.00, '期末', '正常成绩', '2026-06-11 20:38:23', '2026-06-11 20:38:23', 0),
	(1165, 15, 28, 108.00, '期末', '正常成绩', '2026-06-11 20:38:23', '2026-06-11 20:38:23', 0),
	(1166, 15, 29, 104.00, '期末', '正常成绩', '2026-06-11 20:38:23', '2026-06-11 20:38:23', 0),
	(1167, 15, 30, 98.00, '期末', '正常成绩', '2026-06-11 20:38:23', '2026-06-11 20:38:23', 0),
	(1168, 15, 31, 73.00, '期末', '正常成绩', '2026-06-11 20:38:23', '2026-06-11 20:38:23', 0),
	(1169, 15, 32, 79.00, '期末', '正常成绩', '2026-06-11 20:38:23', '2026-06-11 20:38:23', 0),
	(1170, 15, 33, 80.00, '期末', '正常成绩', '2026-06-11 20:38:23', '2026-06-11 20:38:23', 0),
	(1171, 16, 28, 120.00, '期末', '正常成绩', '2026-06-11 20:38:23', '2026-06-11 20:38:23', 0),
	(1172, 16, 29, 140.00, '期末', '正常成绩', '2026-06-11 20:38:23', '2026-06-11 20:38:23', 0),
	(1173, 16, 30, 115.00, '期末', '正常成绩', '2026-06-11 20:38:23', '2026-06-11 20:38:23', 0),
	(1174, 16, 31, 90.00, '期末', '正常成绩', '2026-06-11 20:38:23', '2026-06-11 20:38:23', 0),
	(1175, 16, 32, 98.00, '期末', '正常成绩', '2026-06-11 20:38:23', '2026-06-11 20:38:23', 0),
	(1176, 16, 33, 90.00, '期末', '正常成绩', '2026-06-11 20:38:23', '2026-06-11 20:38:23', 0),
	(1177, 17, 28, 96.00, '期末', '正常成绩', '2026-06-11 20:38:23', '2026-06-11 20:38:23', 0),
	(1178, 17, 29, 104.00, '期末', '正常成绩', '2026-06-11 20:38:23', '2026-06-11 20:38:23', 0),
	(1179, 17, 30, 116.00, '期末', '正常成绩', '2026-06-11 20:38:23', '2026-06-11 20:38:23', 0),
	(1180, 17, 31, 77.00, '期末', '正常成绩', '2026-06-11 20:38:23', '2026-06-11 20:38:23', 0),
	(1181, 17, 32, 90.00, '期末', '正常成绩', '2026-06-11 20:38:23', '2026-06-11 20:38:23', 0),
	(1182, 17, 33, 73.00, '期末', '正常成绩', '2026-06-11 20:38:23', '2026-06-11 20:38:23', 0),
	(1183, 18, 28, 90.00, '期末', '正常成绩', '2026-06-11 20:38:23', '2026-06-11 20:38:23', 0),
	(1184, 18, 29, 112.00, '期末', '正常成绩', '2026-06-11 20:38:23', '2026-06-11 20:38:23', 0),
	(1185, 18, 30, 107.00, '期末', '正常成绩', '2026-06-11 20:38:23', '2026-06-11 20:38:23', 0),
	(1186, 18, 31, 65.00, '期末', '正常成绩', '2026-06-11 20:38:23', '2026-06-11 20:38:23', 0),
	(1187, 18, 32, 72.00, '期末', '正常成绩', '2026-06-11 20:38:23', '2026-06-11 20:38:23', 0),
	(1188, 18, 33, 71.00, '期末', '正常成绩', '2026-06-11 20:38:23', '2026-06-11 20:38:23', 0),
	(1189, 19, 28, 131.00, '期末', '正常成绩', '2026-06-11 20:38:23', '2026-06-11 20:38:23', 0),
	(1190, 19, 29, 140.00, '期末', '正常成绩', '2026-06-11 20:38:23', '2026-06-11 20:38:23', 0),
	(1191, 19, 30, 130.00, '期末', '正常成绩', '2026-06-11 20:38:23', '2026-06-11 20:38:23', 0),
	(1192, 19, 31, 77.00, '期末', '正常成绩', '2026-06-11 20:38:23', '2026-06-11 20:38:23', 0),
	(1193, 19, 32, 83.00, '期末', '正常成绩', '2026-06-11 20:38:23', '2026-06-11 20:38:23', 0),
	(1194, 19, 33, 88.00, '期末', '正常成绩', '2026-06-11 20:38:23', '2026-06-11 20:38:23', 0),
	(1195, 20, 28, 116.00, '期末', '正常成绩', '2026-06-11 20:38:23', '2026-06-11 20:38:23', 0),
	(1196, 20, 29, 117.00, '期末', '正常成绩', '2026-06-11 20:38:23', '2026-06-11 20:38:23', 0),
	(1197, 20, 30, 105.00, '期末', '正常成绩', '2026-06-11 20:38:23', '2026-06-11 20:38:23', 0),
	(1198, 20, 31, 61.00, '期末', '正常成绩', '2026-06-11 20:38:23', '2026-06-11 20:38:23', 0),
	(1199, 20, 32, 65.00, '期末', '正常成绩', '2026-06-11 20:38:23', '2026-06-11 20:38:23', 0),
	(1200, 20, 33, 66.00, '期末', '正常成绩', '2026-06-11 20:38:23', '2026-06-11 20:38:23', 0),
	(1201, 21, 28, 102.00, '期末', '正常成绩', '2026-06-11 20:38:23', '2026-06-11 20:38:23', 0),
	(1202, 21, 29, 109.00, '期末', '正常成绩', '2026-06-11 20:38:23', '2026-06-11 20:38:23', 0),
	(1203, 21, 30, 107.00, '期末', '正常成绩', '2026-06-11 20:38:23', '2026-06-11 20:38:23', 0),
	(1204, 21, 34, 69.00, '期末', '正常成绩', '2026-06-11 20:38:23', '2026-06-11 20:38:23', 0),
	(1205, 21, 35, 77.00, '期末', '正常成绩', '2026-06-11 20:38:23', '2026-06-11 20:38:23', 0),
	(1206, 21, 36, 63.00, '期末', '正常成绩', '2026-06-11 20:38:23', '2026-06-11 20:38:23', 0),
	(1207, 22, 28, 89.00, '期末', '正常成绩', '2026-06-11 20:38:23', '2026-06-11 20:38:23', 0),
	(1208, 22, 29, 122.00, '期末', '正常成绩', '2026-06-11 20:38:23', '2026-06-11 20:38:23', 0),
	(1209, 22, 30, 97.00, '期末', '正常成绩', '2026-06-11 20:38:23', '2026-06-11 20:38:23', 0),
	(1210, 22, 34, 75.00, '期末', '正常成绩', '2026-06-11 20:38:23', '2026-06-11 20:38:23', 0),
	(1211, 22, 35, 69.00, '期末', '正常成绩', '2026-06-11 20:38:23', '2026-06-11 20:38:23', 0),
	(1212, 22, 36, 58.00, '期末', '正常成绩', '2026-06-11 20:38:23', '2026-06-11 20:38:23', 0),
	(1213, 23, 28, 114.00, '期末', '正常成绩', '2026-06-11 20:38:23', '2026-06-11 20:38:23', 0),
	(1214, 23, 29, 137.00, '期末', '正常成绩', '2026-06-11 20:38:23', '2026-06-11 20:38:23', 0),
	(1215, 23, 30, 123.00, '期末', '正常成绩', '2026-06-11 20:38:23', '2026-06-11 20:38:23', 0),
	(1216, 23, 34, 86.00, '期末', '正常成绩', '2026-06-11 20:38:23', '2026-06-11 20:38:23', 0),
	(1217, 23, 35, 85.00, '期末', '正常成绩', '2026-06-11 20:38:23', '2026-06-11 20:38:23', 0),
	(1218, 23, 36, 85.00, '期末', '正常成绩', '2026-06-11 20:38:23', '2026-06-11 20:38:23', 0),
	(1219, 24, 28, 132.00, '期末', '正常成绩', '2026-06-11 20:38:23', '2026-06-11 20:38:23', 0),
	(1220, 24, 29, 115.00, '期末', '正常成绩', '2026-06-11 20:38:23', '2026-06-11 20:38:23', 0),
	(1221, 24, 30, 126.00, '期末', '正常成绩', '2026-06-11 20:38:23', '2026-06-11 20:38:23', 0),
	(1222, 24, 34, 81.00, '期末', '正常成绩', '2026-06-11 20:38:23', '2026-06-11 20:38:23', 0),
	(1223, 24, 35, 76.00, '期末', '正常成绩', '2026-06-11 20:38:23', '2026-06-11 20:38:23', 0),
	(1224, 24, 36, 72.00, '期末', '正常成绩', '2026-06-11 20:38:23', '2026-06-11 20:38:23', 0),
	(1225, 25, 28, 66.00, '期末', '正常成绩', '2026-06-11 20:38:23', '2026-06-11 20:38:23', 0),
	(1226, 25, 29, 64.00, '期末', '正常成绩', '2026-06-11 20:38:23', '2026-06-11 20:38:23', 0),
	(1227, 25, 30, 70.00, '期末', '正常成绩', '2026-06-11 20:38:23', '2026-06-11 20:38:23', 0),
	(1228, 25, 34, 43.00, '期末', '正常成绩', '2026-06-11 20:38:23', '2026-06-11 20:38:23', 0),
	(1229, 25, 35, 54.00, '期末', '正常成绩', '2026-06-11 20:38:23', '2026-06-11 20:38:23', 0),
	(1230, 25, 36, 47.00, '期末', '正常成绩', '2026-06-11 20:38:23', '2026-06-11 20:38:23', 0),
	(1231, 26, 28, 127.00, '期末', '正常成绩', '2026-06-11 20:38:23', '2026-06-11 20:38:23', 0),
	(1232, 26, 29, 126.00, '期末', '正常成绩', '2026-06-11 20:38:23', '2026-06-11 20:38:23', 0),
	(1233, 26, 30, 129.00, '期末', '正常成绩', '2026-06-11 20:38:23', '2026-06-11 20:38:23', 0),
	(1234, 26, 34, 89.00, '期末', '正常成绩', '2026-06-11 20:38:23', '2026-06-11 20:38:23', 0),
	(1235, 26, 35, 93.00, '期末', '正常成绩', '2026-06-11 20:38:23', '2026-06-11 20:38:23', 0),
	(1236, 26, 36, 96.00, '期末', '正常成绩', '2026-06-11 20:38:23', '2026-06-11 20:38:23', 0),
	(1237, 27, 28, 101.00, '期末', '正常成绩', '2026-06-11 20:38:23', '2026-06-11 20:38:23', 0),
	(1238, 27, 29, 110.00, '期末', '正常成绩', '2026-06-11 20:38:23', '2026-06-11 20:38:23', 0),
	(1239, 27, 30, 84.00, '期末', '正常成绩', '2026-06-11 20:38:23', '2026-06-11 20:38:23', 0),
	(1240, 27, 34, 68.00, '期末', '正常成绩', '2026-06-11 20:38:23', '2026-06-11 20:38:23', 0),
	(1241, 27, 35, 73.00, '期末', '正常成绩', '2026-06-11 20:38:23', '2026-06-11 20:38:23', 0),
	(1242, 27, 36, 75.00, '期末', '正常成绩', '2026-06-11 20:38:23', '2026-06-11 20:38:23', 0),
	(1243, 28, 28, 120.00, '期末', '正常成绩', '2026-06-11 20:38:23', '2026-06-11 20:38:23', 0),
	(1244, 28, 29, 92.00, '期末', '正常成绩', '2026-06-11 20:38:23', '2026-06-11 20:38:23', 0),
	(1245, 28, 30, 116.00, '期末', '正常成绩', '2026-06-11 20:38:23', '2026-06-11 20:38:23', 0),
	(1246, 28, 34, 64.00, '期末', '正常成绩', '2026-06-11 20:38:23', '2026-06-11 20:38:23', 0),
	(1247, 28, 35, 78.00, '期末', '正常成绩', '2026-06-11 20:38:23', '2026-06-11 20:38:23', 0),
	(1248, 28, 36, 83.00, '期末', '正常成绩', '2026-06-11 20:38:23', '2026-06-11 20:38:23', 0),
	(1249, 29, 28, 115.00, '期末', '正常成绩', '2026-06-11 20:38:23', '2026-06-11 20:38:23', 0),
	(1250, 29, 29, 113.00, '期末', '正常成绩', '2026-06-11 20:38:23', '2026-06-11 20:38:23', 0),
	(1251, 29, 30, 139.00, '期末', '正常成绩', '2026-06-11 20:38:23', '2026-06-11 20:38:23', 0),
	(1252, 29, 34, 100.00, '期末', '正常成绩', '2026-06-11 20:38:23', '2026-06-11 20:38:23', 0),
	(1253, 29, 35, 80.00, '期末', '正常成绩', '2026-06-11 20:38:23', '2026-06-11 20:38:23', 0),
	(1254, 29, 36, 89.00, '期末', '正常成绩', '2026-06-11 20:38:23', '2026-06-11 20:38:23', 0),
	(1255, 30, 28, 94.00, '期末', '正常成绩', '2026-06-11 20:38:23', '2026-06-11 20:38:23', 0),
	(1256, 30, 29, 105.00, '期末', '正常成绩', '2026-06-11 20:38:23', '2026-06-11 20:38:23', 0),
	(1257, 30, 30, 96.00, '期末', '正常成绩', '2026-06-11 20:38:23', '2026-06-11 20:38:23', 0),
	(1258, 30, 34, 73.00, '期末', '正常成绩', '2026-06-11 20:38:23', '2026-06-11 20:38:23', 0),
	(1259, 30, 35, 77.00, '期末', '正常成绩', '2026-06-11 20:38:23', '2026-06-11 20:38:23', 0),
	(1260, 30, 36, 79.00, '期末', '正常成绩', '2026-06-11 20:38:23', '2026-06-11 20:38:23', 0),
	(1261, 1, 28, 92.00, '期中', '正常成绩', '2026-06-14 16:41:54', '2026-06-14 16:42:09', 0),
	(1262, 1, 29, 85.00, '期中', '正常成绩', '2026-06-14 16:41:54', '2026-06-14 16:42:09', 0),
	(1263, 1, 30, 84.00, '期中', '正常成绩', '2026-06-14 16:41:54', '2026-06-14 16:42:09', 0),
	(1264, 1, 31, 59.00, '期中', '正常成绩', '2026-06-14 16:41:54', '2026-06-14 16:42:09', 0),
	(1265, 1, 32, 71.00, '期中', '正常成绩', '2026-06-14 16:41:54', '2026-06-14 16:42:09', 0),
	(1266, 1, 33, 76.00, '期中', '正常成绩', '2026-06-14 16:41:54', '2026-06-14 16:42:09', 0),
	(1267, 2, 28, 123.00, '期中', '正常成绩', '2026-06-14 16:41:54', '2026-06-14 16:42:09', 0),
	(1268, 2, 29, 127.00, '期中', '正常成绩', '2026-06-14 16:41:54', '2026-06-14 16:42:09', 0),
	(1269, 2, 30, 118.00, '期中', '正常成绩', '2026-06-14 16:41:54', '2026-06-14 16:42:09', 0),
	(1270, 2, 31, 82.00, '期中', '正常成绩', '2026-06-14 16:41:54', '2026-06-14 16:42:09', 0),
	(1271, 2, 32, 86.00, '期中', '正常成绩', '2026-06-14 16:41:54', '2026-06-14 16:42:09', 0),
	(1272, 2, 33, 90.00, '期中', '正常成绩', '2026-06-14 16:41:54', '2026-06-14 16:42:09', 0),
	(1273, 3, 28, 117.00, '期中', '正常成绩', '2026-06-14 16:41:54', '2026-06-14 16:42:09', 0),
	(1274, 3, 29, 112.00, '期中', '正常成绩', '2026-06-14 16:41:54', '2026-06-14 16:42:09', 0),
	(1275, 3, 30, 128.00, '期中', '正常成绩', '2026-06-14 16:41:54', '2026-06-14 16:42:09', 0),
	(1276, 3, 31, 79.00, '期中', '正常成绩', '2026-06-14 16:41:54', '2026-06-14 16:42:09', 0),
	(1277, 3, 32, 80.00, '期中', '正常成绩', '2026-06-14 16:41:54', '2026-06-14 16:42:09', 0),
	(1278, 3, 33, 95.00, '期中', '正常成绩', '2026-06-14 16:41:54', '2026-06-14 16:42:09', 0),
	(1279, 4, 28, 109.00, '期中', '正常成绩', '2026-06-14 16:41:54', '2026-06-14 16:42:09', 0),
	(1280, 4, 29, 103.00, '期中', '正常成绩', '2026-06-14 16:41:54', '2026-06-14 16:42:09', 0),
	(1281, 4, 30, 108.00, '期中', '正常成绩', '2026-06-14 16:41:54', '2026-06-14 16:42:09', 0),
	(1282, 4, 31, 54.00, '期中', '正常成绩', '2026-06-14 16:41:54', '2026-06-14 16:42:09', 0),
	(1283, 4, 32, 72.00, '期中', '正常成绩', '2026-06-14 16:41:54', '2026-06-14 16:42:09', 0),
	(1284, 4, 33, 58.00, '期中', '正常成绩', '2026-06-14 16:41:54', '2026-06-14 16:42:09', 0),
	(1285, 5, 28, 102.00, '期中', '正常成绩', '2026-06-14 16:41:54', '2026-06-14 16:42:09', 0),
	(1286, 5, 29, 113.00, '期中', '正常成绩', '2026-06-14 16:41:54', '2026-06-14 16:42:09', 0),
	(1287, 5, 30, 132.00, '期中', '正常成绩', '2026-06-14 16:41:54', '2026-06-14 16:42:09', 0),
	(1288, 5, 31, 97.00, '期中', '正常成绩', '2026-06-14 16:41:54', '2026-06-14 16:42:09', 0),
	(1289, 5, 32, 83.00, '期中', '正常成绩', '2026-06-14 16:41:54', '2026-06-14 16:42:09', 0),
	(1290, 5, 33, 70.00, '期中', '正常成绩', '2026-06-14 16:41:54', '2026-06-14 16:42:09', 0),
	(1291, 6, 28, 103.00, '期中', '正常成绩', '2026-06-14 16:41:54', '2026-06-14 16:42:09', 0),
	(1292, 6, 29, 106.00, '期中', '正常成绩', '2026-06-14 16:41:54', '2026-06-14 16:42:09', 0),
	(1293, 6, 30, 105.00, '期中', '正常成绩', '2026-06-14 16:41:54', '2026-06-14 16:42:09', 0),
	(1294, 6, 31, 84.00, '期中', '正常成绩', '2026-06-14 16:41:54', '2026-06-14 16:42:09', 0),
	(1295, 6, 32, 55.00, '期中', '正常成绩', '2026-06-14 16:41:54', '2026-06-14 16:42:09', 0),
	(1296, 6, 33, 72.00, '期中', '正常成绩', '2026-06-14 16:41:54', '2026-06-14 16:42:09', 0),
	(1297, 7, 28, 124.00, '期中', '正常成绩', '2026-06-14 16:41:54', '2026-06-14 16:42:09', 0),
	(1298, 7, 29, 130.00, '期中', '正常成绩', '2026-06-14 16:41:54', '2026-06-14 16:42:09', 0),
	(1299, 7, 30, 124.00, '期中', '正常成绩', '2026-06-14 16:41:54', '2026-06-14 16:42:09', 0),
	(1300, 7, 31, 98.00, '期中', '正常成绩', '2026-06-14 16:41:54', '2026-06-14 16:42:09', 0),
	(1301, 7, 32, 98.00, '期中', '正常成绩', '2026-06-14 16:41:54', '2026-06-14 16:42:09', 0),
	(1302, 7, 33, 94.00, '期中', '正常成绩', '2026-06-14 16:41:54', '2026-06-14 16:42:09', 0),
	(1303, 8, 28, 87.00, '期中', '正常成绩', '2026-06-14 16:41:54', '2026-06-14 16:42:09', 0),
	(1304, 8, 29, 103.00, '期中', '正常成绩', '2026-06-14 16:41:54', '2026-06-14 16:42:09', 0),
	(1305, 8, 30, 85.00, '期中', '正常成绩', '2026-06-14 16:41:54', '2026-06-14 16:42:09', 0),
	(1306, 8, 31, 68.00, '期中', '正常成绩', '2026-06-14 16:41:54', '2026-06-14 16:42:09', 0),
	(1307, 8, 32, 79.00, '期中', '正常成绩', '2026-06-14 16:41:54', '2026-06-14 16:42:09', 0),
	(1308, 8, 33, 77.00, '期中', '正常成绩', '2026-06-14 16:41:54', '2026-06-14 16:42:09', 0),
	(1309, 9, 28, 85.00, '期中', '正常成绩', '2026-06-14 16:41:54', '2026-06-14 16:42:09', 0),
	(1310, 9, 29, 91.00, '期中', '正常成绩', '2026-06-14 16:41:54', '2026-06-14 16:42:09', 0),
	(1311, 9, 30, 86.00, '期中', '正常成绩', '2026-06-14 16:41:54', '2026-06-14 16:42:09', 0),
	(1312, 9, 31, 71.00, '期中', '正常成绩', '2026-06-14 16:41:54', '2026-06-14 16:42:09', 0),
	(1313, 9, 32, 68.00, '期中', '正常成绩', '2026-06-14 16:41:54', '2026-06-14 16:42:09', 0),
	(1314, 9, 33, 64.00, '期中', '正常成绩', '2026-06-14 16:41:54', '2026-06-14 16:42:09', 0),
	(1315, 10, 28, 105.00, '期中', '正常成绩', '2026-06-14 16:41:54', '2026-06-14 16:42:09', 0),
	(1316, 10, 29, 113.00, '期中', '正常成绩', '2026-06-14 16:41:54', '2026-06-14 16:42:09', 0),
	(1317, 10, 30, 106.00, '期中', '正常成绩', '2026-06-14 16:41:54', '2026-06-14 16:42:09', 0),
	(1318, 10, 31, 67.00, '期中', '正常成绩', '2026-06-14 16:41:54', '2026-06-14 16:42:09', 0),
	(1319, 10, 32, 76.00, '期中', '正常成绩', '2026-06-14 16:41:54', '2026-06-14 16:42:09', 0),
	(1320, 10, 33, 76.00, '期中', '正常成绩', '2026-06-14 16:41:54', '2026-06-14 16:42:09', 0),
	(1321, 11, 28, 92.00, '期中', '正常成绩', '2026-06-14 16:41:54', '2026-06-14 16:42:09', 0),
	(1322, 11, 29, 91.00, '期中', '正常成绩', '2026-06-14 16:41:54', '2026-06-14 16:42:09', 0),
	(1323, 11, 30, 57.00, '期中', '正常成绩', '2026-06-14 16:41:54', '2026-06-14 16:42:09', 0),
	(1324, 11, 31, 32.00, '期中', '正常成绩', '2026-06-14 16:41:54', '2026-06-14 16:42:09', 0),
	(1325, 11, 32, 64.00, '期中', '正常成绩', '2026-06-14 16:41:54', '2026-06-14 16:42:09', 0),
	(1326, 11, 33, 44.00, '期中', '正常成绩', '2026-06-14 16:41:54', '2026-06-14 16:42:09', 0),
	(1327, 12, 28, 74.00, '期中', '正常成绩', '2026-06-14 16:41:54', '2026-06-14 16:42:09', 0),
	(1328, 12, 29, 70.00, '期中', '正常成绩', '2026-06-14 16:41:54', '2026-06-14 16:42:09', 0),
	(1329, 12, 30, 66.00, '期中', '正常成绩', '2026-06-14 16:41:54', '2026-06-14 16:42:09', 0),
	(1330, 12, 31, 40.00, '期中', '正常成绩', '2026-06-14 16:41:54', '2026-06-14 16:42:09', 0),
	(1331, 12, 32, 47.00, '期中', '正常成绩', '2026-06-14 16:41:54', '2026-06-14 16:42:09', 0),
	(1332, 12, 33, 50.00, '期中', '正常成绩', '2026-06-14 16:41:54', '2026-06-14 16:42:09', 0),
	(1333, 13, 28, 130.00, '期中', '正常成绩', '2026-06-14 16:41:54', '2026-06-14 16:42:09', 0),
	(1334, 13, 29, 120.00, '期中', '正常成绩', '2026-06-14 16:41:54', '2026-06-14 16:42:09', 0),
	(1335, 13, 30, 119.00, '期中', '正常成绩', '2026-06-14 16:41:54', '2026-06-14 16:42:09', 0),
	(1336, 13, 31, 78.00, '期中', '正常成绩', '2026-06-14 16:41:54', '2026-06-14 16:42:09', 0),
	(1337, 13, 32, 82.00, '期中', '正常成绩', '2026-06-14 16:41:54', '2026-06-14 16:42:09', 0),
	(1338, 13, 33, 86.00, '期中', '正常成绩', '2026-06-14 16:41:54', '2026-06-14 16:42:09', 0),
	(1339, 14, 28, 125.00, '期中', '正常成绩', '2026-06-14 16:41:54', '2026-06-14 16:42:09', 0),
	(1340, 14, 29, 114.00, '期中', '正常成绩', '2026-06-14 16:41:54', '2026-06-14 16:42:09', 0),
	(1341, 14, 30, 137.00, '期中', '正常成绩', '2026-06-14 16:41:54', '2026-06-14 16:42:09', 0),
	(1342, 14, 31, 86.00, '期中', '正常成绩', '2026-06-14 16:41:54', '2026-06-14 16:42:09', 0),
	(1343, 14, 32, 85.00, '期中', '正常成绩', '2026-06-14 16:41:54', '2026-06-14 16:42:09', 0),
	(1344, 14, 33, 64.00, '期中', '正常成绩', '2026-06-14 16:41:54', '2026-06-14 16:42:09', 0),
	(1345, 15, 28, 113.00, '期中', '正常成绩', '2026-06-14 16:41:54', '2026-06-14 16:42:09', 0),
	(1346, 15, 29, 95.00, '期中', '正常成绩', '2026-06-14 16:41:54', '2026-06-14 16:42:09', 0),
	(1347, 15, 30, 104.00, '期中', '正常成绩', '2026-06-14 16:41:54', '2026-06-14 16:42:09', 0),
	(1348, 15, 31, 75.00, '期中', '正常成绩', '2026-06-14 16:41:54', '2026-06-14 16:42:09', 0),
	(1349, 15, 32, 70.00, '期中', '正常成绩', '2026-06-14 16:41:54', '2026-06-14 16:42:09', 0),
	(1350, 15, 33, 77.00, '期中', '正常成绩', '2026-06-14 16:41:54', '2026-06-14 16:42:09', 0),
	(1351, 16, 28, 106.00, '期中', '正常成绩', '2026-06-14 16:41:54', '2026-06-14 16:42:09', 0),
	(1352, 16, 29, 116.00, '期中', '正常成绩', '2026-06-14 16:41:54', '2026-06-14 16:42:09', 0),
	(1353, 16, 30, 112.00, '期中', '正常成绩', '2026-06-14 16:41:54', '2026-06-14 16:42:09', 0),
	(1354, 16, 31, 89.00, '期中', '正常成绩', '2026-06-14 16:41:54', '2026-06-14 16:42:09', 0),
	(1355, 16, 32, 84.00, '期中', '正常成绩', '2026-06-14 16:41:54', '2026-06-14 16:42:09', 0),
	(1356, 16, 33, 87.00, '期中', '正常成绩', '2026-06-14 16:41:54', '2026-06-14 16:42:09', 0),
	(1357, 17, 28, 102.00, '期中', '正常成绩', '2026-06-14 16:41:54', '2026-06-14 16:42:09', 0),
	(1358, 17, 29, 109.00, '期中', '正常成绩', '2026-06-14 16:41:54', '2026-06-14 16:42:09', 0),
	(1359, 17, 30, 83.00, '期中', '正常成绩', '2026-06-14 16:41:54', '2026-06-14 16:42:09', 0),
	(1360, 17, 31, 65.00, '期中', '正常成绩', '2026-06-14 16:41:54', '2026-06-14 16:42:09', 0),
	(1361, 17, 32, 64.00, '期中', '正常成绩', '2026-06-14 16:41:54', '2026-06-14 16:42:09', 0),
	(1362, 17, 33, 73.00, '期中', '正常成绩', '2026-06-14 16:41:54', '2026-06-14 16:42:09', 0),
	(1363, 18, 28, 107.00, '期中', '正常成绩', '2026-06-14 16:41:54', '2026-06-14 16:42:09', 0),
	(1364, 18, 29, 93.00, '期中', '正常成绩', '2026-06-14 16:41:54', '2026-06-14 16:42:09', 0),
	(1365, 18, 30, 81.00, '期中', '正常成绩', '2026-06-14 16:41:54', '2026-06-14 16:42:09', 0),
	(1366, 18, 31, 79.00, '期中', '正常成绩', '2026-06-14 16:41:54', '2026-06-14 16:42:09', 0),
	(1367, 18, 32, 57.00, '期中', '正常成绩', '2026-06-14 16:41:54', '2026-06-14 16:42:09', 0),
	(1368, 18, 33, 63.00, '期中', '正常成绩', '2026-06-14 16:41:54', '2026-06-14 16:42:09', 0),
	(1369, 19, 28, 122.00, '期中', '正常成绩', '2026-06-14 16:41:54', '2026-06-14 16:42:09', 0),
	(1370, 19, 29, 140.00, '期中', '正常成绩', '2026-06-14 16:41:54', '2026-06-14 16:42:09', 0),
	(1371, 19, 30, 113.00, '期中', '正常成绩', '2026-06-14 16:41:54', '2026-06-14 16:42:09', 0),
	(1372, 19, 31, 83.00, '期中', '正常成绩', '2026-06-14 16:41:54', '2026-06-14 16:42:09', 0),
	(1373, 19, 32, 84.00, '期中', '正常成绩', '2026-06-14 16:41:54', '2026-06-14 16:42:09', 0),
	(1374, 19, 33, 100.00, '期中', '正常成绩', '2026-06-14 16:41:54', '2026-06-14 16:42:09', 0),
	(1375, 20, 28, 87.00, '期中', '正常成绩', '2026-06-14 16:41:54', '2026-06-14 16:42:09', 0),
	(1376, 20, 29, 109.00, '期中', '正常成绩', '2026-06-14 16:41:54', '2026-06-14 16:42:09', 0),
	(1377, 20, 30, 93.00, '期中', '正常成绩', '2026-06-14 16:41:54', '2026-06-14 16:42:09', 0),
	(1378, 20, 31, 75.00, '期中', '正常成绩', '2026-06-14 16:41:54', '2026-06-14 16:42:09', 0),
	(1379, 20, 32, 71.00, '期中', '正常成绩', '2026-06-14 16:41:54', '2026-06-14 16:42:09', 0),
	(1380, 20, 33, 61.00, '期中', '正常成绩', '2026-06-14 16:41:54', '2026-06-14 16:42:09', 0),
	(1381, 21, 28, 105.00, '期中', '正常成绩', '2026-06-14 16:41:54', '2026-06-14 16:42:09', 0),
	(1382, 21, 29, 92.00, '期中', '正常成绩', '2026-06-14 16:41:54', '2026-06-14 16:42:09', 0),
	(1383, 21, 30, 111.00, '期中', '正常成绩', '2026-06-14 16:41:54', '2026-06-14 16:42:09', 0),
	(1384, 21, 34, 71.00, '期中', '正常成绩', '2026-06-14 16:41:54', '2026-06-14 16:42:09', 0),
	(1385, 21, 35, 59.00, '期中', '正常成绩', '2026-06-14 16:41:54', '2026-06-14 16:42:09', 0),
	(1386, 21, 36, 65.00, '期中', '正常成绩', '2026-06-14 16:41:54', '2026-06-14 16:42:09', 0),
	(1387, 22, 28, 115.00, '期中', '正常成绩', '2026-06-14 16:41:54', '2026-06-14 16:42:09', 0),
	(1388, 22, 29, 108.00, '期中', '正常成绩', '2026-06-14 16:41:54', '2026-06-14 16:42:09', 0),
	(1389, 22, 30, 95.00, '期中', '正常成绩', '2026-06-14 16:41:54', '2026-06-14 16:42:09', 0),
	(1390, 22, 34, 80.00, '期中', '正常成绩', '2026-06-14 16:41:54', '2026-06-14 16:42:09', 0),
	(1391, 22, 35, 80.00, '期中', '正常成绩', '2026-06-14 16:41:54', '2026-06-14 16:42:09', 0),
	(1392, 22, 36, 77.00, '期中', '正常成绩', '2026-06-14 16:41:54', '2026-06-14 16:42:09', 0),
	(1393, 23, 28, 101.00, '期中', '正常成绩', '2026-06-14 16:41:54', '2026-06-14 16:42:09', 0),
	(1394, 23, 29, 139.00, '期中', '正常成绩', '2026-06-14 16:41:54', '2026-06-14 16:42:09', 0),
	(1395, 23, 30, 130.00, '期中', '正常成绩', '2026-06-14 16:41:54', '2026-06-14 16:42:09', 0),
	(1396, 23, 34, 91.00, '期中', '正常成绩', '2026-06-14 16:41:54', '2026-06-14 16:42:09', 0),
	(1397, 23, 35, 83.00, '期中', '正常成绩', '2026-06-14 16:41:54', '2026-06-14 16:42:09', 0),
	(1398, 23, 36, 77.00, '期中', '正常成绩', '2026-06-14 16:41:54', '2026-06-14 16:42:09', 0),
	(1399, 24, 28, 126.00, '期中', '正常成绩', '2026-06-14 16:41:54', '2026-06-14 16:42:09', 0),
	(1400, 24, 29, 131.00, '期中', '正常成绩', '2026-06-14 16:41:54', '2026-06-14 16:42:09', 0),
	(1401, 24, 30, 125.00, '期中', '正常成绩', '2026-06-14 16:41:54', '2026-06-14 16:42:09', 0),
	(1402, 24, 34, 76.00, '期中', '正常成绩', '2026-06-14 16:41:54', '2026-06-14 16:42:09', 0),
	(1403, 24, 35, 94.00, '期中', '正常成绩', '2026-06-14 16:41:54', '2026-06-14 16:42:09', 0),
	(1404, 24, 36, 86.00, '期中', '正常成绩', '2026-06-14 16:41:54', '2026-06-14 16:42:09', 0),
	(1405, 25, 28, 82.00, '期中', '正常成绩', '2026-06-14 16:41:54', '2026-06-14 16:42:09', 0),
	(1406, 25, 29, 63.00, '期中', '正常成绩', '2026-06-14 16:41:54', '2026-06-14 16:42:09', 0),
	(1407, 25, 30, 68.00, '期中', '正常成绩', '2026-06-14 16:41:54', '2026-06-14 16:42:09', 0),
	(1408, 25, 34, 43.00, '期中', '正常成绩', '2026-06-14 16:41:54', '2026-06-14 16:42:09', 0),
	(1409, 25, 35, 50.00, '期中', '正常成绩', '2026-06-14 16:41:54', '2026-06-14 16:42:09', 0),
	(1410, 25, 36, 42.00, '期中', '正常成绩', '2026-06-14 16:41:54', '2026-06-14 16:42:09', 0),
	(1411, 26, 28, 111.00, '期中', '正常成绩', '2026-06-14 16:41:54', '2026-06-14 16:42:09', 0),
	(1412, 26, 29, 123.00, '期中', '正常成绩', '2026-06-14 16:41:54', '2026-06-14 16:42:09', 0),
	(1413, 26, 30, 120.00, '期中', '正常成绩', '2026-06-14 16:41:54', '2026-06-14 16:42:09', 0),
	(1414, 26, 34, 71.00, '期中', '正常成绩', '2026-06-14 16:41:54', '2026-06-14 16:42:09', 0),
	(1415, 26, 35, 72.00, '期中', '正常成绩', '2026-06-14 16:41:54', '2026-06-14 16:42:09', 0),
	(1416, 26, 36, 89.00, '期中', '正常成绩', '2026-06-14 16:41:54', '2026-06-14 16:42:09', 0),
	(1417, 27, 28, 107.00, '期中', '正常成绩', '2026-06-14 16:41:54', '2026-06-14 16:42:09', 0),
	(1418, 27, 29, 111.00, '期中', '正常成绩', '2026-06-14 16:41:54', '2026-06-14 16:42:09', 0),
	(1419, 27, 30, 90.00, '期中', '正常成绩', '2026-06-14 16:41:54', '2026-06-14 16:42:09', 0),
	(1420, 27, 34, 76.00, '期中', '正常成绩', '2026-06-14 16:41:54', '2026-06-14 16:42:09', 0),
	(1421, 27, 35, 73.00, '期中', '正常成绩', '2026-06-14 16:41:54', '2026-06-14 16:42:09', 0),
	(1422, 27, 36, 73.00, '期中', '正常成绩', '2026-06-14 16:41:54', '2026-06-14 16:42:09', 0),
	(1423, 28, 28, 97.00, '期中', '正常成绩', '2026-06-14 16:41:54', '2026-06-14 16:42:09', 0),
	(1424, 28, 29, 96.00, '期中', '正常成绩', '2026-06-14 16:41:54', '2026-06-14 16:42:09', 0),
	(1425, 28, 30, 115.00, '期中', '正常成绩', '2026-06-14 16:41:54', '2026-06-14 16:42:09', 0),
	(1426, 28, 34, 79.00, '期中', '正常成绩', '2026-06-14 16:41:54', '2026-06-14 16:42:09', 0),
	(1427, 28, 35, 69.00, '期中', '正常成绩', '2026-06-14 16:41:54', '2026-06-14 16:42:09', 0),
	(1428, 28, 36, 59.00, '期中', '正常成绩', '2026-06-14 16:41:54', '2026-06-14 16:42:09', 0),
	(1429, 29, 28, 132.00, '期中', '正常成绩', '2026-06-14 16:41:54', '2026-06-14 16:42:09', 0),
	(1430, 29, 29, 123.00, '期中', '正常成绩', '2026-06-14 16:41:54', '2026-06-14 16:42:09', 0),
	(1431, 29, 30, 114.00, '期中', '正常成绩', '2026-06-14 16:41:54', '2026-06-14 16:42:09', 0),
	(1432, 29, 34, 87.00, '期中', '正常成绩', '2026-06-14 16:41:54', '2026-06-14 16:42:09', 0),
	(1433, 29, 35, 86.00, '期中', '正常成绩', '2026-06-14 16:41:54', '2026-06-14 16:42:09', 0),
	(1434, 29, 36, 100.00, '期中', '正常成绩', '2026-06-14 16:41:54', '2026-06-14 16:42:09', 0),
	(1435, 30, 28, 109.00, '期中', '正常成绩', '2026-06-14 16:41:54', '2026-06-14 16:42:09', 0),
	(1436, 30, 29, 98.00, '期中', '正常成绩', '2026-06-14 16:41:54', '2026-06-14 16:42:09', 0),
	(1437, 30, 30, 95.00, '期中', '正常成绩', '2026-06-14 16:41:54', '2026-06-14 16:42:09', 0),
	(1438, 30, 34, 81.00, '期中', '正常成绩', '2026-06-14 16:41:54', '2026-06-14 16:42:09', 0),
	(1439, 30, 35, 72.00, '期中', '正常成绩', '2026-06-14 16:41:54', '2026-06-14 16:42:09', 0),
	(1440, 30, 36, 81.00, '期中', '正常成绩', '2026-06-14 16:41:54', '2026-06-14 16:42:09', 0),
	(1441, 1, 37, 96.00, '期末', '正常成绩', '2026-06-11 20:38:23', '2026-06-11 20:38:23', 0),
	(1442, 1, 38, 114.00, '期末', '正常成绩', '2026-06-11 20:38:23', '2026-06-11 20:38:23', 0),
	(1443, 1, 39, 105.00, '期末', '正常成绩', '2026-06-11 20:38:23', '2026-06-11 20:38:23', 0),
	(1444, 1, 40, 64.00, '期末', '正常成绩', '2026-06-11 20:38:23', '2026-06-11 20:38:23', 0),
	(1445, 1, 41, 68.00, '期末', '正常成绩', '2026-06-11 20:38:23', '2026-06-11 20:38:23', 0),
	(1446, 1, 42, 66.00, '期末', '正常成绩', '2026-06-11 20:38:23', '2026-06-11 20:38:23', 0),
	(1447, 2, 37, 124.00, '期末', '正常成绩', '2026-06-11 20:38:23', '2026-06-11 20:38:23', 0),
	(1448, 2, 38, 131.00, '期末', '正常成绩', '2026-06-11 20:38:23', '2026-06-11 20:38:23', 0),
	(1449, 2, 39, 125.00, '期末', '正常成绩', '2026-06-11 20:38:23', '2026-06-11 20:38:23', 0),
	(1450, 2, 40, 80.00, '期末', '正常成绩', '2026-06-11 20:38:23', '2026-06-11 20:38:23', 0),
	(1451, 2, 41, 92.00, '期末', '正常成绩', '2026-06-11 20:38:23', '2026-06-11 20:38:23', 0),
	(1452, 2, 42, 98.00, '期末', '正常成绩', '2026-06-11 20:38:23', '2026-06-11 20:38:23', 0),
	(1453, 3, 37, 130.00, '期末', '正常成绩', '2026-06-11 20:38:23', '2026-06-11 20:38:23', 0),
	(1454, 3, 38, 138.00, '期末', '正常成绩', '2026-06-11 20:38:23', '2026-06-11 20:38:23', 0),
	(1455, 3, 39, 126.00, '期末', '正常成绩', '2026-06-11 20:38:23', '2026-06-11 20:38:23', 0),
	(1456, 3, 40, 95.00, '期末', '正常成绩', '2026-06-11 20:38:23', '2026-06-11 20:38:23', 0),
	(1457, 3, 41, 79.00, '期末', '正常成绩', '2026-06-11 20:38:23', '2026-06-11 20:38:23', 0),
	(1458, 3, 42, 93.00, '期末', '正常成绩', '2026-06-11 20:38:23', '2026-06-11 20:38:23', 0),
	(1459, 4, 37, 111.00, '期末', '正常成绩', '2026-06-11 20:38:23', '2026-06-11 20:38:23', 0),
	(1460, 4, 38, 90.00, '期末', '正常成绩', '2026-06-11 20:38:23', '2026-06-11 20:38:23', 0),
	(1461, 4, 39, 103.00, '期末', '正常成绩', '2026-06-11 20:38:23', '2026-06-11 20:38:23', 0),
	(1462, 4, 40, 68.00, '期末', '正常成绩', '2026-06-11 20:38:23', '2026-06-11 20:38:23', 0),
	(1463, 4, 41, 69.00, '期末', '正常成绩', '2026-06-11 20:38:23', '2026-06-11 20:38:23', 0),
	(1464, 4, 42, 70.00, '期末', '正常成绩', '2026-06-11 20:38:23', '2026-06-11 20:38:23', 0),
	(1465, 5, 37, 127.00, '期末', '正常成绩', '2026-06-11 20:38:23', '2026-06-11 20:38:23', 0),
	(1466, 5, 38, 134.00, '期末', '正常成绩', '2026-06-11 20:38:23', '2026-06-11 20:38:23', 0),
	(1467, 5, 39, 134.00, '期末', '正常成绩', '2026-06-11 20:38:23', '2026-06-11 20:38:23', 0),
	(1468, 5, 40, 97.00, '期末', '正常成绩', '2026-06-11 20:38:23', '2026-06-11 20:38:23', 0),
	(1469, 5, 41, 100.00, '期末', '正常成绩', '2026-06-11 20:38:23', '2026-06-11 20:38:23', 0),
	(1470, 5, 42, 85.00, '期末', '正常成绩', '2026-06-11 20:38:23', '2026-06-11 20:38:23', 0),
	(1471, 6, 37, 99.00, '期末', '正常成绩', '2026-06-11 20:38:23', '2026-06-11 20:38:23', 0),
	(1472, 6, 38, 111.00, '期末', '正常成绩', '2026-06-11 20:38:23', '2026-06-11 20:38:23', 0),
	(1473, 6, 39, 108.00, '期末', '正常成绩', '2026-06-11 20:38:23', '2026-06-11 20:38:23', 0),
	(1474, 6, 40, 67.00, '期末', '正常成绩', '2026-06-11 20:38:23', '2026-06-11 20:38:23', 0),
	(1475, 6, 41, 73.00, '期末', '正常成绩', '2026-06-11 20:38:23', '2026-06-11 20:38:23', 0),
	(1476, 6, 42, 71.00, '期末', '正常成绩', '2026-06-11 20:38:23', '2026-06-11 20:38:23', 0),
	(1477, 7, 37, 133.00, '期末', '正常成绩', '2026-06-11 20:38:23', '2026-06-11 20:38:23', 0),
	(1478, 7, 38, 137.00, '期末', '正常成绩', '2026-06-11 20:38:23', '2026-06-11 20:38:23', 0),
	(1479, 7, 39, 120.00, '期末', '正常成绩', '2026-06-11 20:38:23', '2026-06-11 20:38:23', 0),
	(1480, 7, 40, 92.00, '期末', '正常成绩', '2026-06-11 20:38:23', '2026-06-11 20:38:23', 0),
	(1481, 7, 41, 90.00, '期末', '正常成绩', '2026-06-11 20:38:23', '2026-06-11 20:38:23', 0),
	(1482, 7, 42, 89.00, '期末', '正常成绩', '2026-06-11 20:38:23', '2026-06-11 20:38:23', 0),
	(1483, 8, 37, 88.00, '期末', '正常成绩', '2026-06-11 20:38:23', '2026-06-11 20:38:23', 0),
	(1484, 8, 38, 96.00, '期末', '正常成绩', '2026-06-11 20:38:23', '2026-06-11 20:38:23', 0),
	(1485, 8, 39, 107.00, '期末', '正常成绩', '2026-06-11 20:38:23', '2026-06-11 20:38:23', 0),
	(1486, 8, 40, 69.00, '期末', '正常成绩', '2026-06-11 20:38:23', '2026-06-11 20:38:23', 0),
	(1487, 8, 41, 62.00, '期末', '正常成绩', '2026-06-11 20:38:23', '2026-06-11 20:38:23', 0),
	(1488, 8, 42, 80.00, '期末', '正常成绩', '2026-06-11 20:38:23', '2026-06-11 20:38:23', 0),
	(1489, 9, 37, 105.00, '期末', '正常成绩', '2026-06-11 20:38:23', '2026-06-11 20:38:23', 0),
	(1490, 9, 38, 91.00, '期末', '正常成绩', '2026-06-11 20:38:23', '2026-06-11 20:38:23', 0),
	(1491, 9, 39, 94.00, '期末', '正常成绩', '2026-06-11 20:38:23', '2026-06-11 20:38:23', 0),
	(1492, 9, 40, 69.00, '期末', '正常成绩', '2026-06-11 20:38:23', '2026-06-11 20:38:23', 0),
	(1493, 9, 41, 65.00, '期末', '正常成绩', '2026-06-11 20:38:23', '2026-06-11 20:38:23', 0),
	(1494, 9, 42, 72.00, '期末', '正常成绩', '2026-06-11 20:38:23', '2026-06-11 20:38:23', 0),
	(1495, 10, 37, 97.00, '期末', '正常成绩', '2026-06-11 20:38:23', '2026-06-11 20:38:23', 0),
	(1496, 10, 38, 113.00, '期末', '正常成绩', '2026-06-11 20:38:23', '2026-06-11 20:38:23', 0),
	(1497, 10, 39, 105.00, '期末', '正常成绩', '2026-06-11 20:38:23', '2026-06-11 20:38:23', 0),
	(1498, 10, 40, 82.00, '期末', '正常成绩', '2026-06-11 20:38:23', '2026-06-11 20:38:23', 0),
	(1499, 10, 41, 56.00, '期末', '正常成绩', '2026-06-11 20:38:23', '2026-06-11 20:38:23', 0),
	(1500, 10, 42, 78.00, '期末', '正常成绩', '2026-06-11 20:38:23', '2026-06-11 20:38:23', 0),
	(1501, 11, 37, 84.00, '期末', '正常成绩', '2026-06-11 20:38:23', '2026-06-11 20:38:23', 0),
	(1502, 11, 38, 76.00, '期末', '正常成绩', '2026-06-11 20:38:23', '2026-06-11 20:38:23', 0),
	(1503, 11, 39, 71.00, '期末', '正常成绩', '2026-06-11 20:38:23', '2026-06-11 20:38:23', 0),
	(1504, 11, 40, 39.00, '期末', '正常成绩', '2026-06-11 20:38:23', '2026-06-11 20:38:23', 0),
	(1505, 11, 41, 45.00, '期末', '正常成绩', '2026-06-11 20:38:23', '2026-06-11 20:38:23', 0),
	(1506, 11, 42, 53.00, '期末', '正常成绩', '2026-06-11 20:38:23', '2026-06-11 20:38:23', 0),
	(1507, 12, 37, 57.00, '期末', '正常成绩', '2026-06-11 20:38:23', '2026-06-11 20:38:23', 0),
	(1508, 12, 38, 68.00, '期末', '正常成绩', '2026-06-11 20:38:23', '2026-06-11 20:38:23', 0),
	(1509, 12, 39, 82.00, '期末', '正常成绩', '2026-06-11 20:38:23', '2026-06-11 20:38:23', 0),
	(1510, 12, 40, 50.00, '期末', '正常成绩', '2026-06-11 20:38:23', '2026-06-11 20:38:23', 0),
	(1511, 12, 41, 51.00, '期末', '正常成绩', '2026-06-11 20:38:23', '2026-06-11 20:38:23', 0),
	(1512, 12, 42, 70.00, '期末', '正常成绩', '2026-06-11 20:38:23', '2026-06-11 20:38:23', 0),
	(1513, 13, 37, 120.00, '期末', '正常成绩', '2026-06-11 20:38:23', '2026-06-11 20:38:23', 0),
	(1514, 13, 38, 140.00, '期末', '正常成绩', '2026-06-11 20:38:23', '2026-06-11 20:38:23', 0),
	(1515, 13, 39, 122.00, '期末', '正常成绩', '2026-06-11 20:38:23', '2026-06-11 20:38:23', 0),
	(1516, 13, 40, 84.00, '期末', '正常成绩', '2026-06-11 20:38:23', '2026-06-11 20:38:23', 0),
	(1517, 13, 41, 79.00, '期末', '正常成绩', '2026-06-11 20:38:23', '2026-06-11 20:38:23', 0),
	(1518, 13, 42, 76.00, '期末', '正常成绩', '2026-06-11 20:38:23', '2026-06-11 20:38:23', 0),
	(1519, 14, 37, 137.00, '期末', '正常成绩', '2026-06-11 20:38:23', '2026-06-11 20:38:23', 0),
	(1520, 14, 38, 135.00, '期末', '正常成绩', '2026-06-11 20:38:23', '2026-06-11 20:38:23', 0),
	(1521, 14, 39, 120.00, '期末', '正常成绩', '2026-06-11 20:38:23', '2026-06-11 20:38:23', 0),
	(1522, 14, 40, 84.00, '期末', '正常成绩', '2026-06-11 20:38:23', '2026-06-11 20:38:23', 0),
	(1523, 14, 41, 94.00, '期末', '正常成绩', '2026-06-11 20:38:23', '2026-06-11 20:38:23', 0),
	(1524, 14, 42, 92.00, '期末', '正常成绩', '2026-06-11 20:38:23', '2026-06-11 20:38:23', 0),
	(1525, 15, 37, 99.00, '期末', '正常成绩', '2026-06-11 20:38:23', '2026-06-11 20:38:23', 0),
	(1526, 15, 38, 106.00, '期末', '正常成绩', '2026-06-11 20:38:23', '2026-06-11 20:38:23', 0),
	(1527, 15, 39, 92.00, '期末', '正常成绩', '2026-06-11 20:38:23', '2026-06-11 20:38:23', 0),
	(1528, 15, 40, 73.00, '期末', '正常成绩', '2026-06-11 20:38:23', '2026-06-11 20:38:23', 0),
	(1529, 15, 41, 67.00, '期末', '正常成绩', '2026-06-11 20:38:23', '2026-06-11 20:38:23', 0),
	(1530, 15, 42, 79.00, '期末', '正常成绩', '2026-06-11 20:38:23', '2026-06-11 20:38:23', 0),
	(1531, 16, 37, 127.00, '期末', '正常成绩', '2026-06-11 20:38:23', '2026-06-11 20:38:23', 0),
	(1532, 16, 38, 107.00, '期末', '正常成绩', '2026-06-11 20:38:23', '2026-06-11 20:38:23', 0),
	(1533, 16, 39, 131.00, '期末', '正常成绩', '2026-06-11 20:38:23', '2026-06-11 20:38:23', 0),
	(1534, 16, 40, 75.00, '期末', '正常成绩', '2026-06-11 20:38:23', '2026-06-11 20:38:23', 0),
	(1535, 16, 41, 93.00, '期末', '正常成绩', '2026-06-11 20:38:23', '2026-06-11 20:38:23', 0),
	(1536, 16, 42, 77.00, '期末', '正常成绩', '2026-06-11 20:38:23', '2026-06-11 20:38:23', 0),
	(1537, 17, 37, 116.00, '期末', '正常成绩', '2026-06-11 20:38:23', '2026-06-11 20:38:23', 0),
	(1538, 17, 38, 107.00, '期末', '正常成绩', '2026-06-11 20:38:23', '2026-06-11 20:38:23', 0),
	(1539, 17, 39, 103.00, '期末', '正常成绩', '2026-06-11 20:38:23', '2026-06-11 20:38:23', 0),
	(1540, 17, 40, 77.00, '期末', '正常成绩', '2026-06-11 20:38:23', '2026-06-11 20:38:23', 0),
	(1541, 17, 41, 59.00, '期末', '正常成绩', '2026-06-11 20:38:23', '2026-06-11 20:38:23', 0),
	(1542, 17, 42, 61.00, '期末', '正常成绩', '2026-06-11 20:38:23', '2026-06-11 20:38:23', 0),
	(1543, 18, 37, 116.00, '期末', '正常成绩', '2026-06-11 20:38:23', '2026-06-11 20:38:23', 0),
	(1544, 18, 38, 101.00, '期末', '正常成绩', '2026-06-11 20:38:23', '2026-06-11 20:38:23', 0),
	(1545, 18, 39, 96.00, '期末', '正常成绩', '2026-06-11 20:38:23', '2026-06-11 20:38:23', 0),
	(1546, 18, 40, 59.00, '期末', '正常成绩', '2026-06-11 20:38:23', '2026-06-11 20:38:23', 0),
	(1547, 18, 41, 59.00, '期末', '正常成绩', '2026-06-11 20:38:23', '2026-06-11 20:38:23', 0),
	(1548, 18, 42, 80.00, '期末', '正常成绩', '2026-06-11 20:38:23', '2026-06-11 20:38:23', 0),
	(1549, 19, 37, 131.00, '期末', '正常成绩', '2026-06-11 20:38:23', '2026-06-11 20:38:23', 0),
	(1550, 19, 38, 137.00, '期末', '正常成绩', '2026-06-11 20:38:23', '2026-06-11 20:38:23', 0),
	(1551, 19, 39, 123.00, '期末', '正常成绩', '2026-06-11 20:38:23', '2026-06-11 20:38:23', 0),
	(1552, 19, 40, 83.00, '期末', '正常成绩', '2026-06-11 20:38:23', '2026-06-11 20:38:23', 0),
	(1553, 19, 41, 97.00, '期末', '正常成绩', '2026-06-11 20:38:23', '2026-06-11 20:38:23', 0),
	(1554, 19, 42, 100.00, '期末', '正常成绩', '2026-06-11 20:38:23', '2026-06-11 20:38:23', 0),
	(1555, 20, 37, 110.00, '期末', '正常成绩', '2026-06-11 20:38:23', '2026-06-11 20:38:23', 0),
	(1556, 20, 38, 87.00, '期末', '正常成绩', '2026-06-11 20:38:23', '2026-06-11 20:38:23', 0),
	(1557, 20, 39, 103.00, '期末', '正常成绩', '2026-06-11 20:38:23', '2026-06-11 20:38:23', 0),
	(1558, 20, 40, 63.00, '期末', '正常成绩', '2026-06-11 20:38:23', '2026-06-11 20:38:23', 0),
	(1559, 20, 41, 83.00, '期末', '正常成绩', '2026-06-11 20:38:23', '2026-06-11 20:38:23', 0),
	(1560, 20, 42, 87.00, '期末', '正常成绩', '2026-06-11 20:38:23', '2026-06-11 20:38:23', 0),
	(1561, 21, 37, 97.00, '期末', '正常成绩', '2026-06-11 20:38:23', '2026-06-11 20:38:23', 0),
	(1562, 21, 38, 115.00, '期末', '正常成绩', '2026-06-11 20:38:23', '2026-06-11 20:38:23', 0),
	(1563, 21, 39, 99.00, '期末', '正常成绩', '2026-06-11 20:38:23', '2026-06-11 20:38:23', 0),
	(1564, 21, 43, 74.00, '期末', '正常成绩', '2026-06-11 20:38:23', '2026-06-11 20:38:23', 0),
	(1565, 21, 44, 73.00, '期末', '正常成绩', '2026-06-11 20:38:23', '2026-06-11 20:38:23', 0),
	(1566, 21, 45, 82.00, '期末', '正常成绩', '2026-06-11 20:38:23', '2026-06-11 20:38:23', 0),
	(1567, 22, 37, 83.00, '期末', '正常成绩', '2026-06-11 20:38:23', '2026-06-11 20:38:23', 0),
	(1568, 22, 38, 98.00, '期末', '正常成绩', '2026-06-11 20:38:23', '2026-06-11 20:38:23', 0),
	(1569, 22, 39, 96.00, '期末', '正常成绩', '2026-06-11 20:38:23', '2026-06-11 20:38:23', 0),
	(1570, 22, 43, 80.00, '期末', '正常成绩', '2026-06-11 20:38:23', '2026-06-11 20:38:23', 0),
	(1571, 22, 44, 81.00, '期末', '正常成绩', '2026-06-11 20:38:23', '2026-06-11 20:38:23', 0),
	(1572, 22, 45, 74.00, '期末', '正常成绩', '2026-06-11 20:38:23', '2026-06-11 20:38:23', 0),
	(1573, 23, 37, 130.00, '期末', '正常成绩', '2026-06-11 20:38:23', '2026-06-11 20:38:23', 0),
	(1574, 23, 38, 140.00, '期末', '正常成绩', '2026-06-11 20:38:23', '2026-06-11 20:38:23', 0),
	(1575, 23, 39, 98.00, '期末', '正常成绩', '2026-06-11 20:38:23', '2026-06-11 20:38:23', 0),
	(1576, 23, 43, 100.00, '期末', '正常成绩', '2026-06-11 20:38:23', '2026-06-11 20:38:23', 0),
	(1577, 23, 44, 92.00, '期末', '正常成绩', '2026-06-11 20:38:23', '2026-06-11 20:38:23', 0),
	(1578, 23, 45, 71.00, '期末', '正常成绩', '2026-06-11 20:38:23', '2026-06-11 20:38:23', 0),
	(1579, 24, 37, 139.00, '期末', '正常成绩', '2026-06-11 20:38:23', '2026-06-11 20:38:23', 0),
	(1580, 24, 38, 119.00, '期末', '正常成绩', '2026-06-11 20:38:23', '2026-06-11 20:38:23', 0),
	(1581, 24, 39, 140.00, '期末', '正常成绩', '2026-06-11 20:38:23', '2026-06-11 20:38:23', 0),
	(1582, 24, 43, 100.00, '期末', '正常成绩', '2026-06-11 20:38:23', '2026-06-11 20:38:23', 0),
	(1583, 24, 44, 90.00, '期末', '正常成绩', '2026-06-11 20:38:23', '2026-06-11 20:38:23', 0),
	(1584, 24, 45, 89.00, '期末', '正常成绩', '2026-06-11 20:38:23', '2026-06-11 20:38:23', 0),
	(1585, 25, 37, 52.00, '期末', '正常成绩', '2026-06-11 20:38:23', '2026-06-11 20:38:23', 0),
	(1586, 25, 38, 78.00, '期末', '正常成绩', '2026-06-11 20:38:23', '2026-06-11 20:38:23', 0),
	(1587, 25, 39, 73.00, '期末', '正常成绩', '2026-06-11 20:38:23', '2026-06-11 20:38:23', 0),
	(1588, 25, 43, 49.00, '期末', '正常成绩', '2026-06-11 20:38:23', '2026-06-11 20:38:23', 0),
	(1589, 25, 44, 33.00, '期末', '正常成绩', '2026-06-11 20:38:23', '2026-06-11 20:38:23', 0),
	(1590, 25, 45, 50.00, '期末', '正常成绩', '2026-06-11 20:38:23', '2026-06-11 20:38:23', 0),
	(1591, 26, 37, 135.00, '期末', '正常成绩', '2026-06-11 20:38:23', '2026-06-11 20:38:23', 0),
	(1592, 26, 38, 117.00, '期末', '正常成绩', '2026-06-11 20:38:23', '2026-06-11 20:38:23', 0),
	(1593, 26, 39, 139.00, '期末', '正常成绩', '2026-06-11 20:38:23', '2026-06-11 20:38:23', 0),
	(1594, 26, 43, 65.00, '期末', '正常成绩', '2026-06-11 20:38:23', '2026-06-11 20:38:23', 0),
	(1595, 26, 44, 94.00, '期末', '正常成绩', '2026-06-11 20:38:23', '2026-06-11 20:38:23', 0),
	(1596, 26, 45, 91.00, '期末', '正常成绩', '2026-06-11 20:38:23', '2026-06-11 20:38:23', 0),
	(1597, 27, 37, 92.00, '期末', '正常成绩', '2026-06-11 20:38:23', '2026-06-11 20:38:23', 0),
	(1598, 27, 38, 95.00, '期末', '正常成绩', '2026-06-11 20:38:23', '2026-06-11 20:38:23', 0),
	(1599, 27, 39, 100.00, '期末', '正常成绩', '2026-06-11 20:38:23', '2026-06-11 20:38:23', 0),
	(1600, 27, 43, 71.00, '期末', '正常成绩', '2026-06-11 20:38:23', '2026-06-11 20:38:23', 0),
	(1601, 27, 44, 71.00, '期末', '正常成绩', '2026-06-11 20:38:23', '2026-06-11 20:38:23', 0),
	(1602, 27, 45, 59.00, '期末', '正常成绩', '2026-06-11 20:38:23', '2026-06-11 20:38:23', 0),
	(1603, 28, 37, 118.00, '期末', '正常成绩', '2026-06-11 20:38:23', '2026-06-11 20:38:23', 0),
	(1604, 28, 38, 110.00, '期末', '正常成绩', '2026-06-11 20:38:23', '2026-06-11 20:38:23', 0),
	(1605, 28, 39, 99.00, '期末', '正常成绩', '2026-06-11 20:38:23', '2026-06-11 20:38:23', 0),
	(1606, 28, 43, 71.00, '期末', '正常成绩', '2026-06-11 20:38:23', '2026-06-11 20:38:23', 0),
	(1607, 28, 44, 69.00, '期末', '正常成绩', '2026-06-11 20:38:23', '2026-06-11 20:38:23', 0),
	(1608, 28, 45, 88.00, '期末', '正常成绩', '2026-06-11 20:38:23', '2026-06-11 20:38:23', 0),
	(1609, 29, 37, 131.00, '期末', '正常成绩', '2026-06-11 20:38:23', '2026-06-11 20:38:23', 0),
	(1610, 29, 38, 119.00, '期末', '正常成绩', '2026-06-11 20:38:23', '2026-06-11 20:38:23', 0),
	(1611, 29, 39, 139.00, '期末', '正常成绩', '2026-06-11 20:38:23', '2026-06-11 20:38:23', 0),
	(1612, 29, 43, 100.00, '期末', '正常成绩', '2026-06-11 20:38:23', '2026-06-11 20:38:23', 0),
	(1613, 29, 44, 90.00, '期末', '正常成绩', '2026-06-11 20:38:23', '2026-06-11 20:38:23', 0),
	(1614, 29, 45, 94.00, '期末', '正常成绩', '2026-06-11 20:38:23', '2026-06-11 20:38:23', 0),
	(1615, 30, 37, 88.00, '期末', '正常成绩', '2026-06-11 20:38:23', '2026-06-11 20:38:23', 0),
	(1616, 30, 38, 109.00, '期末', '正常成绩', '2026-06-11 20:38:23', '2026-06-11 20:38:23', 0),
	(1617, 30, 39, 99.00, '期末', '正常成绩', '2026-06-11 20:38:23', '2026-06-11 20:38:23', 0),
	(1618, 30, 43, 78.00, '期末', '正常成绩', '2026-06-11 20:38:23', '2026-06-11 20:38:23', 0),
	(1619, 30, 44, 67.00, '期末', '正常成绩', '2026-06-11 20:38:23', '2026-06-11 20:38:23', 0),
	(1620, 30, 45, 83.00, '期末', '正常成绩', '2026-06-11 20:38:23', '2026-06-11 20:38:23', 0),
	(1621, 1, 37, 109.00, '期中', '正常成绩', '2026-06-14 16:41:54', '2026-06-14 16:42:09', 0),
	(1622, 1, 38, 110.00, '期中', '正常成绩', '2026-06-14 16:41:54', '2026-06-14 16:42:09', 0),
	(1623, 1, 39, 104.00, '期中', '正常成绩', '2026-06-14 16:41:54', '2026-06-14 16:42:09', 0),
	(1624, 1, 40, 78.00, '期中', '正常成绩', '2026-06-14 16:41:54', '2026-06-14 16:42:09', 0),
	(1625, 1, 41, 66.00, '期中', '正常成绩', '2026-06-14 16:41:54', '2026-06-14 16:42:09', 0),
	(1626, 1, 42, 84.00, '期中', '正常成绩', '2026-06-14 16:41:54', '2026-06-14 16:42:09', 0),
	(1627, 2, 37, 138.00, '期中', '正常成绩', '2026-06-14 16:41:54', '2026-06-14 16:42:09', 0),
	(1628, 2, 38, 133.00, '期中', '正常成绩', '2026-06-14 16:41:54', '2026-06-14 16:42:09', 0),
	(1629, 2, 39, 120.00, '期中', '正常成绩', '2026-06-14 16:41:54', '2026-06-14 16:42:09', 0),
	(1630, 2, 40, 84.00, '期中', '正常成绩', '2026-06-14 16:41:54', '2026-06-14 16:42:09', 0),
	(1631, 2, 41, 79.00, '期中', '正常成绩', '2026-06-14 16:41:54', '2026-06-14 16:42:09', 0),
	(1632, 2, 42, 86.00, '期中', '正常成绩', '2026-06-14 16:41:54', '2026-06-14 16:42:09', 0),
	(1633, 3, 37, 112.00, '期中', '正常成绩', '2026-06-14 16:41:54', '2026-06-14 16:42:09', 0),
	(1634, 3, 38, 122.00, '期中', '正常成绩', '2026-06-14 16:41:54', '2026-06-14 16:42:09', 0),
	(1635, 3, 39, 119.00, '期中', '正常成绩', '2026-06-14 16:41:54', '2026-06-14 16:42:09', 0),
	(1636, 3, 40, 82.00, '期中', '正常成绩', '2026-06-14 16:41:54', '2026-06-14 16:42:09', 0),
	(1637, 3, 41, 91.00, '期中', '正常成绩', '2026-06-14 16:41:54', '2026-06-14 16:42:09', 0),
	(1638, 3, 42, 82.00, '期中', '正常成绩', '2026-06-14 16:41:54', '2026-06-14 16:42:09', 0),
	(1639, 4, 37, 102.00, '期中', '正常成绩', '2026-06-14 16:41:54', '2026-06-14 16:42:09', 0),
	(1640, 4, 38, 117.00, '期中', '正常成绩', '2026-06-14 16:41:54', '2026-06-14 16:42:09', 0),
	(1641, 4, 39, 108.00, '期中', '正常成绩', '2026-06-14 16:41:54', '2026-06-14 16:42:09', 0),
	(1642, 4, 40, 60.00, '期中', '正常成绩', '2026-06-14 16:41:54', '2026-06-14 16:42:09', 0),
	(1643, 4, 41, 72.00, '期中', '正常成绩', '2026-06-14 16:41:54', '2026-06-14 16:42:09', 0),
	(1644, 4, 42, 70.00, '期中', '正常成绩', '2026-06-14 16:41:54', '2026-06-14 16:42:09', 0),
	(1645, 5, 37, 131.00, '期中', '正常成绩', '2026-06-14 16:41:54', '2026-06-14 16:42:09', 0),
	(1646, 5, 38, 122.00, '期中', '正常成绩', '2026-06-14 16:41:54', '2026-06-14 16:42:09', 0),
	(1647, 5, 39, 114.00, '期中', '正常成绩', '2026-06-14 16:41:54', '2026-06-14 16:42:09', 0),
	(1648, 5, 40, 73.00, '期中', '正常成绩', '2026-06-14 16:41:54', '2026-06-14 16:42:09', 0),
	(1649, 5, 41, 84.00, '期中', '正常成绩', '2026-06-14 16:41:54', '2026-06-14 16:42:09', 0),
	(1650, 5, 42, 80.00, '期中', '正常成绩', '2026-06-14 16:41:54', '2026-06-14 16:42:09', 0),
	(1651, 6, 37, 103.00, '期中', '正常成绩', '2026-06-14 16:41:54', '2026-06-14 16:42:09', 0),
	(1652, 6, 38, 82.00, '期中', '正常成绩', '2026-06-14 16:41:54', '2026-06-14 16:42:09', 0),
	(1653, 6, 39, 116.00, '期中', '正常成绩', '2026-06-14 16:41:54', '2026-06-14 16:42:09', 0),
	(1654, 6, 40, 72.00, '期中', '正常成绩', '2026-06-14 16:41:54', '2026-06-14 16:42:09', 0),
	(1655, 6, 41, 81.00, '期中', '正常成绩', '2026-06-14 16:41:54', '2026-06-14 16:42:09', 0),
	(1656, 6, 42, 78.00, '期中', '正常成绩', '2026-06-14 16:41:54', '2026-06-14 16:42:09', 0),
	(1657, 7, 37, 119.00, '期中', '正常成绩', '2026-06-14 16:41:54', '2026-06-14 16:42:09', 0),
	(1658, 7, 38, 116.00, '期中', '正常成绩', '2026-06-14 16:41:54', '2026-06-14 16:42:09', 0),
	(1659, 7, 39, 125.00, '期中', '正常成绩', '2026-06-14 16:41:54', '2026-06-14 16:42:09', 0),
	(1660, 7, 40, 86.00, '期中', '正常成绩', '2026-06-14 16:41:54', '2026-06-14 16:42:09', 0),
	(1661, 7, 41, 88.00, '期中', '正常成绩', '2026-06-14 16:41:54', '2026-06-14 16:42:09', 0),
	(1662, 7, 42, 87.00, '期中', '正常成绩', '2026-06-14 16:41:54', '2026-06-14 16:42:09', 0),
	(1663, 8, 37, 112.00, '期中', '正常成绩', '2026-06-14 16:41:54', '2026-06-14 16:42:09', 0),
	(1664, 8, 38, 92.00, '期中', '正常成绩', '2026-06-14 16:41:54', '2026-06-14 16:42:09', 0),
	(1665, 8, 39, 91.00, '期中', '正常成绩', '2026-06-14 16:41:54', '2026-06-14 16:42:09', 0),
	(1666, 8, 40, 73.00, '期中', '正常成绩', '2026-06-14 16:41:54', '2026-06-14 16:42:09', 0),
	(1667, 8, 41, 79.00, '期中', '正常成绩', '2026-06-14 16:41:54', '2026-06-14 16:42:09', 0),
	(1668, 8, 42, 63.00, '期中', '正常成绩', '2026-06-14 16:41:54', '2026-06-14 16:42:09', 0),
	(1669, 9, 37, 92.00, '期中', '正常成绩', '2026-06-14 16:41:54', '2026-06-14 16:42:09', 0),
	(1670, 9, 38, 97.00, '期中', '正常成绩', '2026-06-14 16:41:54', '2026-06-14 16:42:09', 0),
	(1671, 9, 39, 103.00, '期中', '正常成绩', '2026-06-14 16:41:54', '2026-06-14 16:42:09', 0),
	(1672, 9, 40, 68.00, '期中', '正常成绩', '2026-06-14 16:41:54', '2026-06-14 16:42:09', 0),
	(1673, 9, 41, 79.00, '期中', '正常成绩', '2026-06-14 16:41:54', '2026-06-14 16:42:09', 0),
	(1674, 9, 42, 82.00, '期中', '正常成绩', '2026-06-14 16:41:54', '2026-06-14 16:42:09', 0),
	(1675, 10, 37, 93.00, '期中', '正常成绩', '2026-06-14 16:41:54', '2026-06-14 16:42:09', 0),
	(1676, 10, 38, 92.00, '期中', '正常成绩', '2026-06-14 16:41:54', '2026-06-14 16:42:09', 0),
	(1677, 10, 39, 103.00, '期中', '正常成绩', '2026-06-14 16:41:54', '2026-06-14 16:42:09', 0),
	(1678, 10, 40, 57.00, '期中', '正常成绩', '2026-06-14 16:41:54', '2026-06-14 16:42:09', 0),
	(1679, 10, 41, 57.00, '期中', '正常成绩', '2026-06-14 16:41:54', '2026-06-14 16:42:09', 0),
	(1680, 10, 42, 74.00, '期中', '正常成绩', '2026-06-14 16:41:54', '2026-06-14 16:42:09', 0),
	(1681, 11, 37, 59.00, '期中', '正常成绩', '2026-06-14 16:41:54', '2026-06-14 16:42:09', 0),
	(1682, 11, 38, 63.00, '期中', '正常成绩', '2026-06-14 16:41:54', '2026-06-14 16:42:09', 0),
	(1683, 11, 39, 82.00, '期中', '正常成绩', '2026-06-14 16:41:54', '2026-06-14 16:42:09', 0),
	(1684, 11, 40, 61.00, '期中', '正常成绩', '2026-06-14 16:41:54', '2026-06-14 16:42:09', 0),
	(1685, 11, 41, 56.00, '期中', '正常成绩', '2026-06-14 16:41:54', '2026-06-14 16:42:09', 0),
	(1686, 11, 42, 55.00, '期中', '正常成绩', '2026-06-14 16:41:54', '2026-06-14 16:42:09', 0),
	(1687, 12, 37, 72.00, '期中', '正常成绩', '2026-06-14 16:41:54', '2026-06-14 16:42:09', 0),
	(1688, 12, 38, 72.00, '期中', '正常成绩', '2026-06-14 16:41:54', '2026-06-14 16:42:09', 0),
	(1689, 12, 39, 72.00, '期中', '正常成绩', '2026-06-14 16:41:54', '2026-06-14 16:42:09', 0),
	(1690, 12, 40, 37.00, '期中', '正常成绩', '2026-06-14 16:41:54', '2026-06-14 16:42:09', 0),
	(1691, 12, 41, 44.00, '期中', '正常成绩', '2026-06-14 16:41:54', '2026-06-14 16:42:09', 0),
	(1692, 12, 42, 41.00, '期中', '正常成绩', '2026-06-14 16:41:54', '2026-06-14 16:42:09', 0),
	(1693, 13, 37, 120.00, '期中', '正常成绩', '2026-06-14 16:41:54', '2026-06-14 16:42:09', 0),
	(1694, 13, 38, 119.00, '期中', '正常成绩', '2026-06-14 16:41:54', '2026-06-14 16:42:09', 0),
	(1695, 13, 39, 118.00, '期中', '正常成绩', '2026-06-14 16:41:54', '2026-06-14 16:42:09', 0),
	(1696, 13, 40, 98.00, '期中', '正常成绩', '2026-06-14 16:41:54', '2026-06-14 16:42:09', 0),
	(1697, 13, 41, 87.00, '期中', '正常成绩', '2026-06-14 16:41:54', '2026-06-14 16:42:09', 0),
	(1698, 13, 42, 83.00, '期中', '正常成绩', '2026-06-14 16:41:54', '2026-06-14 16:42:09', 0),
	(1699, 14, 37, 133.00, '期中', '正常成绩', '2026-06-14 16:41:54', '2026-06-14 16:42:09', 0),
	(1700, 14, 38, 120.00, '期中', '正常成绩', '2026-06-14 16:41:54', '2026-06-14 16:42:09', 0),
	(1701, 14, 39, 138.00, '期中', '正常成绩', '2026-06-14 16:41:54', '2026-06-14 16:42:09', 0),
	(1702, 14, 40, 76.00, '期中', '正常成绩', '2026-06-14 16:41:54', '2026-06-14 16:42:09', 0),
	(1703, 14, 41, 84.00, '期中', '正常成绩', '2026-06-14 16:41:54', '2026-06-14 16:42:09', 0),
	(1704, 14, 42, 83.00, '期中', '正常成绩', '2026-06-14 16:41:54', '2026-06-14 16:42:09', 0),
	(1705, 15, 37, 111.00, '期中', '正常成绩', '2026-06-14 16:41:54', '2026-06-14 16:42:09', 0),
	(1706, 15, 38, 96.00, '期中', '正常成绩', '2026-06-14 16:41:54', '2026-06-14 16:42:09', 0),
	(1707, 15, 39, 121.00, '期中', '正常成绩', '2026-06-14 16:41:54', '2026-06-14 16:42:09', 0),
	(1708, 15, 40, 61.00, '期中', '正常成绩', '2026-06-14 16:41:54', '2026-06-14 16:42:09', 0),
	(1709, 15, 41, 64.00, '期中', '正常成绩', '2026-06-14 16:41:54', '2026-06-14 16:42:09', 0),
	(1710, 15, 42, 79.00, '期中', '正常成绩', '2026-06-14 16:41:54', '2026-06-14 16:42:09', 0),
	(1711, 16, 37, 116.00, '期中', '正常成绩', '2026-06-14 16:41:54', '2026-06-14 16:42:09', 0),
	(1712, 16, 38, 126.00, '期中', '正常成绩', '2026-06-14 16:41:54', '2026-06-14 16:42:09', 0),
	(1713, 16, 39, 138.00, '期中', '正常成绩', '2026-06-14 16:41:54', '2026-06-14 16:42:09', 0),
	(1714, 16, 40, 83.00, '期中', '正常成绩', '2026-06-14 16:41:54', '2026-06-14 16:42:09', 0),
	(1715, 16, 41, 83.00, '期中', '正常成绩', '2026-06-14 16:41:54', '2026-06-14 16:42:09', 0),
	(1716, 16, 42, 97.00, '期中', '正常成绩', '2026-06-14 16:41:54', '2026-06-14 16:42:09', 0),
	(1717, 17, 37, 105.00, '期中', '正常成绩', '2026-06-14 16:41:54', '2026-06-14 16:42:09', 0),
	(1718, 17, 38, 89.00, '期中', '正常成绩', '2026-06-14 16:41:54', '2026-06-14 16:42:09', 0),
	(1719, 17, 39, 98.00, '期中', '正常成绩', '2026-06-14 16:41:54', '2026-06-14 16:42:09', 0),
	(1720, 17, 40, 68.00, '期中', '正常成绩', '2026-06-14 16:41:54', '2026-06-14 16:42:09', 0),
	(1721, 17, 41, 81.00, '期中', '正常成绩', '2026-06-14 16:41:54', '2026-06-14 16:42:09', 0),
	(1722, 17, 42, 71.00, '期中', '正常成绩', '2026-06-14 16:41:54', '2026-06-14 16:42:09', 0),
	(1723, 18, 37, 103.00, '期中', '正常成绩', '2026-06-14 16:41:54', '2026-06-14 16:42:09', 0),
	(1724, 18, 38, 106.00, '期中', '正常成绩', '2026-06-14 16:41:54', '2026-06-14 16:42:09', 0),
	(1725, 18, 39, 112.00, '期中', '正常成绩', '2026-06-14 16:41:54', '2026-06-14 16:42:09', 0),
	(1726, 18, 40, 70.00, '期中', '正常成绩', '2026-06-14 16:41:54', '2026-06-14 16:42:09', 0),
	(1727, 18, 41, 62.00, '期中', '正常成绩', '2026-06-14 16:41:54', '2026-06-14 16:42:09', 0),
	(1728, 18, 42, 66.00, '期中', '正常成绩', '2026-06-14 16:41:54', '2026-06-14 16:42:09', 0),
	(1729, 19, 37, 140.00, '期中', '正常成绩', '2026-06-14 16:41:54', '2026-06-14 16:42:09', 0),
	(1730, 19, 38, 122.00, '期中', '正常成绩', '2026-06-14 16:41:54', '2026-06-14 16:42:09', 0),
	(1731, 19, 39, 132.00, '期中', '正常成绩', '2026-06-14 16:41:54', '2026-06-14 16:42:09', 0),
	(1732, 19, 40, 92.00, '期中', '正常成绩', '2026-06-14 16:41:54', '2026-06-14 16:42:09', 0),
	(1733, 19, 41, 80.00, '期中', '正常成绩', '2026-06-14 16:41:54', '2026-06-14 16:42:09', 0),
	(1734, 19, 42, 82.00, '期中', '正常成绩', '2026-06-14 16:41:54', '2026-06-14 16:42:09', 0),
	(1735, 20, 37, 87.00, '期中', '正常成绩', '2026-06-14 16:41:54', '2026-06-14 16:42:09', 0),
	(1736, 20, 38, 87.00, '期中', '正常成绩', '2026-06-14 16:41:54', '2026-06-14 16:42:09', 0),
	(1737, 20, 39, 102.00, '期中', '正常成绩', '2026-06-14 16:41:54', '2026-06-14 16:42:09', 0),
	(1738, 20, 40, 68.00, '期中', '正常成绩', '2026-06-14 16:41:54', '2026-06-14 16:42:09', 0),
	(1739, 20, 41, 72.00, '期中', '正常成绩', '2026-06-14 16:41:54', '2026-06-14 16:42:09', 0),
	(1740, 20, 42, 82.00, '期中', '正常成绩', '2026-06-14 16:41:54', '2026-06-14 16:42:09', 0),
	(1741, 21, 37, 107.00, '期中', '正常成绩', '2026-06-14 16:41:54', '2026-06-14 16:42:09', 0),
	(1742, 21, 38, 107.00, '期中', '正常成绩', '2026-06-14 16:41:54', '2026-06-14 16:42:09', 0),
	(1743, 21, 39, 102.00, '期中', '正常成绩', '2026-06-14 16:41:54', '2026-06-14 16:42:09', 0),
	(1744, 21, 43, 84.00, '期中', '正常成绩', '2026-06-14 16:41:54', '2026-06-14 16:42:09', 0),
	(1745, 21, 44, 76.00, '期中', '正常成绩', '2026-06-14 16:41:54', '2026-06-14 16:42:09', 0),
	(1746, 21, 45, 75.00, '期中', '正常成绩', '2026-06-14 16:41:54', '2026-06-14 16:42:09', 0),
	(1747, 22, 37, 93.00, '期中', '正常成绩', '2026-06-14 16:41:54', '2026-06-14 16:42:09', 0),
	(1748, 22, 38, 95.00, '期中', '正常成绩', '2026-06-14 16:41:54', '2026-06-14 16:42:09', 0),
	(1749, 22, 39, 109.00, '期中', '正常成绩', '2026-06-14 16:41:54', '2026-06-14 16:42:09', 0),
	(1750, 22, 43, 66.00, '期中', '正常成绩', '2026-06-14 16:41:54', '2026-06-14 16:42:09', 0),
	(1751, 22, 44, 79.00, '期中', '正常成绩', '2026-06-14 16:41:54', '2026-06-14 16:42:09', 0),
	(1752, 22, 45, 59.00, '期中', '正常成绩', '2026-06-14 16:41:54', '2026-06-14 16:42:09', 0),
	(1753, 23, 37, 131.00, '期中', '正常成绩', '2026-06-14 16:41:54', '2026-06-14 16:42:09', 0),
	(1754, 23, 38, 125.00, '期中', '正常成绩', '2026-06-14 16:41:54', '2026-06-14 16:42:09', 0),
	(1755, 23, 39, 129.00, '期中', '正常成绩', '2026-06-14 16:41:54', '2026-06-14 16:42:09', 0),
	(1756, 23, 43, 75.00, '期中', '正常成绩', '2026-06-14 16:41:54', '2026-06-14 16:42:09', 0),
	(1757, 23, 44, 81.00, '期中', '正常成绩', '2026-06-14 16:41:54', '2026-06-14 16:42:09', 0),
	(1758, 23, 45, 80.00, '期中', '正常成绩', '2026-06-14 16:41:54', '2026-06-14 16:42:09', 0),
	(1759, 24, 37, 134.00, '期中', '正常成绩', '2026-06-14 16:41:54', '2026-06-14 16:42:09', 0),
	(1760, 24, 38, 103.00, '期中', '正常成绩', '2026-06-14 16:41:54', '2026-06-14 16:42:09', 0),
	(1761, 24, 39, 120.00, '期中', '正常成绩', '2026-06-14 16:41:54', '2026-06-14 16:42:09', 0),
	(1762, 24, 43, 88.00, '期中', '正常成绩', '2026-06-14 16:41:54', '2026-06-14 16:42:09', 0),
	(1763, 24, 44, 89.00, '期中', '正常成绩', '2026-06-14 16:41:54', '2026-06-14 16:42:09', 0),
	(1764, 24, 45, 85.00, '期中', '正常成绩', '2026-06-14 16:41:54', '2026-06-14 16:42:09', 0),
	(1765, 25, 37, 66.00, '期中', '正常成绩', '2026-06-14 16:41:54', '2026-06-14 16:42:09', 0),
	(1766, 25, 38, 69.00, '期中', '正常成绩', '2026-06-14 16:41:54', '2026-06-14 16:42:09', 0),
	(1767, 25, 39, 62.00, '期中', '正常成绩', '2026-06-14 16:41:54', '2026-06-14 16:42:09', 0),
	(1768, 25, 43, 40.00, '期中', '正常成绩', '2026-06-14 16:41:54', '2026-06-14 16:42:09', 0),
	(1769, 25, 44, 40.00, '期中', '正常成绩', '2026-06-14 16:41:54', '2026-06-14 16:42:09', 0),
	(1770, 25, 45, 32.00, '期中', '正常成绩', '2026-06-14 16:41:54', '2026-06-14 16:42:09', 0),
	(1771, 26, 37, 121.00, '期中', '正常成绩', '2026-06-14 16:41:54', '2026-06-14 16:42:09', 0),
	(1772, 26, 38, 130.00, '期中', '正常成绩', '2026-06-14 16:41:54', '2026-06-14 16:42:09', 0),
	(1773, 26, 39, 137.00, '期中', '正常成绩', '2026-06-14 16:41:54', '2026-06-14 16:42:09', 0),
	(1774, 26, 43, 70.00, '期中', '正常成绩', '2026-06-14 16:41:54', '2026-06-14 16:42:09', 0),
	(1775, 26, 44, 81.00, '期中', '正常成绩', '2026-06-14 16:41:54', '2026-06-14 16:42:09', 0),
	(1776, 26, 45, 65.00, '期中', '正常成绩', '2026-06-14 16:41:54', '2026-06-14 16:42:09', 0),
	(1777, 27, 37, 111.00, '期中', '正常成绩', '2026-06-14 16:41:54', '2026-06-14 16:42:09', 0),
	(1778, 27, 38, 105.00, '期中', '正常成绩', '2026-06-14 16:41:54', '2026-06-14 16:42:09', 0),
	(1779, 27, 39, 96.00, '期中', '正常成绩', '2026-06-14 16:41:54', '2026-06-14 16:42:09', 0),
	(1780, 27, 43, 63.00, '期中', '正常成绩', '2026-06-14 16:41:54', '2026-06-14 16:42:09', 0),
	(1781, 27, 44, 72.00, '期中', '正常成绩', '2026-06-14 16:41:54', '2026-06-14 16:42:09', 0),
	(1782, 27, 45, 86.00, '期中', '正常成绩', '2026-06-14 16:41:54', '2026-06-14 16:42:09', 0),
	(1783, 28, 37, 119.00, '期中', '正常成绩', '2026-06-14 16:41:54', '2026-06-14 16:42:09', 0),
	(1784, 28, 38, 89.00, '期中', '正常成绩', '2026-06-14 16:41:54', '2026-06-14 16:42:09', 0),
	(1785, 28, 39, 116.00, '期中', '正常成绩', '2026-06-14 16:41:54', '2026-06-14 16:42:09', 0),
	(1786, 28, 43, 75.00, '期中', '正常成绩', '2026-06-14 16:41:54', '2026-06-14 16:42:09', 0),
	(1787, 28, 44, 75.00, '期中', '正常成绩', '2026-06-14 16:41:54', '2026-06-14 16:42:09', 0),
	(1788, 28, 45, 87.00, '期中', '正常成绩', '2026-06-14 16:41:54', '2026-06-14 16:42:09', 0),
	(1789, 29, 37, 120.00, '期中', '正常成绩', '2026-06-14 16:41:54', '2026-06-14 16:42:09', 0),
	(1790, 29, 38, 131.00, '期中', '正常成绩', '2026-06-14 16:41:54', '2026-06-14 16:42:09', 0),
	(1791, 29, 39, 116.00, '期中', '正常成绩', '2026-06-14 16:41:54', '2026-06-14 16:42:09', 0),
	(1792, 29, 43, 68.00, '期中', '正常成绩', '2026-06-14 16:41:54', '2026-06-14 16:42:09', 0),
	(1793, 29, 44, 89.00, '期中', '正常成绩', '2026-06-14 16:41:54', '2026-06-14 16:42:09', 0),
	(1794, 29, 45, 92.00, '期中', '正常成绩', '2026-06-14 16:41:54', '2026-06-14 16:42:09', 0),
	(1795, 30, 37, 97.00, '期中', '正常成绩', '2026-06-14 16:41:54', '2026-06-14 16:42:09', 0),
	(1796, 30, 38, 121.00, '期中', '正常成绩', '2026-06-14 16:41:54', '2026-06-14 16:42:09', 0),
	(1797, 30, 39, 104.00, '期中', '正常成绩', '2026-06-14 16:41:54', '2026-06-14 16:42:09', 0),
	(1798, 30, 43, 69.00, '期中', '正常成绩', '2026-06-14 16:41:54', '2026-06-14 16:42:09', 0),
	(1799, 30, 44, 56.00, '期中', '正常成绩', '2026-06-14 16:41:54', '2026-06-14 16:42:09', 0),
	(1800, 30, 45, 85.00, '期中', '正常成绩', '2026-06-14 16:41:54', '2026-06-14 16:42:09', 0),
	(1801, 1, 46, 109.00, '期末', '正常成绩', '2026-06-11 20:38:23', '2026-06-11 20:38:23', 0),
	(1802, 1, 47, 92.00, '期末', '正常成绩', '2026-06-11 20:38:23', '2026-06-11 20:38:23', 0),
	(1803, 1, 48, 118.00, '期末', '正常成绩', '2026-06-11 20:38:23', '2026-06-11 20:38:23', 0),
	(1804, 1, 49, 75.00, '期末', '正常成绩', '2026-06-11 20:38:23', '2026-06-11 20:38:23', 0),
	(1805, 1, 50, 82.00, '期末', '正常成绩', '2026-06-11 20:38:23', '2026-06-11 20:38:23', 0),
	(1806, 1, 51, 69.00, '期末', '正常成绩', '2026-06-11 20:38:23', '2026-06-11 20:38:23', 0),
	(1807, 2, 46, 127.00, '期末', '正常成绩', '2026-06-11 20:38:23', '2026-06-11 20:38:23', 0),
	(1808, 2, 47, 119.00, '期末', '正常成绩', '2026-06-11 20:38:23', '2026-06-11 20:38:23', 0),
	(1809, 2, 48, 140.00, '期末', '正常成绩', '2026-06-11 20:38:23', '2026-06-11 20:38:23', 0),
	(1810, 2, 49, 75.00, '期末', '正常成绩', '2026-06-11 20:38:23', '2026-06-11 20:38:23', 0),
	(1811, 2, 50, 86.00, '期末', '正常成绩', '2026-06-11 20:38:23', '2026-06-11 20:38:23', 0),
	(1812, 2, 51, 91.00, '期末', '正常成绩', '2026-06-11 20:38:23', '2026-06-11 20:38:23', 0),
	(1813, 3, 46, 117.00, '期末', '正常成绩', '2026-06-11 20:38:23', '2026-06-11 20:38:23', 0),
	(1814, 3, 47, 136.00, '期末', '正常成绩', '2026-06-11 20:38:23', '2026-06-11 20:38:23', 0),
	(1815, 3, 48, 140.00, '期末', '正常成绩', '2026-06-11 20:38:23', '2026-06-11 20:38:23', 0),
	(1816, 3, 49, 95.00, '期末', '正常成绩', '2026-06-11 20:38:23', '2026-06-11 20:38:23', 0),
	(1817, 3, 50, 100.00, '期末', '正常成绩', '2026-06-11 20:38:23', '2026-06-11 20:38:23', 0),
	(1818, 3, 51, 98.00, '期末', '正常成绩', '2026-06-11 20:38:23', '2026-06-11 20:38:23', 0),
	(1819, 4, 46, 109.00, '期末', '正常成绩', '2026-06-11 20:38:23', '2026-06-11 20:38:23', 0),
	(1820, 4, 47, 116.00, '期末', '正常成绩', '2026-06-11 20:38:23', '2026-06-11 20:38:23', 0),
	(1821, 4, 48, 107.00, '期末', '正常成绩', '2026-06-11 20:38:23', '2026-06-11 20:38:23', 0),
	(1822, 4, 49, 65.00, '期末', '正常成绩', '2026-06-11 20:38:23', '2026-06-11 20:38:23', 0),
	(1823, 4, 50, 74.00, '期末', '正常成绩', '2026-06-11 20:38:23', '2026-06-11 20:38:23', 0),
	(1824, 4, 51, 64.00, '期末', '正常成绩', '2026-06-11 20:38:23', '2026-06-11 20:38:23', 0),
	(1825, 5, 46, 138.00, '期末', '正常成绩', '2026-06-11 20:38:23', '2026-06-11 20:38:23', 0),
	(1826, 5, 47, 128.00, '期末', '正常成绩', '2026-06-11 20:38:23', '2026-06-11 20:38:23', 0),
	(1827, 5, 48, 130.00, '期末', '正常成绩', '2026-06-11 20:38:23', '2026-06-11 20:38:23', 0),
	(1828, 5, 49, 94.00, '期末', '正常成绩', '2026-06-11 20:38:23', '2026-06-11 20:38:23', 0),
	(1829, 5, 50, 65.00, '期末', '正常成绩', '2026-06-11 20:38:23', '2026-06-11 20:38:23', 0),
	(1830, 5, 51, 88.00, '期末', '正常成绩', '2026-06-11 20:38:23', '2026-06-11 20:38:23', 0),
	(1831, 6, 46, 115.00, '期末', '正常成绩', '2026-06-11 20:38:23', '2026-06-11 20:38:23', 0),
	(1832, 6, 47, 121.00, '期末', '正常成绩', '2026-06-11 20:38:23', '2026-06-11 20:38:23', 0),
	(1833, 6, 48, 115.00, '期末', '正常成绩', '2026-06-11 20:38:23', '2026-06-11 20:38:23', 0),
	(1834, 6, 49, 65.00, '期末', '正常成绩', '2026-06-11 20:38:23', '2026-06-11 20:38:23', 0),
	(1835, 6, 50, 75.00, '期末', '正常成绩', '2026-06-11 20:38:23', '2026-06-11 20:38:23', 0),
	(1836, 6, 51, 69.00, '期末', '正常成绩', '2026-06-11 20:38:23', '2026-06-11 20:38:23', 0),
	(1837, 7, 46, 132.00, '期末', '正常成绩', '2026-06-11 20:38:23', '2026-06-11 20:38:23', 0),
	(1838, 7, 47, 127.00, '期末', '正常成绩', '2026-06-11 20:38:23', '2026-06-11 20:38:23', 0),
	(1839, 7, 48, 122.00, '期末', '正常成绩', '2026-06-11 20:38:23', '2026-06-11 20:38:23', 0),
	(1840, 7, 49, 93.00, '期末', '正常成绩', '2026-06-11 20:38:23', '2026-06-11 20:38:23', 0),
	(1841, 7, 50, 82.00, '期末', '正常成绩', '2026-06-11 20:38:23', '2026-06-11 20:38:23', 0),
	(1842, 7, 51, 98.00, '期末', '正常成绩', '2026-06-11 20:38:23', '2026-06-11 20:38:23', 0),
	(1843, 8, 46, 98.00, '期末', '正常成绩', '2026-06-11 20:38:23', '2026-06-11 20:38:23', 0),
	(1844, 8, 47, 96.00, '期末', '正常成绩', '2026-06-11 20:38:23', '2026-06-11 20:38:23', 0),
	(1845, 8, 48, 105.00, '期末', '正常成绩', '2026-06-11 20:38:23', '2026-06-11 20:38:23', 0),
	(1846, 8, 49, 66.00, '期末', '正常成绩', '2026-06-11 20:38:23', '2026-06-11 20:38:23', 0),
	(1847, 8, 50, 83.00, '期末', '正常成绩', '2026-06-11 20:38:23', '2026-06-11 20:38:23', 0),
	(1848, 8, 51, 74.00, '期末', '正常成绩', '2026-06-11 20:38:23', '2026-06-11 20:38:23', 0),
	(1849, 9, 46, 93.00, '期末', '正常成绩', '2026-06-11 20:38:23', '2026-06-11 20:38:23', 0),
	(1850, 9, 47, 106.00, '期末', '正常成绩', '2026-06-11 20:38:23', '2026-06-11 20:38:23', 0),
	(1851, 9, 48, 98.00, '期末', '正常成绩', '2026-06-11 20:38:23', '2026-06-11 20:38:23', 0),
	(1852, 9, 49, 68.00, '期末', '正常成绩', '2026-06-11 20:38:23', '2026-06-11 20:38:23', 0),
	(1853, 9, 50, 84.00, '期末', '正常成绩', '2026-06-11 20:38:23', '2026-06-11 20:38:23', 0),
	(1854, 9, 51, 60.00, '期末', '正常成绩', '2026-06-11 20:38:23', '2026-06-11 20:38:23', 0),
	(1855, 10, 46, 105.00, '期末', '正常成绩', '2026-06-11 20:38:23', '2026-06-11 20:38:23', 0),
	(1856, 10, 47, 93.00, '期末', '正常成绩', '2026-06-11 20:38:23', '2026-06-11 20:38:23', 0),
	(1857, 10, 48, 121.00, '期末', '正常成绩', '2026-06-11 20:38:23', '2026-06-11 20:38:23', 0),
	(1858, 10, 49, 71.00, '期末', '正常成绩', '2026-06-11 20:38:23', '2026-06-11 20:38:23', 0),
	(1859, 10, 50, 81.00, '期末', '正常成绩', '2026-06-11 20:38:23', '2026-06-11 20:38:23', 0),
	(1860, 10, 51, 88.00, '期末', '正常成绩', '2026-06-11 20:38:23', '2026-06-11 20:38:23', 0),
	(1861, 11, 46, 81.00, '期末', '正常成绩', '2026-06-11 20:38:23', '2026-06-11 20:38:23', 0),
	(1862, 11, 47, 88.00, '期末', '正常成绩', '2026-06-11 20:38:23', '2026-06-11 20:38:23', 0),
	(1863, 11, 48, 68.00, '期末', '正常成绩', '2026-06-11 20:38:23', '2026-06-11 20:38:23', 0),
	(1864, 11, 49, 35.00, '期末', '正常成绩', '2026-06-11 20:38:23', '2026-06-11 20:38:23', 0),
	(1865, 11, 50, 57.00, '期末', '正常成绩', '2026-06-11 20:38:23', '2026-06-11 20:38:23', 0),
	(1866, 11, 51, 42.00, '期末', '正常成绩', '2026-06-11 20:38:23', '2026-06-11 20:38:23', 0),
	(1867, 12, 46, 77.00, '期末', '正常成绩', '2026-06-11 20:38:23', '2026-06-11 20:38:23', 0),
	(1868, 12, 47, 80.00, '期末', '正常成绩', '2026-06-11 20:38:23', '2026-06-11 20:38:23', 0),
	(1869, 12, 48, 64.00, '期末', '正常成绩', '2026-06-11 20:38:23', '2026-06-11 20:38:23', 0),
	(1870, 12, 49, 37.00, '期末', '正常成绩', '2026-06-11 20:38:23', '2026-06-11 20:38:23', 0),
	(1871, 12, 50, 45.00, '期末', '正常成绩', '2026-06-11 20:38:23', '2026-06-11 20:38:23', 0),
	(1872, 12, 51, 39.00, '期末', '正常成绩', '2026-06-11 20:38:23', '2026-06-11 20:38:23', 0),
	(1873, 13, 46, 131.00, '期末', '正常成绩', '2026-06-11 20:38:23', '2026-06-11 20:38:23', 0),
	(1874, 13, 47, 124.00, '期末', '正常成绩', '2026-06-11 20:38:23', '2026-06-11 20:38:23', 0),
	(1875, 13, 48, 123.00, '期末', '正常成绩', '2026-06-11 20:38:23', '2026-06-11 20:38:23', 0),
	(1876, 13, 49, 93.00, '期末', '正常成绩', '2026-06-11 20:38:23', '2026-06-11 20:38:23', 0),
	(1877, 13, 50, 81.00, '期末', '正常成绩', '2026-06-11 20:38:23', '2026-06-11 20:38:23', 0),
	(1878, 13, 51, 90.00, '期末', '正常成绩', '2026-06-11 20:38:23', '2026-06-11 20:38:23', 0),
	(1879, 14, 46, 128.00, '期末', '正常成绩', '2026-06-11 20:38:23', '2026-06-11 20:38:23', 0),
	(1880, 14, 47, 131.00, '期末', '正常成绩', '2026-06-11 20:38:23', '2026-06-11 20:38:23', 0),
	(1881, 14, 48, 136.00, '期末', '正常成绩', '2026-06-11 20:38:23', '2026-06-11 20:38:23', 0),
	(1882, 14, 49, 95.00, '期末', '正常成绩', '2026-06-11 20:38:23', '2026-06-11 20:38:23', 0),
	(1883, 14, 50, 80.00, '期末', '正常成绩', '2026-06-11 20:38:23', '2026-06-11 20:38:23', 0),
	(1884, 14, 51, 100.00, '期末', '正常成绩', '2026-06-11 20:38:23', '2026-06-11 20:38:23', 0),
	(1885, 15, 46, 97.00, '期末', '正常成绩', '2026-06-11 20:38:23', '2026-06-11 20:38:23', 0),
	(1886, 15, 47, 103.00, '期末', '正常成绩', '2026-06-11 20:38:23', '2026-06-11 20:38:23', 0),
	(1887, 15, 48, 112.00, '期末', '正常成绩', '2026-06-11 20:38:23', '2026-06-11 20:38:23', 0),
	(1888, 15, 49, 72.00, '期末', '正常成绩', '2026-06-11 20:38:23', '2026-06-11 20:38:23', 0),
	(1889, 15, 50, 85.00, '期末', '正常成绩', '2026-06-11 20:38:23', '2026-06-11 20:38:23', 0),
	(1890, 15, 51, 65.00, '期末', '正常成绩', '2026-06-11 20:38:23', '2026-06-11 20:38:23', 0),
	(1891, 16, 46, 116.00, '期末', '正常成绩', '2026-06-11 20:38:23', '2026-06-11 20:38:23', 0),
	(1892, 16, 47, 123.00, '期末', '正常成绩', '2026-06-11 20:38:23', '2026-06-11 20:38:23', 0),
	(1893, 16, 48, 123.00, '期末', '正常成绩', '2026-06-11 20:38:23', '2026-06-11 20:38:23', 0),
	(1894, 16, 49, 90.00, '期末', '正常成绩', '2026-06-11 20:38:23', '2026-06-11 20:38:23', 0),
	(1895, 16, 50, 96.00, '期末', '正常成绩', '2026-06-11 20:38:23', '2026-06-11 20:38:23', 0),
	(1896, 16, 51, 94.00, '期末', '正常成绩', '2026-06-11 20:38:23', '2026-06-11 20:38:23', 0),
	(1897, 17, 46, 115.00, '期末', '正常成绩', '2026-06-11 20:38:23', '2026-06-11 20:38:23', 0),
	(1898, 17, 47, 103.00, '期末', '正常成绩', '2026-06-11 20:38:23', '2026-06-11 20:38:23', 0),
	(1899, 17, 48, 102.00, '期末', '正常成绩', '2026-06-11 20:38:23', '2026-06-11 20:38:23', 0),
	(1900, 17, 49, 64.00, '期末', '正常成绩', '2026-06-11 20:38:23', '2026-06-11 20:38:23', 0),
	(1901, 17, 50, 80.00, '期末', '正常成绩', '2026-06-11 20:38:23', '2026-06-11 20:38:23', 0),
	(1902, 17, 51, 66.00, '期末', '正常成绩', '2026-06-11 20:38:23', '2026-06-11 20:38:23', 0),
	(1903, 18, 46, 112.00, '期末', '正常成绩', '2026-06-11 20:38:23', '2026-06-11 20:38:23', 0),
	(1904, 18, 47, 110.00, '期末', '正常成绩', '2026-06-11 20:38:23', '2026-06-11 20:38:23', 0),
	(1905, 18, 48, 119.00, '期末', '正常成绩', '2026-06-11 20:38:23', '2026-06-11 20:38:23', 0),
	(1906, 18, 49, 65.00, '期末', '正常成绩', '2026-06-11 20:38:23', '2026-06-11 20:38:23', 0),
	(1907, 18, 50, 74.00, '期末', '正常成绩', '2026-06-11 20:38:23', '2026-06-11 20:38:23', 0),
	(1908, 18, 51, 60.00, '期末', '正常成绩', '2026-06-11 20:38:23', '2026-06-11 20:38:23', 0),
	(1909, 19, 46, 138.00, '期末', '正常成绩', '2026-06-11 20:38:23', '2026-06-11 20:38:23', 0),
	(1910, 19, 47, 140.00, '期末', '正常成绩', '2026-06-11 20:38:23', '2026-06-11 20:38:23', 0),
	(1911, 19, 48, 135.00, '期末', '正常成绩', '2026-06-11 20:38:23', '2026-06-11 20:38:23', 0),
	(1912, 19, 49, 88.00, '期末', '正常成绩', '2026-06-11 20:38:23', '2026-06-11 20:38:23', 0),
	(1913, 19, 50, 81.00, '期末', '正常成绩', '2026-06-11 20:38:23', '2026-06-11 20:38:23', 0),
	(1914, 19, 51, 98.00, '期末', '正常成绩', '2026-06-11 20:38:23', '2026-06-11 20:38:23', 0),
	(1915, 20, 46, 97.00, '期末', '正常成绩', '2026-06-11 20:38:23', '2026-06-11 20:38:23', 0),
	(1916, 20, 47, 113.00, '期末', '正常成绩', '2026-06-11 20:38:23', '2026-06-11 20:38:23', 0),
	(1917, 20, 48, 99.00, '期末', '正常成绩', '2026-06-11 20:38:23', '2026-06-11 20:38:23', 0),
	(1918, 20, 49, 74.00, '期末', '正常成绩', '2026-06-11 20:38:23', '2026-06-11 20:38:23', 0),
	(1919, 20, 50, 66.00, '期末', '正常成绩', '2026-06-11 20:38:23', '2026-06-11 20:38:23', 0),
	(1920, 20, 51, 71.00, '期末', '正常成绩', '2026-06-11 20:38:23', '2026-06-11 20:38:23', 0),
	(1921, 21, 46, 97.00, '期末', '正常成绩', '2026-06-11 20:38:23', '2026-06-11 20:38:23', 0),
	(1922, 21, 47, 103.00, '期末', '正常成绩', '2026-06-11 20:38:23', '2026-06-11 20:38:23', 0),
	(1923, 21, 48, 113.00, '期末', '正常成绩', '2026-06-11 20:38:23', '2026-06-11 20:38:23', 0),
	(1924, 21, 52, 76.00, '期末', '正常成绩', '2026-06-11 20:38:23', '2026-06-11 20:38:23', 0),
	(1925, 21, 53, 86.00, '期末', '正常成绩', '2026-06-11 20:38:23', '2026-06-11 20:38:23', 0),
	(1926, 21, 54, 71.00, '期末', '正常成绩', '2026-06-11 20:38:23', '2026-06-11 20:38:23', 0),
	(1927, 22, 46, 101.00, '期末', '正常成绩', '2026-06-11 20:38:23', '2026-06-11 20:38:23', 0),
	(1928, 22, 47, 98.00, '期末', '正常成绩', '2026-06-11 20:38:23', '2026-06-11 20:38:23', 0),
	(1929, 22, 48, 112.00, '期末', '正常成绩', '2026-06-11 20:38:23', '2026-06-11 20:38:23', 0),
	(1930, 22, 52, 85.00, '期末', '正常成绩', '2026-06-11 20:38:23', '2026-06-11 20:38:23', 0),
	(1931, 22, 53, 80.00, '期末', '正常成绩', '2026-06-11 20:38:23', '2026-06-11 20:38:23', 0),
	(1932, 22, 54, 59.00, '期末', '正常成绩', '2026-06-11 20:38:23', '2026-06-11 20:38:23', 0),
	(1933, 23, 46, 125.00, '期末', '正常成绩', '2026-06-11 20:38:23', '2026-06-11 20:38:23', 0),
	(1934, 23, 47, 129.00, '期末', '正常成绩', '2026-06-11 20:38:23', '2026-06-11 20:38:23', 0),
	(1935, 23, 48, 140.00, '期末', '正常成绩', '2026-06-11 20:38:23', '2026-06-11 20:38:23', 0),
	(1936, 23, 52, 100.00, '期末', '正常成绩', '2026-06-11 20:38:23', '2026-06-11 20:38:23', 0),
	(1937, 23, 53, 100.00, '期末', '正常成绩', '2026-06-11 20:38:23', '2026-06-11 20:38:23', 0),
	(1938, 23, 54, 79.00, '期末', '正常成绩', '2026-06-11 20:38:23', '2026-06-11 20:38:23', 0),
	(1939, 24, 46, 120.00, '期末', '正常成绩', '2026-06-11 20:38:23', '2026-06-11 20:38:23', 0),
	(1940, 24, 47, 125.00, '期末', '正常成绩', '2026-06-11 20:38:23', '2026-06-11 20:38:23', 0),
	(1941, 24, 48, 102.00, '期末', '正常成绩', '2026-06-11 20:38:23', '2026-06-11 20:38:23', 0),
	(1942, 24, 52, 80.00, '期末', '正常成绩', '2026-06-11 20:38:23', '2026-06-11 20:38:23', 0),
	(1943, 24, 53, 81.00, '期末', '正常成绩', '2026-06-11 20:38:23', '2026-06-11 20:38:23', 0),
	(1944, 24, 54, 96.00, '期末', '正常成绩', '2026-06-11 20:38:23', '2026-06-11 20:38:23', 0),
	(1945, 25, 46, 82.00, '期末', '正常成绩', '2026-06-11 20:38:23', '2026-06-11 20:38:23', 0),
	(1946, 25, 47, 58.00, '期末', '正常成绩', '2026-06-11 20:38:23', '2026-06-11 20:38:23', 0),
	(1947, 25, 48, 85.00, '期末', '正常成绩', '2026-06-11 20:38:23', '2026-06-11 20:38:23', 0),
	(1948, 25, 52, 50.00, '期末', '正常成绩', '2026-06-11 20:38:23', '2026-06-11 20:38:23', 0),
	(1949, 25, 53, 50.00, '期末', '正常成绩', '2026-06-11 20:38:23', '2026-06-11 20:38:23', 0),
	(1950, 25, 54, 34.00, '期末', '正常成绩', '2026-06-11 20:38:23', '2026-06-11 20:38:23', 0),
	(1951, 26, 46, 137.00, '期末', '正常成绩', '2026-06-11 20:38:23', '2026-06-11 20:38:23', 0),
	(1952, 26, 47, 139.00, '期末', '正常成绩', '2026-06-11 20:38:23', '2026-06-11 20:38:23', 0),
	(1953, 26, 48, 132.00, '期末', '正常成绩', '2026-06-11 20:38:23', '2026-06-11 20:38:23', 0),
	(1954, 26, 52, 98.00, '期末', '正常成绩', '2026-06-11 20:38:23', '2026-06-11 20:38:23', 0),
	(1955, 26, 53, 87.00, '期末', '正常成绩', '2026-06-11 20:38:23', '2026-06-11 20:38:23', 0),
	(1956, 26, 54, 91.00, '期末', '正常成绩', '2026-06-11 20:38:23', '2026-06-11 20:38:23', 0),
	(1957, 27, 46, 111.00, '期末', '正常成绩', '2026-06-11 20:38:23', '2026-06-11 20:38:23', 0),
	(1958, 27, 47, 100.00, '期末', '正常成绩', '2026-06-11 20:38:23', '2026-06-11 20:38:23', 0),
	(1959, 27, 48, 95.00, '期末', '正常成绩', '2026-06-11 20:38:23', '2026-06-11 20:38:23', 0),
	(1960, 27, 52, 85.00, '期末', '正常成绩', '2026-06-11 20:38:23', '2026-06-11 20:38:23', 0),
	(1961, 27, 53, 64.00, '期末', '正常成绩', '2026-06-11 20:38:23', '2026-06-11 20:38:23', 0),
	(1962, 27, 54, 77.00, '期末', '正常成绩', '2026-06-11 20:38:23', '2026-06-11 20:38:23', 0),
	(1963, 28, 46, 106.00, '期末', '正常成绩', '2026-06-11 20:38:23', '2026-06-11 20:38:23', 0),
	(1964, 28, 47, 105.00, '期末', '正常成绩', '2026-06-11 20:38:23', '2026-06-11 20:38:23', 0),
	(1965, 28, 48, 108.00, '期末', '正常成绩', '2026-06-11 20:38:23', '2026-06-11 20:38:23', 0),
	(1966, 28, 52, 74.00, '期末', '正常成绩', '2026-06-11 20:38:23', '2026-06-11 20:38:23', 0),
	(1967, 28, 53, 85.00, '期末', '正常成绩', '2026-06-11 20:38:23', '2026-06-11 20:38:23', 0),
	(1968, 28, 54, 74.00, '期末', '正常成绩', '2026-06-11 20:38:23', '2026-06-11 20:38:23', 0),
	(1969, 29, 46, 127.00, '期末', '正常成绩', '2026-06-11 20:38:23', '2026-06-11 20:38:23', 0),
	(1970, 29, 47, 113.00, '期末', '正常成绩', '2026-06-11 20:38:23', '2026-06-11 20:38:23', 0),
	(1971, 29, 48, 133.00, '期末', '正常成绩', '2026-06-11 20:38:23', '2026-06-11 20:38:23', 0),
	(1972, 29, 52, 92.00, '期末', '正常成绩', '2026-06-11 20:38:23', '2026-06-11 20:38:23', 0),
	(1973, 29, 53, 96.00, '期末', '正常成绩', '2026-06-11 20:38:23', '2026-06-11 20:38:23', 0),
	(1974, 29, 54, 82.00, '期末', '正常成绩', '2026-06-11 20:38:23', '2026-06-11 20:38:23', 0),
	(1975, 30, 46, 97.00, '期末', '正常成绩', '2026-06-11 20:38:23', '2026-06-11 20:38:23', 0),
	(1976, 30, 47, 113.00, '期末', '正常成绩', '2026-06-11 20:38:23', '2026-06-11 20:38:23', 0),
	(1977, 30, 48, 103.00, '期末', '正常成绩', '2026-06-11 20:38:23', '2026-06-11 20:38:23', 0),
	(1978, 30, 52, 71.00, '期末', '正常成绩', '2026-06-11 20:38:23', '2026-06-11 20:38:23', 0),
	(1979, 30, 53, 59.00, '期末', '正常成绩', '2026-06-11 20:38:23', '2026-06-11 20:38:23', 0),
	(1980, 30, 54, 56.00, '期末', '正常成绩', '2026-06-11 20:38:23', '2026-06-11 20:38:23', 0),
	(1981, 1, 46, 85.00, '期中', '正常成绩', '2026-06-14 16:41:54', '2026-06-14 16:42:09', 0),
	(1982, 1, 47, 94.00, '期中', '正常成绩', '2026-06-14 16:41:54', '2026-06-14 16:42:09', 0),
	(1983, 1, 48, 95.00, '期中', '正常成绩', '2026-06-14 16:41:54', '2026-06-14 16:42:09', 0),
	(1984, 1, 49, 59.00, '期中', '正常成绩', '2026-06-14 16:41:54', '2026-06-14 16:42:09', 0),
	(1985, 1, 50, 58.00, '期中', '正常成绩', '2026-06-14 16:41:54', '2026-06-14 16:42:09', 0),
	(1986, 1, 51, 67.00, '期中', '正常成绩', '2026-06-14 16:41:54', '2026-06-14 16:42:09', 0),
	(1987, 2, 46, 123.00, '期中', '正常成绩', '2026-06-14 16:41:54', '2026-06-14 16:42:09', 0),
	(1988, 2, 47, 133.00, '期中', '正常成绩', '2026-06-14 16:41:54', '2026-06-14 16:42:09', 0),
	(1989, 2, 48, 118.00, '期中', '正常成绩', '2026-06-14 16:41:54', '2026-06-14 16:42:09', 0),
	(1990, 2, 49, 77.00, '期中', '正常成绩', '2026-06-14 16:41:54', '2026-06-14 16:42:09', 0),
	(1991, 2, 50, 86.00, '期中', '正常成绩', '2026-06-14 16:41:54', '2026-06-14 16:42:09', 0),
	(1992, 2, 51, 83.00, '期中', '正常成绩', '2026-06-14 16:41:54', '2026-06-14 16:42:09', 0),
	(1993, 3, 46, 127.00, '期中', '正常成绩', '2026-06-14 16:41:54', '2026-06-14 16:42:09', 0),
	(1994, 3, 47, 117.00, '期中', '正常成绩', '2026-06-14 16:41:54', '2026-06-14 16:42:09', 0),
	(1995, 3, 48, 128.00, '期中', '正常成绩', '2026-06-14 16:41:54', '2026-06-14 16:42:09', 0),
	(1996, 3, 49, 79.00, '期中', '正常成绩', '2026-06-14 16:41:54', '2026-06-14 16:42:09', 0),
	(1997, 3, 50, 91.00, '期中', '正常成绩', '2026-06-14 16:41:54', '2026-06-14 16:42:09', 0),
	(1998, 3, 51, 93.00, '期中', '正常成绩', '2026-06-14 16:41:54', '2026-06-14 16:42:09', 0),
	(1999, 4, 46, 116.00, '期中', '正常成绩', '2026-06-14 16:41:54', '2026-06-14 16:42:09', 0),
	(2000, 4, 47, 116.00, '期中', '正常成绩', '2026-06-14 16:41:54', '2026-06-14 16:42:09', 0),
	(2001, 4, 48, 83.00, '期中', '正常成绩', '2026-06-14 16:41:54', '2026-06-14 16:42:09', 0),
	(2002, 4, 49, 85.00, '期中', '正常成绩', '2026-06-14 16:41:54', '2026-06-14 16:42:09', 0),
	(2003, 4, 50, 63.00, '期中', '正常成绩', '2026-06-14 16:41:54', '2026-06-14 16:42:09', 0),
	(2004, 4, 51, 76.00, '期中', '正常成绩', '2026-06-14 16:41:54', '2026-06-14 16:42:09', 0),
	(2005, 5, 46, 124.00, '期中', '正常成绩', '2026-06-14 16:41:54', '2026-06-14 16:42:09', 0),
	(2006, 5, 47, 116.00, '期中', '正常成绩', '2026-06-14 16:41:54', '2026-06-14 16:42:09', 0),
	(2007, 5, 48, 106.00, '期中', '正常成绩', '2026-06-14 16:41:54', '2026-06-14 16:42:09', 0),
	(2008, 5, 49, 87.00, '期中', '正常成绩', '2026-06-14 16:41:54', '2026-06-14 16:42:09', 0),
	(2009, 5, 50, 73.00, '期中', '正常成绩', '2026-06-14 16:41:54', '2026-06-14 16:42:09', 0),
	(2010, 5, 51, 91.00, '期中', '正常成绩', '2026-06-14 16:41:54', '2026-06-14 16:42:09', 0),
	(2011, 6, 46, 86.00, '期中', '正常成绩', '2026-06-14 16:41:54', '2026-06-14 16:42:09', 0),
	(2012, 6, 47, 97.00, '期中', '正常成绩', '2026-06-14 16:41:54', '2026-06-14 16:42:09', 0),
	(2013, 6, 48, 89.00, '期中', '正常成绩', '2026-06-14 16:41:54', '2026-06-14 16:42:09', 0),
	(2014, 6, 49, 73.00, '期中', '正常成绩', '2026-06-14 16:41:54', '2026-06-14 16:42:09', 0),
	(2015, 6, 50, 64.00, '期中', '正常成绩', '2026-06-14 16:41:54', '2026-06-14 16:42:09', 0),
	(2016, 6, 51, 76.00, '期中', '正常成绩', '2026-06-14 16:41:54', '2026-06-14 16:42:09', 0),
	(2017, 7, 46, 127.00, '期中', '正常成绩', '2026-06-14 16:41:54', '2026-06-14 16:42:09', 0),
	(2018, 7, 47, 124.00, '期中', '正常成绩', '2026-06-14 16:41:54', '2026-06-14 16:42:09', 0),
	(2019, 7, 48, 138.00, '期中', '正常成绩', '2026-06-14 16:41:54', '2026-06-14 16:42:09', 0),
	(2020, 7, 49, 69.00, '期中', '正常成绩', '2026-06-14 16:41:54', '2026-06-14 16:42:09', 0),
	(2021, 7, 50, 87.00, '期中', '正常成绩', '2026-06-14 16:41:54', '2026-06-14 16:42:09', 0),
	(2022, 7, 51, 88.00, '期中', '正常成绩', '2026-06-14 16:41:54', '2026-06-14 16:42:09', 0),
	(2023, 8, 46, 103.00, '期中', '正常成绩', '2026-06-14 16:41:54', '2026-06-14 16:42:09', 0),
	(2024, 8, 47, 109.00, '期中', '正常成绩', '2026-06-14 16:41:54', '2026-06-14 16:42:09', 0),
	(2025, 8, 48, 88.00, '期中', '正常成绩', '2026-06-14 16:41:54', '2026-06-14 16:42:09', 0),
	(2026, 8, 49, 80.00, '期中', '正常成绩', '2026-06-14 16:41:54', '2026-06-14 16:42:09', 0),
	(2027, 8, 50, 76.00, '期中', '正常成绩', '2026-06-14 16:41:54', '2026-06-14 16:42:09', 0),
	(2028, 8, 51, 65.00, '期中', '正常成绩', '2026-06-14 16:41:54', '2026-06-14 16:42:09', 0),
	(2029, 9, 46, 95.00, '期中', '正常成绩', '2026-06-14 16:41:54', '2026-06-14 16:42:09', 0),
	(2030, 9, 47, 95.00, '期中', '正常成绩', '2026-06-14 16:41:54', '2026-06-14 16:42:09', 0),
	(2031, 9, 48, 94.00, '期中', '正常成绩', '2026-06-14 16:41:54', '2026-06-14 16:42:09', 0),
	(2032, 9, 49, 80.00, '期中', '正常成绩', '2026-06-14 16:41:54', '2026-06-14 16:42:09', 0),
	(2033, 9, 50, 66.00, '期中', '正常成绩', '2026-06-14 16:41:54', '2026-06-14 16:42:09', 0),
	(2034, 9, 51, 88.00, '期中', '正常成绩', '2026-06-14 16:41:54', '2026-06-14 16:42:09', 0),
	(2035, 10, 46, 94.00, '期中', '正常成绩', '2026-06-14 16:41:54', '2026-06-14 16:42:09', 0),
	(2036, 10, 47, 105.00, '期中', '正常成绩', '2026-06-14 16:41:54', '2026-06-14 16:42:09', 0),
	(2037, 10, 48, 107.00, '期中', '正常成绩', '2026-06-14 16:41:54', '2026-06-14 16:42:09', 0),
	(2038, 10, 49, 78.00, '期中', '正常成绩', '2026-06-14 16:41:54', '2026-06-14 16:42:09', 0),
	(2039, 10, 50, 64.00, '期中', '正常成绩', '2026-06-14 16:41:54', '2026-06-14 16:42:09', 0),
	(2040, 10, 51, 81.00, '期中', '正常成绩', '2026-06-14 16:41:54', '2026-06-14 16:42:09', 0),
	(2041, 11, 46, 69.00, '期中', '正常成绩', '2026-06-14 16:41:54', '2026-06-14 16:42:09', 0),
	(2042, 11, 47, 75.00, '期中', '正常成绩', '2026-06-14 16:41:54', '2026-06-14 16:42:09', 0),
	(2043, 11, 48, 70.00, '期中', '正常成绩', '2026-06-14 16:41:54', '2026-06-14 16:42:09', 0),
	(2044, 11, 49, 28.00, '期中', '正常成绩', '2026-06-14 16:41:54', '2026-06-14 16:42:09', 0),
	(2045, 11, 50, 25.00, '期中', '正常成绩', '2026-06-14 16:41:54', '2026-06-14 16:42:09', 0),
	(2046, 11, 51, 31.00, '期中', '正常成绩', '2026-06-14 16:41:54', '2026-06-14 16:42:09', 0),
	(2047, 12, 46, 56.00, '期中', '正常成绩', '2026-06-14 16:41:54', '2026-06-14 16:42:09', 0),
	(2048, 12, 47, 51.00, '期中', '正常成绩', '2026-06-14 16:41:54', '2026-06-14 16:42:09', 0),
	(2049, 12, 48, 74.00, '期中', '正常成绩', '2026-06-14 16:41:54', '2026-06-14 16:42:09', 0),
	(2050, 12, 49, 63.00, '期中', '正常成绩', '2026-06-14 16:41:54', '2026-06-14 16:42:09', 0),
	(2051, 12, 50, 57.00, '期中', '正常成绩', '2026-06-14 16:41:54', '2026-06-14 16:42:09', 0),
	(2052, 12, 51, 57.00, '期中', '正常成绩', '2026-06-14 16:41:54', '2026-06-14 16:42:09', 0),
	(2053, 13, 46, 123.00, '期中', '正常成绩', '2026-06-14 16:41:54', '2026-06-14 16:42:09', 0),
	(2054, 13, 47, 119.00, '期中', '正常成绩', '2026-06-14 16:41:54', '2026-06-14 16:42:09', 0),
	(2055, 13, 48, 131.00, '期中', '正常成绩', '2026-06-14 16:41:54', '2026-06-14 16:42:09', 0),
	(2056, 13, 49, 81.00, '期中', '正常成绩', '2026-06-14 16:41:54', '2026-06-14 16:42:09', 0),
	(2057, 13, 50, 69.00, '期中', '正常成绩', '2026-06-14 16:41:54', '2026-06-14 16:42:09', 0),
	(2058, 13, 51, 78.00, '期中', '正常成绩', '2026-06-14 16:41:54', '2026-06-14 16:42:09', 0),
	(2059, 14, 46, 136.00, '期中', '正常成绩', '2026-06-14 16:41:54', '2026-06-14 16:42:09', 0),
	(2060, 14, 47, 130.00, '期中', '正常成绩', '2026-06-14 16:41:54', '2026-06-14 16:42:09', 0),
	(2061, 14, 48, 125.00, '期中', '正常成绩', '2026-06-14 16:41:54', '2026-06-14 16:42:09', 0),
	(2062, 14, 49, 97.00, '期中', '正常成绩', '2026-06-14 16:41:54', '2026-06-14 16:42:09', 0),
	(2063, 14, 50, 88.00, '期中', '正常成绩', '2026-06-14 16:41:54', '2026-06-14 16:42:09', 0),
	(2064, 14, 51, 89.00, '期中', '正常成绩', '2026-06-14 16:41:54', '2026-06-14 16:42:09', 0),
	(2065, 15, 46, 103.00, '期中', '正常成绩', '2026-06-14 16:41:54', '2026-06-14 16:42:09', 0),
	(2066, 15, 47, 108.00, '期中', '正常成绩', '2026-06-14 16:41:54', '2026-06-14 16:42:09', 0),
	(2067, 15, 48, 117.00, '期中', '正常成绩', '2026-06-14 16:41:54', '2026-06-14 16:42:09', 0),
	(2068, 15, 49, 72.00, '期中', '正常成绩', '2026-06-14 16:41:54', '2026-06-14 16:42:09', 0),
	(2069, 15, 50, 76.00, '期中', '正常成绩', '2026-06-14 16:41:54', '2026-06-14 16:42:09', 0),
	(2070, 15, 51, 85.00, '期中', '正常成绩', '2026-06-14 16:41:54', '2026-06-14 16:42:09', 0),
	(2071, 16, 46, 124.00, '期中', '正常成绩', '2026-06-14 16:41:54', '2026-06-14 16:42:09', 0),
	(2072, 16, 47, 125.00, '期中', '正常成绩', '2026-06-14 16:41:54', '2026-06-14 16:42:09', 0),
	(2073, 16, 48, 126.00, '期中', '正常成绩', '2026-06-14 16:41:54', '2026-06-14 16:42:09', 0),
	(2074, 16, 49, 69.00, '期中', '正常成绩', '2026-06-14 16:41:54', '2026-06-14 16:42:09', 0),
	(2075, 16, 50, 81.00, '期中', '正常成绩', '2026-06-14 16:41:54', '2026-06-14 16:42:09', 0),
	(2076, 16, 51, 81.00, '期中', '正常成绩', '2026-06-14 16:41:54', '2026-06-14 16:42:09', 0),
	(2077, 17, 46, 90.00, '期中', '正常成绩', '2026-06-14 16:41:54', '2026-06-14 16:42:09', 0),
	(2078, 17, 47, 114.00, '期中', '正常成绩', '2026-06-14 16:41:54', '2026-06-14 16:42:09', 0),
	(2079, 17, 48, 85.00, '期中', '正常成绩', '2026-06-14 16:41:54', '2026-06-14 16:42:09', 0),
	(2080, 17, 49, 85.00, '期中', '正常成绩', '2026-06-14 16:41:54', '2026-06-14 16:42:09', 0),
	(2081, 17, 50, 73.00, '期中', '正常成绩', '2026-06-14 16:41:54', '2026-06-14 16:42:09', 0),
	(2082, 17, 51, 56.00, '期中', '正常成绩', '2026-06-14 16:41:54', '2026-06-14 16:42:09', 0),
	(2083, 18, 46, 102.00, '期中', '正常成绩', '2026-06-14 16:41:54', '2026-06-14 16:42:09', 0),
	(2084, 18, 47, 85.00, '期中', '正常成绩', '2026-06-14 16:41:54', '2026-06-14 16:42:09', 0),
	(2085, 18, 48, 96.00, '期中', '正常成绩', '2026-06-14 16:41:54', '2026-06-14 16:42:09', 0),
	(2086, 18, 49, 77.00, '期中', '正常成绩', '2026-06-14 16:41:54', '2026-06-14 16:42:09', 0),
	(2087, 18, 50, 67.00, '期中', '正常成绩', '2026-06-14 16:41:54', '2026-06-14 16:42:09', 0),
	(2088, 18, 51, 63.00, '期中', '正常成绩', '2026-06-14 16:41:54', '2026-06-14 16:42:09', 0),
	(2089, 19, 46, 137.00, '期中', '正常成绩', '2026-06-14 16:41:54', '2026-06-14 16:42:09', 0),
	(2090, 19, 47, 115.00, '期中', '正常成绩', '2026-06-14 16:41:54', '2026-06-14 16:42:09', 0),
	(2091, 19, 48, 127.00, '期中', '正常成绩', '2026-06-14 16:41:54', '2026-06-14 16:42:09', 0),
	(2092, 19, 49, 75.00, '期中', '正常成绩', '2026-06-14 16:41:54', '2026-06-14 16:42:09', 0),
	(2093, 19, 50, 86.00, '期中', '正常成绩', '2026-06-14 16:41:54', '2026-06-14 16:42:09', 0),
	(2094, 19, 51, 93.00, '期中', '正常成绩', '2026-06-14 16:41:54', '2026-06-14 16:42:09', 0),
	(2095, 20, 46, 103.00, '期中', '正常成绩', '2026-06-14 16:41:54', '2026-06-14 16:42:09', 0),
	(2096, 20, 47, 109.00, '期中', '正常成绩', '2026-06-14 16:41:54', '2026-06-14 16:42:09', 0),
	(2097, 20, 48, 111.00, '期中', '正常成绩', '2026-06-14 16:41:54', '2026-06-14 16:42:09', 0),
	(2098, 20, 49, 72.00, '期中', '正常成绩', '2026-06-14 16:41:54', '2026-06-14 16:42:09', 0),
	(2099, 20, 50, 84.00, '期中', '正常成绩', '2026-06-14 16:41:54', '2026-06-14 16:42:09', 0),
	(2100, 20, 51, 62.00, '期中', '正常成绩', '2026-06-14 16:41:54', '2026-06-14 16:42:09', 0),
	(2101, 21, 46, 94.00, '期中', '正常成绩', '2026-06-14 16:41:54', '2026-06-14 16:42:09', 0),
	(2102, 21, 47, 91.00, '期中', '正常成绩', '2026-06-14 16:41:54', '2026-06-14 16:42:09', 0),
	(2103, 21, 48, 103.00, '期中', '正常成绩', '2026-06-14 16:41:54', '2026-06-14 16:42:09', 0),
	(2104, 21, 52, 63.00, '期中', '正常成绩', '2026-06-14 16:41:54', '2026-06-14 16:42:09', 0),
	(2105, 21, 53, 65.00, '期中', '正常成绩', '2026-06-14 16:41:54', '2026-06-14 16:42:09', 0),
	(2106, 21, 54, 82.00, '期中', '正常成绩', '2026-06-14 16:41:54', '2026-06-14 16:42:09', 0),
	(2107, 22, 46, 86.00, '期中', '正常成绩', '2026-06-14 16:41:54', '2026-06-14 16:42:09', 0),
	(2108, 22, 47, 99.00, '期中', '正常成绩', '2026-06-14 16:41:54', '2026-06-14 16:42:09', 0),
	(2109, 22, 48, 114.00, '期中', '正常成绩', '2026-06-14 16:41:54', '2026-06-14 16:42:09', 0),
	(2110, 22, 52, 60.00, '期中', '正常成绩', '2026-06-14 16:41:54', '2026-06-14 16:42:09', 0),
	(2111, 22, 53, 64.00, '期中', '正常成绩', '2026-06-14 16:41:54', '2026-06-14 16:42:09', 0),
	(2112, 22, 54, 68.00, '期中', '正常成绩', '2026-06-14 16:41:54', '2026-06-14 16:42:09', 0),
	(2113, 23, 46, 136.00, '期中', '正常成绩', '2026-06-14 16:41:54', '2026-06-14 16:42:09', 0),
	(2114, 23, 47, 135.00, '期中', '正常成绩', '2026-06-14 16:41:54', '2026-06-14 16:42:09', 0),
	(2115, 23, 48, 115.00, '期中', '正常成绩', '2026-06-14 16:41:54', '2026-06-14 16:42:09', 0),
	(2116, 23, 52, 93.00, '期中', '正常成绩', '2026-06-14 16:41:54', '2026-06-14 16:42:09', 0),
	(2117, 23, 53, 94.00, '期中', '正常成绩', '2026-06-14 16:41:54', '2026-06-14 16:42:09', 0),
	(2118, 23, 54, 82.00, '期中', '正常成绩', '2026-06-14 16:41:54', '2026-06-14 16:42:09', 0),
	(2119, 24, 46, 119.00, '期中', '正常成绩', '2026-06-14 16:41:54', '2026-06-14 16:42:09', 0),
	(2120, 24, 47, 133.00, '期中', '正常成绩', '2026-06-14 16:41:54', '2026-06-14 16:42:09', 0),
	(2121, 24, 48, 123.00, '期中', '正常成绩', '2026-06-14 16:41:54', '2026-06-14 16:42:09', 0),
	(2122, 24, 52, 81.00, '期中', '正常成绩', '2026-06-14 16:41:54', '2026-06-14 16:42:09', 0),
	(2123, 24, 53, 97.00, '期中', '正常成绩', '2026-06-14 16:41:54', '2026-06-14 16:42:09', 0),
	(2124, 24, 54, 87.00, '期中', '正常成绩', '2026-06-14 16:41:54', '2026-06-14 16:42:09', 0),
	(2125, 25, 46, 60.00, '期中', '正常成绩', '2026-06-14 16:41:54', '2026-06-14 16:42:09', 0),
	(2126, 25, 47, 53.00, '期中', '正常成绩', '2026-06-14 16:41:54', '2026-06-14 16:42:09', 0),
	(2127, 25, 48, 55.00, '期中', '正常成绩', '2026-06-14 16:41:54', '2026-06-14 16:42:09', 0),
	(2128, 25, 52, 62.00, '期中', '正常成绩', '2026-06-14 16:41:54', '2026-06-14 16:42:09', 0),
	(2129, 25, 53, 45.00, '期中', '正常成绩', '2026-06-14 16:41:54', '2026-06-14 16:42:09', 0),
	(2130, 25, 54, 38.00, '期中', '正常成绩', '2026-06-14 16:41:54', '2026-06-14 16:42:09', 0),
	(2131, 26, 46, 119.00, '期中', '正常成绩', '2026-06-14 16:41:54', '2026-06-14 16:42:09', 0),
	(2132, 26, 47, 130.00, '期中', '正常成绩', '2026-06-14 16:41:54', '2026-06-14 16:42:09', 0),
	(2133, 26, 48, 111.00, '期中', '正常成绩', '2026-06-14 16:41:54', '2026-06-14 16:42:09', 0),
	(2134, 26, 52, 81.00, '期中', '正常成绩', '2026-06-14 16:41:54', '2026-06-14 16:42:09', 0),
	(2135, 26, 53, 87.00, '期中', '正常成绩', '2026-06-14 16:41:54', '2026-06-14 16:42:09', 0),
	(2136, 26, 54, 81.00, '期中', '正常成绩', '2026-06-14 16:41:54', '2026-06-14 16:42:09', 0),
	(2137, 27, 46, 107.00, '期中', '正常成绩', '2026-06-14 16:41:54', '2026-06-14 16:42:09', 0),
	(2138, 27, 47, 91.00, '期中', '正常成绩', '2026-06-14 16:41:54', '2026-06-14 16:42:09', 0),
	(2139, 27, 48, 106.00, '期中', '正常成绩', '2026-06-14 16:41:54', '2026-06-14 16:42:09', 0),
	(2140, 27, 52, 66.00, '期中', '正常成绩', '2026-06-14 16:41:54', '2026-06-14 16:42:09', 0),
	(2141, 27, 53, 61.00, '期中', '正常成绩', '2026-06-14 16:41:54', '2026-06-14 16:42:09', 0),
	(2142, 27, 54, 84.00, '期中', '正常成绩', '2026-06-14 16:41:54', '2026-06-14 16:42:09', 0),
	(2143, 28, 46, 96.00, '期中', '正常成绩', '2026-06-14 16:41:54', '2026-06-14 16:42:09', 0),
	(2144, 28, 47, 96.00, '期中', '正常成绩', '2026-06-14 16:41:54', '2026-06-14 16:42:09', 0),
	(2145, 28, 48, 115.00, '期中', '正常成绩', '2026-06-14 16:41:54', '2026-06-14 16:42:09', 0),
	(2146, 28, 52, 69.00, '期中', '正常成绩', '2026-06-14 16:41:54', '2026-06-14 16:42:09', 0),
	(2147, 28, 53, 63.00, '期中', '正常成绩', '2026-06-14 16:41:54', '2026-06-14 16:42:09', 0),
	(2148, 28, 54, 82.00, '期中', '正常成绩', '2026-06-14 16:41:54', '2026-06-14 16:42:09', 0),
	(2149, 29, 46, 100.00, '期中', '正常成绩', '2026-06-14 16:41:54', '2026-06-14 16:42:09', 0),
	(2150, 29, 47, 126.00, '期中', '正常成绩', '2026-06-14 16:41:54', '2026-06-14 16:42:09', 0),
	(2151, 29, 48, 112.00, '期中', '正常成绩', '2026-06-14 16:41:54', '2026-06-14 16:42:09', 0),
	(2152, 29, 52, 94.00, '期中', '正常成绩', '2026-06-14 16:41:54', '2026-06-14 16:42:09', 0),
	(2153, 29, 53, 95.00, '期中', '正常成绩', '2026-06-14 16:41:54', '2026-06-14 16:42:09', 0),
	(2154, 29, 54, 81.00, '期中', '正常成绩', '2026-06-14 16:41:54', '2026-06-14 16:42:09', 0),
	(2155, 30, 46, 105.00, '期中', '正常成绩', '2026-06-14 16:41:54', '2026-06-14 16:42:09', 0),
	(2156, 30, 47, 115.00, '期中', '正常成绩', '2026-06-14 16:41:54', '2026-06-14 16:42:09', 0),
	(2157, 30, 48, 88.00, '期中', '正常成绩', '2026-06-14 16:41:54', '2026-06-14 16:42:09', 0),
	(2158, 30, 52, 74.00, '期中', '正常成绩', '2026-06-14 16:41:54', '2026-06-14 16:42:09', 0),
	(2159, 30, 53, 58.00, '期中', '正常成绩', '2026-06-14 16:41:54', '2026-06-14 16:42:09', 0),
	(2160, 30, 54, 80.00, '期中', '正常成绩', '2026-06-14 16:41:54', '2026-06-14 16:42:09', 0);

-- 正在导出表  student_score_admin.student 的数据：~30 rows (大约)
REPLACE INTO `student` (`id`, `user_id`, `student_no`, `name`, `gender`, `class_id`, `phone`, `email`, `enrollment_year`, `create_time`, `update_time`, `is_deleted`) VALUES
	(1, 12, '20260101', '张明', 1, 1, '13900110001', 'zhangming@stu.edu', '2023', '2026-06-11 20:38:23', '2026-06-11 20:38:23', 0),
	(2, 13, '20260102', '李芳', 2, 1, '13900110002', 'lifang@stu.edu', '2023', '2026-06-11 20:38:23', '2026-06-11 20:38:23', 0),
	(3, 14, '20260103', '王磊', 1, 1, '13900110003', 'wanglei@stu.edu', '2023', '2026-06-11 20:38:23', '2026-06-11 20:38:23', 0),
	(4, 15, '20260104', '赵静', 2, 1, '13900110004', 'zhaojing@stu.edu', '2023', '2026-06-11 20:38:23', '2026-06-11 20:38:23', 0),
	(5, 16, '20260105', '周涛', 1, 1, '13900110005', 'zhoutao@stu.edu', '2023', '2026-06-11 20:38:23', '2026-06-11 20:38:23', 0),
	(6, 17, '20260106', '吴迪', 1, 1, '13900110006', 'wudi@stu.edu', '2023', '2026-06-11 20:38:23', '2026-06-11 20:38:23', 0),
	(7, 18, '20260107', '郑爽', 2, 1, '13900110007', 'zhengshuang@stu.edu', '2023', '2026-06-11 20:38:23', '2026-06-11 20:38:23', 0),
	(8, 19, '20260108', '孙阳', 1, 1, '13900110008', 'sunyang@stu.edu', '2023', '2026-06-11 20:38:23', '2026-06-11 20:38:23', 0),
	(9, 20, '20260109', '陈曦', 2, 1, '13900110009', 'chenxi@stu.edu', '2023', '2026-06-11 20:38:23', '2026-06-11 20:38:23', 0),
	(10, 21, '20260110', '林晨', 1, 1, '13900110010', 'linchen@stu.edu', '2023', '2026-06-11 20:38:23', '2026-06-11 20:38:23', 0),
	(11, 22, '20260201', '郭峰', 1, 2, '13900220001', 'guofeng@stu.edu', '2023', '2026-06-11 20:38:23', '2026-06-11 20:38:23', 0),
	(12, 23, '20260202', '唐雅', 2, 2, '13900220002', 'tangya@stu.edu', '2023', '2026-06-11 20:38:23', '2026-06-11 20:38:23', 0),
	(13, 24, '20260203', '沈浩', 1, 2, '13900220003', 'shenhao@stu.edu', '2023', '2026-06-11 20:38:23', '2026-06-11 20:38:23', 0),
	(14, 25, '20260204', '宋丹', 2, 2, '13900220004', 'songdan@stu.edu', '2023', '2026-06-11 20:38:23', '2026-06-11 20:38:23', 0),
	(15, 26, '20260205', '许峰', 1, 2, '13900220005', 'xufeng@stu.edu', '2023', '2026-06-11 20:38:23', '2026-06-11 20:38:23', 0),
	(16, 27, '20260206', '韩雪', 2, 2, '13900220006', 'hanxue@stu.edu', '2023', '2026-06-11 20:38:23', '2026-06-11 20:38:23', 0),
	(17, 28, '20260207', '彭博', 1, 2, '13900220007', 'pengbo@stu.edu', '2023', '2026-06-11 20:38:23', '2026-06-11 20:38:23', 0),
	(18, 29, '20260208', '陆瑶', 2, 2, '13900220008', 'luyao@stu.edu', '2023', '2026-06-11 20:38:23', '2026-06-11 20:38:23', 0),
	(19, 30, '20260209', '崔健', 1, 2, '13900220009', 'cuijian@stu.edu', '2023', '2026-06-11 20:38:23', '2026-06-11 20:38:23', 0),
	(20, 31, '20260210', '贾玲', 2, 2, '13900220010', 'jialing@stu.edu', '2023', '2026-06-11 20:38:23', '2026-06-11 20:38:23', 0),
	(21, 32, '20260301', '欧阳', 1, 3, '13900330001', 'ouyang@stu.edu', '2023', '2026-06-11 20:38:23', '2026-06-11 20:38:23', 0),
	(22, 33, '20260302', '慕容', 2, 3, '13900330002', 'murong@stu.edu', '2023', '2026-06-11 20:38:23', '2026-06-11 20:38:23', 0),
	(23, 34, '20260303', '诸葛', 1, 3, '13900330003', 'zhuge@stu.edu', '2023', '2026-06-11 20:38:23', '2026-06-11 20:38:23', 0),
	(24, 35, '20260304', '东方', 2, 3, '13900330004', 'dongfang@stu.edu', '2023', '2026-06-11 20:38:23', '2026-06-11 20:38:23', 0),
	(25, 36, '20260305', '独孤', 1, 3, '13900330005', 'dugu@stu.edu', '2023', '2026-06-11 20:38:23', '2026-06-11 20:38:23', 0),
	(26, 37, '20260306', '令狐', 2, 3, '13900330006', 'linghu@stu.edu', '2023', '2026-06-11 20:38:23', '2026-06-11 20:38:23', 0),
	(27, 38, '20260307', '南宫', 1, 3, '13900330007', 'nangong@stu.edu', '2023', '2026-06-11 20:38:23', '2026-06-11 20:38:23', 0),
	(28, 39, '20260308', '西门', 2, 3, '13900330008', 'ximen@stu.edu', '2023', '2026-06-11 20:38:23', '2026-06-11 20:38:23', 0),
	(29, 40, '20260309', '北堂', 1, 3, '13900330009', 'beitang@stu.edu', '2023', '2026-06-11 20:38:23', '2026-06-11 20:38:23', 0),
	(30, 41, '20260310', '端木', 2, 3, '13900330010', 'duanmu@stu.edu', '2023', '2026-06-11 20:38:23', '2026-06-11 20:38:23', 0);

-- 正在导出表  student_score_admin.sys_role 的数据：~3 rows (大约)
REPLACE INTO `sys_role` (`id`, `role_name`, `role_code`, `description`, `status`, `create_time`, `update_time`, `is_deleted`) VALUES
	(1, '管理员', 'admin', '系统管理员', 1, '2026-06-11 20:38:23', '2026-06-11 20:38:23', 0),
	(2, '教师', 'teacher', '教师角色', 1, '2026-06-11 20:38:23', '2026-06-11 20:38:23', 0),
	(3, '学生', 'student', '学生角色', 1, '2026-06-11 20:38:23', '2026-06-11 20:38:23', 0);

-- 正在导出表  student_score_admin.sys_user 的数据：~40 rows (大约)
REPLACE INTO `sys_user` (`id`, `username`, `password`, `role_id`, `status`, `last_login_time`, `create_time`, `update_time`, `is_deleted`) VALUES
	(1, 'admin', '123456', 1, 1, NULL, '2026-06-11 20:38:23', '2026-06-11 20:38:23', 0),
	(2, 'T001', '123456', 2, 1, NULL, '2026-06-11 20:38:23', '2026-06-11 20:38:23', 0),
	(3, 'T002', '123456', 2, 1, NULL, '2026-06-11 20:38:23', '2026-06-11 20:38:23', 0),
	(4, 'T003', '123456', 2, 1, NULL, '2026-06-11 20:38:23', '2026-06-11 20:38:23', 0),
	(5, 'T004', '123456', 2, 1, NULL, '2026-06-11 20:38:23', '2026-06-11 20:38:23', 0),
	(6, 'T005', '123456', 2, 1, NULL, '2026-06-11 20:38:23', '2026-06-11 20:38:23', 0),
	(7, 'T006', '123456', 2, 1, NULL, '2026-06-11 20:38:23', '2026-06-11 20:38:23', 0),
	(8, 'T007', '123456', 2, 1, NULL, '2026-06-11 20:38:23', '2026-06-11 20:38:23', 0),
	(9, 'T008', '123456', 2, 1, NULL, '2026-06-11 20:38:23', '2026-06-11 20:38:23', 0),
	(10, 'T009', '123456', 2, 1, NULL, '2026-06-11 20:38:23', '2026-06-11 20:38:23', 0),
	(12, '20260101', '123456', 3, 1, NULL, '2026-06-11 20:38:23', '2026-06-11 20:38:23', 0),
	(13, '20260102', '123456', 3, 1, NULL, '2026-06-11 20:38:23', '2026-06-11 20:38:23', 0),
	(14, '20260103', '123456', 3, 1, NULL, '2026-06-11 20:38:23', '2026-06-11 20:38:23', 0),
	(15, '20260104', '123456', 3, 1, NULL, '2026-06-11 20:38:23', '2026-06-11 20:38:23', 0),
	(16, '20260105', '123456', 3, 1, NULL, '2026-06-11 20:38:23', '2026-06-11 20:38:23', 0),
	(17, '20260106', '123456', 3, 1, NULL, '2026-06-11 20:38:23', '2026-06-11 20:38:23', 0),
	(18, '20260107', '123456', 3, 1, NULL, '2026-06-11 20:38:23', '2026-06-11 20:38:23', 0),
	(19, '20260108', '123456', 3, 1, NULL, '2026-06-11 20:38:23', '2026-06-11 20:38:23', 0),
	(20, '20260109', '123456', 3, 1, NULL, '2026-06-11 20:38:23', '2026-06-11 20:38:23', 0),
	(21, '20260110', '123456', 3, 1, NULL, '2026-06-11 20:38:23', '2026-06-11 20:38:23', 0),
	(22, '20260201', '123456', 3, 1, NULL, '2026-06-11 20:38:23', '2026-06-14 16:18:18', 0),
	(23, '20260202', '123456', 3, 1, NULL, '2026-06-11 20:38:23', '2026-06-14 16:18:26', 0),
	(24, '20260203', '123456', 3, 1, NULL, '2026-06-11 20:38:23', '2026-06-14 16:18:34', 0),
	(25, '20260204', '123456', 3, 1, NULL, '2026-06-11 20:38:23', '2026-06-14 16:18:41', 0),
	(26, '20260205', '123456', 3, 1, NULL, '2026-06-11 20:38:23', '2026-06-14 16:18:48', 0),
	(27, '20260206', '123456', 3, 1, NULL, '2026-06-11 20:38:23', '2026-06-14 16:18:56', 0),
	(28, '20260207', '123456', 3, 1, NULL, '2026-06-11 20:38:23', '2026-06-14 16:19:01', 0),
	(29, '20260208', '123456', 3, 1, NULL, '2026-06-11 20:38:23', '2026-06-14 16:19:06', 0),
	(30, '20260209', '123456', 3, 1, NULL, '2026-06-11 20:38:23', '2026-06-14 16:19:15', 0),
	(31, '20260210', '123456', 3, 1, NULL, '2026-06-11 20:38:23', '2026-06-14 16:19:21', 0),
	(32, '20260301', '123456', 3, 1, NULL, '2026-06-11 20:38:23', '2026-06-14 16:19:28', 0),
	(33, '20260302', '123456', 3, 1, NULL, '2026-06-11 20:38:23', '2026-06-14 16:19:35', 0),
	(34, '20260303', '123456', 3, 1, NULL, '2026-06-11 20:38:23', '2026-06-14 16:19:41', 0),
	(35, '20260304', '123456', 3, 1, NULL, '2026-06-11 20:38:23', '2026-06-14 16:19:46', 0),
	(36, '20260305', '123456', 3, 1, NULL, '2026-06-11 20:38:23', '2026-06-14 16:19:52', 0),
	(37, '20260306', '123456', 3, 1, NULL, '2026-06-11 20:38:23', '2026-06-14 16:19:59', 0),
	(38, '20260307', '123456', 3, 1, NULL, '2026-06-11 20:38:23', '2026-06-14 16:20:09', 0),
	(39, '20260308', '123456', 3, 1, NULL, '2026-06-11 20:38:23', '2026-06-14 16:20:17', 0),
	(40, '20260309', '123456', 3, 1, NULL, '2026-06-11 20:38:23', '2026-06-14 16:20:22', 0),
	(41, '20260130', '123456', 3, 1, NULL, '2026-06-11 20:38:23', '2026-06-11 20:38:23', 0);

-- 正在导出表  student_score_admin.teacher 的数据：~9 rows (大约)
REPLACE INTO `teacher` (`id`, `user_id`, `teacher_no`, `name`, `gender`, `title`, `phone`, `email`, `create_time`, `update_time`, `is_deleted`) VALUES
	(1, 2, 'T001', '王语文', 1, '高级教师', '13810000001', 'yuwen.wang@school.edu', '2026-06-11 20:38:23', '2026-06-11 20:38:23', 0),
	(2, 3, 'T002', '李数学', 2, '一级教师', '13810000002', 'shuxue.li@school.edu', '2026-06-11 20:38:23', '2026-06-11 20:38:23', 0),
	(3, 4, 'T003', '张英语', 1, '高级教师', '13810000003', 'yingyu.zhang@school.edu', '2026-06-11 20:38:23', '2026-06-11 20:38:23', 0),
	(4, 5, 'T004', '刘物理', 2, '一级教师', '13810000004', 'wuli.liu@school.edu', '2026-06-11 20:38:23', '2026-06-11 20:38:23', 0),
	(5, 6, 'T005', '陈化学', 1, '高级教师', '13810000005', 'huaxue.chen@school.edu', '2026-06-11 20:38:23', '2026-06-11 20:38:23', 0),
	(6, 7, 'T006', '赵生物', 2, '一级教师', '13810000006', 'shengwu.zhao@school.edu', '2026-06-11 20:38:23', '2026-06-11 20:38:23', 0),
	(7, 8, 'T007', '周历史', 1, '高级教师', '13810000007', 'lishi.zhou@school.edu', '2026-06-11 20:38:23', '2026-06-11 20:38:23', 0),
	(8, 9, 'T008', '吴地理', 2, '一级教师', '13810000008', 'dili.wu@school.edu', '2026-06-11 20:38:23', '2026-06-11 20:38:23', 0),
	(9, 10, 'T009', '郑政治', 1, '高级教师', '13810000009', 'zhengzhi.zheng@school.edu', '2026-06-11 20:38:23', '2026-06-11 20:38:23', 0);

/*!40103 SET TIME_ZONE=IFNULL(@OLD_TIME_ZONE, 'system') */;
/*!40101 SET SQL_MODE=IFNULL(@OLD_SQL_MODE, '') */;
/*!40014 SET FOREIGN_KEY_CHECKS=IFNULL(@OLD_FOREIGN_KEY_CHECKS, 1) */;
/*!40101 SET CHARACTER_SET_CLIENT=@OLD_CHARACTER_SET_CLIENT */;
/*!40111 SET SQL_NOTES=IFNULL(@OLD_SQL_NOTES, 1) */;
